side_test_row,record_sha256,occurrence_index,y_true,y_pred
1,8e9d5247d15c59e1aec4c43427055221ad14785265956e3b192684da3ef2afc2,0,78,78
17,69d10146a58471fd9b41d7525b74644bdeb300fc1eabdbc8cab8743f7cf79540,0,43,43
20,5aea3d2df5744670590f70631ee2ab9e7aa8342b28bd5bdc1f4891332ccb7bd0,0,82,82
30,43402469cf7d72f4b3e986798bd970811fffc8a831f7ca3663151690def8370c,0,14,14
32,34f3338f4da0e6fd399f96d3a593566b8db2057dea9b163731630fda6ef0eb37,0,79,79
39,b6fd4bba2b262af97b58e241102c2de27b051be3cce89b66741f15189d930935,0,73,73
42,311f74eebe29cb6ef14d95b42cbbe3cacdf48b3160c9b6e31258ea1d8d0cf83f,0,79,79
50,d33e7922cd15504c9766a4c6019a414fccb125fa3ed54f8c2fb8aafb35aea777,0,73,73
59,daad5831c3f30318ca2c690e0995cfd5f42ef5bcf66565eca9ba8555de09b95a,0,14,14
66,2749bb3923b059d9c4cfb87d7bd69440e6e9202d559f106f82f0d39311532ed2,0,73,73
79,62bca3677e3b66d9f7c9cc94c8a837ff96df67b4712122e12606e5291f01e868,0,73,73
84,b7550edf552ae30a817ab7577a50a763abe267e17d206c9361f25313b4a63e55,0,73,73
91,2112a390b3c9f608cca2702c1710a8740c820069009df3026454b236bbee4b17,0,82,82
93,34281f81c6de017ab78055e9d13931aca19398904ea3318787a18d640e3aa5d4,0,68,78
100,dea908db193f26f12d07549b1536c2d550f04a9f3708c0427688ffbd2d90faba,0,73,73
101,eee783f8b4280cccfd5d0b88cd4e7338c83dac93ce862b1080f6def25d86f14c,0,73,26
122,fe7eca4a3943d736068313dd3adfd5f49f5a5ddce986130c4d178546feb2452f,0,68,68
123,a3c29a2f3c533c4a5b5e09ae3e58de4ae71741101639dcb49f392cb305bda594,0,83,83
129,eb2d05146e9a26195d9e6dc0982650647ac433fe54df6961c80762ff7a54e84f,0,79,68
146,dd2f485c66032fadab668955c3070a0d08ee90808ddda928defffae96b087441,0,82,82
153,9ba85f102843a886df5908975646020851c2d5061c93422937c89ff05b1c61ff,0,73,73
155,6f8e2e9eebfdb837fddfbb4b908b989e4dd7394d084bba8ceb75700139f22113,0,18,18
167,039ec5b5730ce5753ef043b69aed74504334d9dc793eda6b32e3e69522c3adcb,0,68,68
174,38359be0db66c63cbe7a1c558cb79d19502fe1fa386b8da7a91f0ad576aeaa4e,0,78,78
179,fc577e6e37302e719e7f134ebccd8bab727bcf1b93a3ffa551301310bebfec3c,0,82,82
181,d4661452ad2a6c41db9caab7c32865b1fcda704636e8d9092ea15a2e0c2751e8,0,79,79
186,5e4f85e8bee52192409f27d233c903d48fd756655f1deb84e70adf146e9977b7,0,68,68
189,8cf53a122828dd344e4428ca0a1dcefac4b112d8124c29f82bcdd42cd61f6a92,0,81,81
199,b5f327793ecf9f50b45568071a8ed810b1a8d94a7fe477a1b8c767423b05e720,0,43,43
204,3a274abce4cf6bd4c9eb4e01406d20c92116c5898b853d3a4db65d4ea6436092,0,14,14
208,e897e67b8f84c8ccf63edd190f0bb927f5cd09660cbb18bab9f08fd1e79b14d0,0,19,19
209,3393f900793034e482a6978257a4619f2af781ceac00d55727bf2f6d0c223f70,0,79,79
228,522f0ab87a89ff6a3497af6cdae0cd1a5689686be095aef0e94577e074b9b906,0,41,41
231,0b32d3361d944f1335a5cfc5768522000c9188aeee2fd93fb60edd28a9da72d8,0,18,18
232,fe568e743fd2832aae5abc9d62293e1da211ace76469d265032a23bb7e50edc6,0,43,43
237,023a5b9320ead0999dd2176c40a68e796243c5bd3cc51c40a4d7d31c00e4ea92,0,73,73
241,20eb5b65b03960a5562a8a7f9488c27ac238ea472831d26034a12e624b249dff,0,73,73
249,75626f81814d1e8ec30184351252e42930f2f52bb2fec90816079ef0b1e2f3e8,0,78,78
251,ab6a26dc3144ab64e2efe50fe065d5fb38947164288b35fa69b08f1088bdc3a7,0,73,73
252,2f4c8813a479638c6b8dabc98158cf7fabe2c114989ebf6ef04be3a1ff4846a3,0,79,79
255,de4f96f56200ecd61b62dcd396a9dbe77e5026dd8fab4247fb687d47bd2f28d2,0,73,73
262,0e75409ad9aa318af9d3e810b6521ef6aa1452692c123435cfc6f9b12a0d6717,0,68,68
276,0711fbaab4b2f685ada11f492b76bc9ec612fad04759074f5a7bba0473c277b4,0,0,0
279,b63794f36f9f04c99806ca81511c0ecd5a494ce056d623a41b22380c341af717,0,14,14
281,6705fe9bae6f5dde73ec8cafc970fe7ea6b012872cb28b76e38ed28cee20778c,0,73,73
286,52fbcdf22de881f5d394175fe35ea3b6be0aa5ec36550f4ef72e68b5ae2b87fc,0,14,14
288,4d61c5557d58b5e0ae18d7f22a69bb8cefac5afa02b5dead30d4c3667ceae620,0,78,78
291,62d88b482d57985e8eee61163f4a5649b1847fb7a645cb0d43d562997235c680,0,82,82
299,0392666dafd33584288dd308dbdca970503a6086d5b46d9ffb6ff4aeece58c09,0,57,57
302,6fa9716004c9d89f26f58a28cbf90dd5a8eae1dafc017c02c3bb07d1d9243f9d,0,27,27
304,17c6bd4ed9e7ced01c694a5129ac11f9bd3ab91aaca937397e5f50181cc7358d,0,73,73
324,46752540f78541eaac3c2f85bca69cfda254af07f6ef451b9a8359025652541b,0,68,14
332,fabcd68dd855912f8a1423ab719ae89fb4ec19844b1ae36a739245bdd0a0ef16,0,48,48
337,930a3ea6ca9870ca97882c2e1279009818865ad090cb5e6bb6c9a64c6c81b8d5,0,68,14
354,c135998c23c7692a7689afb2412b93b92af70231a46ffb374f85b1030bda98bc,0,79,79
362,053037d43a9500ab14273be600883521b3f37cc5e17236168829984d742cdc8f,0,79,79
373,414a0bbae0f610d21169142900928322e09b6a3a025e76fe8ddd691041640dcc,0,73,73
388,52e562fcf13126e745c56a62a9a49784f72e714f5f7cb1ac74d1f669843f46ad,0,73,73
391,523d74e4f380cdbe4c2e5eb71cbd6c9b342a5ee9ef3edb3871f9db9e0d3e68a0,0,73,73
401,8719707db68feacbf4f783a8621a05663bb16dc794796d605e09ec1401d4ca07,0,69,69
404,bc10646dcea27f46552da85a5c28abe975e640a9ee3557abb8ac18d873bf2f84,0,73,73
406,e9d5baf89020268e3e92c2f8053693221736f175c0fc171b42d1441981c29c4e,0,73,73
407,df2cd83b91aaff2f210ba80c3caef89b7c14e773c67cd4e07772167d172db773,0,19,19
424,1a8afc9e0c658c3fce8211944ee51fa9a4547e4db4a5bc0710986414711f16e9,0,68,68
425,c510afea2bc692399a5217a378e28b863ff17424502fb7e3e4e39912a50d49ec,0,73,73
429,f8ac09186e03813e60096970f12712cff4c0dc42a8a287f72929b190277a8f7a,0,79,79
438,5e96e9152ede1df1fe9a4e1fe6740225efb735e121ca56bb4896ccfaa4afe692,0,50,50
441,fdcc876bcd38798128e2d02aba6c57b376809c963baacec589263a78c20457fb,0,14,14
444,b18f9448329dfea4bdf436bb711142327be2d7b472857ec88a41c1da1425bc4b,0,68,68
448,7e7e1895bad5b5cd96401895144e13a0138e5bd73a73fc47620c2a1c3bd332c5,0,79,68
460,2ee27123d345dd7f5e3a2e49a532aa8456b22e710ead50a2428508dabeb2885e,0,7,7
461,c20bd07fbfa222bd720ef012d5ced009cc90ef817d62c9febde9492dfef841d6,0,41,41
469,78c549cad6aa82201198c13347a5aed47ce8ea9af528d36ff04c70f2394a0217,0,68,68
471,049af7068efc98191143c81d3e47acc5a7bf04ce3413225781078186f82b9f4a,0,78,69
476,e8ec8fca7d3d78dc23ea03a86166b1e7106a6c9275e67c0d684e295711fc7c20,0,73,73
479,13e50c0889edf1312bd6e3bbe9b0296cbf395d4c8dd32c8c0a27d581812972d3,0,14,14
484,4e770ee2b566d9b878484d78a54bb1cd5def60924adc908862cf41fe38edd422,0,79,79
498,ab6ef90f2b71eda929b8f32dc861a7cb07564bb625d86c57e0680c4ac2a23a47,0,5,5
501,23209911819960562b2de5af2e1fd94d082bd86633049287b222b80307e081e2,0,73,73
508,e54f858a790fc7d2be7fcc9ac23ad9de184337126dd4ad2421a672ec63d0237f,0,68,68
519,dd3c780101ceeb45e1028c0f05c29ffb900c425803a734c2a6ab5a5a5b81beae,0,73,73
524,2630c4365bb240dfd2e7efb40beaa4a05b29b37b6c9344bd9354705cd3e18899,0,73,73
527,64eb5cf2a0ecb41bbd8b789d2e8d073682f0df52e37e1909c28f1021a70bab4e,0,9,9
553,3a724d33a5799b5e5427be5be0e49cf82c3353b95f276464d79b4030f8384cc5,0,73,73
557,5398a7957ebf4411afdfe18075ffb5e6b5a8c6d1c1b5ddb75b843853b63c96d1,0,18,18
559,b8da77c8e17fbc7ea78ee94c198f761fbbcf0be9bc924c61b081a79f35036930,0,73,73
560,8a4fdc0887511ddd652c71c48f96b3c8f0625460d89b6c8a9fa0007d8b2cb341,0,73,73
565,956092c50a0c509fd81c6dac7df5e6a07e1892cb68eac0fe3819bd811805c955,0,79,79
566,6259d5eefbb398740b0c4840666b56cab75605e22aa617181debcb76252c6a70,0,68,68
591,81db478254979ce92ba4cbb9f858d0f7b51a51b154c9871db924c75eb364f4f8,0,79,79
593,1956f8ab17b51286b8215c94ecbb38efa5fc0c23dc2ced7b0e9bb275aa1043a4,0,73,73
598,3186089eb71ca1427a20c1363631a4854ed40a18aa58c8d663b017a89bf98de9,0,73,73
602,443616d1158c7a9d340dc5b4b7ae539a3c3fa2a262883eb2fdbf1c886f400368,0,73,73
604,a5b6eb369f565c7acafaa1b37c0f7212ad1df20ab4547435e41c280765203ff8,0,78,78
615,b0bf0e53988f3d702e68c3f2be7a5120dd8ba63c70eb8e0301635dc03ffc12d5,0,79,79
616,838a8c6a1b41553e671f08e586856321de6a6caf717959d47b3deece268e5538,0,48,48
631,13be4a9755304f0a139928c2bf4676fa84c231369e8d5c28f13a075bad6ff052,0,73,73
632,1177b7f85b66ce84d5319bf57729a0b8a0579405c659e38778bccdb1b3714bec,0,73,73
643,321200096f839b92fdcd172f6a49e8d5236b4fb08a5178f17fdaf1037c359c42,0,73,73
664,8204f24623902588aa26742956aad894b944e3bec02cc5b97a1f7c25a85f50a9,0,14,14
673,410cca5a95f9c937f5f3c0cb2151d083f113f4a624a436a3585304544c29549c,0,73,73
674,9b929073330c61b2207e625167fb1865655f3dd45b524e120fbd04b8e9f1f349,0,79,79
676,9e96b8c6ffc705e256632b8a035f520a9452429f3aae1ae36932ebd855f4c437,0,78,78
683,2e5c242822df2c2d4843009b91388bb1eafd9fa33f1406884a518509e1f0e98b,0,79,79
694,1c4f2681936b0608c62096425c2f9e8b4e88fdf97aed49ad7dde923a2f154ec5,0,73,73
699,9509756b8bf356623bb2d8dfb0cc85eb1d76be92ea06e480edf9b148ff675796,0,73,73
701,9fa01b855d28d626c9a3082da0814cae11bfd1041183806f4a52e00a2faa5e7a,0,68,68
706,d1eb8a439e427b370c00818143aac8f26237d995551366f5550e3c13128dcf3b,0,79,79
715,02fd2699a7b58fb7c8aa12d25b822c76ce39152fa7fe35c4a43687c9b9333ea0,0,68,68
731,767d18919f195c856231add0843bb3377866c5ffc4b90cbab86d8425ad951cf2,0,41,41
732,457018e84e1af349bcbdcabad0d1614a9dd8d0c265d63e7f7ad049ceb6053905,0,73,73
737,9fb6369f0577f0e6722cdf42c9406be767b2616f5126d756b1648b3f5700f7ee,0,79,79
751,f23605e58273a1bc3c3870ae6e1395583f427359ecee5a5f0ec2a6a60a657475,0,68,68
754,9cd10eb7643ca2cd4a892565f3c35c68741c24956b69026b80fb795f3a41de59,0,24,24
756,618c8a7831dd4b9bb5662fee326c58629fdd460666b40b54074e2bae589ea900,0,78,78
772,22fbbd35e3eae29d9633cad4f3bf2e6598a810c17d66a45ac3afd3ca5e963153,0,9,9
773,51ec86670e1848be02bc080cb6d4b9f3758cf851e65a60f94dd09753536cb277,0,68,68
777,44fed7841ba2fcb5fa76513a56ceacba7cd8fe156cebba4752b1ef5ee26d3b4f,0,68,68
780,f67f7ef25f6877b871bce9a5a65e48aae9041cf3392b7be7954bea1e9c945498,0,5,5
787,bc15ab8bdd4bbffc730a50caa4a0e5af8c099cd6c4a6ccd69476d72b114f8807,0,10,10
792,0c18b9a63704e9261396a3db4510a5eb1ea5ca0dab758b8ffda58e42de1dea7c,0,73,73
795,29d919f2c420a3e93d804cd1ffb1f65c8da77a26c69fa8e59f4a534414555d33,0,73,73
803,74dce6cd9e51b5a257893534c23a0a40078753a5a5b7797a1323d50c501818ad,0,73,73
805,de69cb58913563981798052a74a38214eff43d589993d7b10127b50d10a14b33,0,83,83
826,30c1107abbbc186fd0eed361f9d80e4a273bb9a0ae3d667b52009fbd7da8bb88,0,73,73
828,e31d018d241ff1127b81204e7e8c351ec868cce12863d77db6c0d1eaaa74b2f3,0,68,68
836,1b207c1037a45c989dbce535108ddda302078606e994c08ed373c5bd249adbe8,0,79,79
838,9e2008f6f23b5c7e445dcae33ea1495e70b81fb0d5e0449f6a6950606c426265,0,14,14
842,5cbc1de93c82eaf351cf48cf50099c5c199be8e58a7819aec0e2efe5f3051977,0,43,43
851,0ef55cfa0d4b6f6781fc7cc9dfe51264104a2d98adbed76d19f778db89d032c7,0,10,10
855,9da835a956b0a1c8621770aacf5e55311433c29329e432f514e7f1587d409aea,0,56,56
874,d3a0f5d8af907fdc66318cda248e6985cb95ce4c3df3e80f967e66a5fd0b1a00,0,73,73
902,58c520d99f6e8e616aa98eb28762a32a71465e05edfdee811ca4724cc5eb7479,0,73,73
908,73999408815ae1cb390a79a61de77f013b3b5f0b97c7505505a2eff08182f7ca,0,68,68
909,257d04b821df6d36f6af162686eaba4ad64642f1b6271a83782d000c5936ac1a,0,68,68
910,6d6f2e533d247da52859af532e4789a6a8eeea221a02c0c27e1dc64214996083,0,79,79
913,e96facc40ec531f37e8b6253beaead2499544ad25cb17f6f7386ff653b42e2d9,0,43,43
917,cafbbd7c2c19fb5cfba13804fa578fbf9b67a6c3754c7f464b395ce97ccb8322,0,68,79
924,309da6ff83fe2e5becb772cac494b59dbef90681a15ebbc593ceabdb4f5aeada,0,79,79
941,243e3d07ba14cf6e34837a555692515b9861f8127e2910e29d2a350ab264fea8,0,43,43
947,abb71a3428e15ea026b2791a63f4f58eb3d03cf0f402a9325abac01ce690cb8c,0,73,73
951,8df4b0325111b31a57f83548344e676ae229b7656c35c7f0e295435b54584064,0,68,68
959,fdfaf79f723ef61c9f7786a217377103a7756ce8167416da79b31760a67e9e2f,0,73,73
961,14b12dd3ddc98eef6d14e6aee2095b2574ca15dfd471f41f13bff6c774862dab,0,78,78
966,4f08424fff9feac4a99e7a15386a8d63c34b08ee6a540f2f9b84ac9c9a5a925b,0,73,73
967,ecf85a37c23b90b9026d4ba3999f6a7f5ac714eba4095062cb01b0c01151d6da,0,14,14
975,334b2929c15cb84ba0d650d587f5cfa6ac637e825d38a7349ee78ed0d0638de8,0,43,43
978,1d45a68d5fdb69956615a437d3fc098a6349953dd326decce301b763ae0f963d,0,68,68
990,2db7f252bb626cb52da3e4e32e03aca67dc9adc722cc373256fc3c824b4cb3ec,0,78,78
1031,65d9b8ebddd188b13c167fa61f61ef5f024070928360d47c09f10dfa74997990,0,43,43
1035,dafb91c2cb3248ad64b5efac8da02f3e831b20bf0e166524094ccac4ecf7f8f2,0,73,73
1049,63691d5462aedc590571e6eefc0ad47b1efa4d6263430c346864bf4adc09a5b2,0,79,79
1050,bcf6ac98d66a1664d3dfbde7d95ebc21f07d55c6941498859c887e84a0e188df,0,57,57
1051,50c33c951bdb30e9478ab41917391754483c371e61330a801210b67f1dab3f0e,0,14,14
1052,314ffda9cf501975c1d35cf1a63fb1ff4a738b11f748ddc8b86fd1bab79e1c45,0,79,79
1053,71d5a496820b0cf8003f97ed970c561a75706405d4a7a869344d85f57152a9cb,0,73,79
1074,b0be3d279b6eaaa93baf0bb95034adb88e08d18a2b06d31aae14c4b8afc4fdbf,0,73,73
1089,020435fe78fae3c8e9d51bcdd654f60bf093927fc96a1de3d0d4bafff96c0796,0,73,73
1091,b388c52f7fb9dfab008261b113f1978b9f3e0c2c640d3c4d2f945d67676714c7,0,45,45
1100,7e27e65e81bf322f21781559da477c87dec1634f615d4a8be4af0f5584ee25dc,0,73,73
1104,2b4ef0dff84810222add84b059463fe49679e58d37a3ae1827e68ef68678a140,0,68,68
1108,545899e214492ac4277f1aa2bedc6d26580eba9b7dd04a9d8a13a600d8ca997c,0,73,73
1112,9286c121754facaa1ff831e49aae0ee43148d6794c34c59c1a6784286c3c19e6,0,14,14
1127,379f4ad01161f0556e2fbbbcfc1cb5fa9bd4d44d020d233e9b9b860800f1fbd6,0,43,43
1142,1a3650728797f405db5c09d19c8bfd9208c31427ce32ba620cd4099091837d22,0,14,14
1146,dd93e6ee4e82c95bb17379838ea05211dde8d69ce90e0c2c80c7e009156c3676,0,79,68
1148,a50c845985f35d123315ecb5417df75c8bf0891b2aceab1dec6c31e215321ee5,0,43,43
1150,66fbb7e6d4192ebcf8cc3d23e0d77bb79dabbbc7d3c00d2bf34b48f3c04ec4e7,0,78,78
1153,8ac414319d78ad66ae1223db4d3fa7e55468d35bfd4d705ebd5a01cff7889e17,0,68,68
1157,399458f4336f2af719aabe87d39b15f6f85ca232c22883a58bcf600a79ad32e7,0,73,73
1165,902bcbcfb7335059968a398e68d8530d428b64103398129617c3d8321c384bf8,0,73,73
1167,b8462b6faf3de30a480820808bbbad8407a0f12b31e6762ab6c2692dc7fbc0bb,0,79,79
1169,37ee2715194db9c8b80411bd69ad48255abae54b90fea60fb977498dd3fce49e,0,79,68
1170,a36e5c81503992dd9070384dbca0300a19727ed652a5afa17a13b3ab816c587a,0,79,79
1171,5200e48600439d3a9789d371b35c8d61ab9ef6fcad1c00af1e2baee4318575dd,0,27,27
1176,0cf1b0a31b560317a8a0680b25dc639c26c47a6cc814ceb14cc8559ba27be431,0,43,43
1180,bf2c1790f32415f1a1779d4e9e74e304519f8f7dea79abd20d50ae49a418e66e,0,78,78
1189,d7876f8a6e8b81cf71a5a49d5e672d893187229f857aa1c0f1428b56ed088262,0,73,73
1194,9eb92f798872f9397528d4e01a4d75b67ad86f933f7bb0bc4cd5dda83d38ba85,0,79,79
1196,4bf7de098c40e6dddc149861dc34427ce7f722ab2094c1a2d48c153bea79466e,0,68,68
1206,f0d62e4c79166a833e75625779894d41d433186fd6f1e97d03e3410a620003cc,0,73,73
1220,4db1c47c35c4bc70862259d8f1c02b0a89d3e344ca8943b6aeb6d0d436e0e4e8,0,43,43
1223,69e5406dc8ca0f37985a73b214892ce62b837d6afc512c7fb5718966780f640f,0,73,73
1232,755439e67d12591bd23c2602852349ca744ae2aec5750747a196a6b148b1661c,0,79,79
1242,e9c10faf1265cbcce9ca2fbdb3faf577038f468f7f97e2300d5b7fdf8a3ac233,0,41,41
1244,c333a892515fdc5fbf5ae39a413d6a17b8ff5fb707901c2010cbfa3e23722349,0,73,73
1245,690ebf039113d3d8658d3f48c6019bd4c7daa422497f1fbd743911e25f0cc301,0,73,73
1249,b2f1002aae674a9d6f18db73676877183005ef1c85631e51d99c4e1b6c1ea4bf,0,27,27
1250,3c4f1f5fb5ff375acc5a3272312e25f063f51386b574204da4d115432430825c,0,68,68
1262,6f9f02c0e7ab74ac3823e41944f4af5609d73fdbe62ddec8b77dcd54ca563ea7,0,79,79
1274,147b53be816f96ffa32b672dd7ceb5eb3ce3e2f6000e172aba4c4886e147c613,0,14,14
1275,d9833bbf463d7bf198c1a404c2bc4a03375f962355f1c391e77e9c01de66d627,0,27,27
1285,4c84331c5803a524ddc201873628f396eabf1b025dcd2b739289e579c0b88c1a,0,73,73
1290,07b551dc2afac5eca273a9e33de1c86eb6ac00fbc5fa865f16d7f6abfbe2c0a0,0,73,73
1298,203d92abb8e89f1e0c5c2f3aa0db41098cb1a906e641016a16c0c5c27d2c3aa3,0,73,73
1305,7e5846c989c4e15a1114dd35b4dab377e8e364519dd521db88910d77563a2575,0,73,73
1308,c13f7ad4eb5ddc79f318bb5157b12f459588f03de7fd9aaba93c598801162779,0,79,68
1320,2d6127ac3336b4e0652f7e65c92d5dad23374ecbb70342e6e5b471d7784580f3,0,68,68
1323,8fcb5f3bbdcea30874898d6484756527445eace0dd801f4cf63b754c51da9532,0,24,73
1335,000191b8bb02c608e079ed7118f1e65cb9388dd6403af5b9f72a16eb09438abf,0,79,79
1337,9fb6205d2011f95849a8fd63a10a4e878f92fefd13475a40964c8cf66e838bad,0,73,73
1343,9ef8b75f024f6df4840b6a1758fc04232f58ebe08c85bdaccdbb1382f15e404f,0,68,68
1344,a1a727cebf5d9325eb049cb04d9a7879a9d223092459c7400661c53e6393b3a3,0,78,78
1359,2f471f90454239e3c62b19575d28526a5523746e4c92588f4846a13ecf2b682f,0,78,78
1363,79d74fba7159c915964a81a304b631a59d933cc59cf1428e0b13dc91d88aad1f,0,73,73
1367,e187f08235b34c44a5aa39f360b4a68e88e88e7f34ebccc7cfbfcb6f29ba9589,0,73,73
1377,d0959939ab3d3afff431ba20b0e42f2dc52b8d88e04eabe54692efca4426eeb7,0,73,73
1378,e8138872a58fbf3969fe6d273a35d8aa1342080c4118144f7d88b138df222e3a,0,79,79
1401,5c0018835dc417624fe04164a012663ef211a033039ec76951c13d072d5c7c3b,0,40,40
1420,d25cc1e03549151f1b41474454d4cc589762768f08c7b46ba3d63d2eaea70846,0,73,73
1429,78732cf3190e748425cf8d38ec312035fc0b5e86ec94ba09ce3886eded157408,0,18,18
1431,294f23026bdeca410b0a5932c6f22593c04ebf24af2ff1fea8b9d4ad0055bb31,0,73,73
1441,66b886e28776bec98ddd74aa8bf872086ae9d23d7d22c87ec97a4155c418a099,0,27,27
1448,e0d52dfead353cd21b46c613df6a52f08d6fecf2d7d12413b195548250e8c40c,0,73,73
1474,9b10ab4768d6dcd4a85cc489b693fea6f938668193bc014e0204033cea5886a0,0,73,73
1479,f6e9a78bccbeb41e56d0fb8675f218382530661660f5a22eabcb45789f144d04,0,79,79
1483,c8f9e0e425decb1b863ea3975e8d58e175704ae2caa1310a6e6e41f316a0e75c,0,57,73
1486,204ea13dce6d31408de00a558e9046c1646191415497a428ebffd4203d799a33,0,79,79
1493,0ce6643cda72bc88a4092a188de428caa7ec4894699907068916e079efac86a3,0,73,73
1496,4ae54e0c1f44617238fdeac7992830f8cbe2924e0922bd328e51e3151bdee71c,0,14,14
1499,773f2da050b9cf62eac0a3c78004c161762753064cc467ce66fe5db480d026a2,0,20,20
1501,db8a2a9b10eef80ca6f015f223910964e6404cffd67f1c1b0f994e2243afbd9a,0,73,73
1515,05ceb8856bf532b79ae78b05218a95ff7c00d27aeba4723f06f4cbd7f2c83969,0,73,73
1526,6f2b8aa2e1353f670f4168782377070985c31e2f977c2183ac24a2940fc1512b,0,79,79
1536,541ae259075013131ac5f46d9200311d08217955b158f0ee1d82a254c0509fda,0,73,73
1537,5ee6cbb05d8a1db353e09a85a1a7987244f9b501f0f6aea6544bc7c986511057,0,73,73
1541,f21e72c3d912e78bdb3a9593d225a9b7862448dc077e84b368ff6b16b39f105c,0,14,14
1565,44fc189cd9f66d9df9aa2c1c22ce24f8cd7956f04e399cf35650708afa17c9a1,0,14,14
1567,8d4a3302ede512c1f6a15c7cc1db99c9795e9411a6b5946bb4d7312f2998fc9e,0,73,73
1571,9b2ed4a7c73c470160f0b1b88a43c29ed85b8bce09df5ec00c4913b3ae5cf553,0,78,78
1572,34f5469194341bfdb619e8e052e88ec7c1324c799ca7d23ff8ca984a714aa475,0,68,68
1586,37f095f55ec0f865d9d9b3078b316c4cdb4c88551ef1dc697074be0821239a57,0,73,73
1594,0fb034f514565dbaa484cf63e34c80a71dea96647bda76f84c674f3c49c48ae9,0,79,79
1601,759262e9cb43e4561fd1f323ed06789611333a89b472a393120d8b8d18adf682,0,79,79
1603,09faf0ccf0d7746852661cc5912441f7b63de4f5b1748eaf4389d4f2d5877e3e,0,73,73
1606,6d07ec8b3e9f340c902e4f286d48254fa714e0bb69994f4c8aac3301d60434b2,0,24,24
1619,577e949a2537b9d728e3973e9eb5b4c2c0866ac8ed94200a13cce9b7ac7cf967,0,73,73
1624,993264d989626b71f5de85d66692fec19bd20c596664436c37a04a201aca737f,0,5,5
1632,a92d76fefc79cf66e6aae02ca5a2f6cc2150abf99a90e5882ff891e1259aca3d,0,41,41
1634,23ea91d9a1318590fc3e5f2210d215d24538254b99dfc2b8afd7bc285346ae98,0,79,79
1664,965463d4ef16cff22833031959d8ec5233ef3a4e89193d0b929800c1b53186fc,0,14,14
1666,3a5bba44415374a2abac363830b807382908e48b192318b5af2d73f718197b5c,0,73,73
1670,d4502c05c7fb3aecd512984d9c8e8da4fb3a93e4680d67b6be1d6a77169f85c3,0,68,68
1671,b0526aa3a0cea8abf7cbc7880463fe990c786e01312b8b079b3c70d5ab1d660d,0,56,56
1672,fc78e7643b2bbbd87e97315b712b772c9e8986ae26b931adf5771b1ebc9b219f,0,68,68
1682,105b33a52e7a7bb721d9e99229bcf11489599d2fb720d8278f4ec72e0635b8cf,0,68,68
1692,8060024188b165d5f53d46147686a448d6f55b869bda7c4ec795036f4ab39a65,0,78,78
1694,02b2561d9683a80a8d7835ebe908c3dc5ca8b54d53200d48ce516bb2a4d99415,0,68,68
1700,46aee00349935685ce2eb63ce4eebe288bf1239f2125a7111af79e4d7d6982d9,0,82,82
1702,7fcf43dc690cff1e875d6517363efaede4628778ae86a56761b70efd203d7faa,0,73,73
1708,858bfe2f2f2e7046671340b6f28a0e64baa016dc74abd7a71d296fbb5e32c9cd,0,68,68
1710,5850fd27961584b2bdf17923a9023a7d8658a364b74cb5277882ffa0fb3ad97e,0,68,68
1712,0fd1913ae213e44d6fc43977b136c9dfe9abc5aa3b01a3d06e325fc9e6f7c465,0,73,73
1728,ba5f5d33fd94e07af06e5a1ec722f5143f4875fbc4d98d99cd0a68600f654520,0,68,68
1737,fd7d3e36a82f04403ca553e35e610ff69409dfa427a3dd4c4d0c7020b3ba4d8f,0,56,56
1740,131b1cd9aaa6f917197312c7023d2f6eee4713fad1f34ce6b3c74b04301314d8,0,79,79
1744,b02136c1a4e393816b6b2d36c437ee2c3cd9e7044ddb016d7f1c460983aae6ea,0,79,79
1751,60ee2c6d37e4b7001567ca2c4ef041a0dca282f87e915bd9b39a94d764e48ffe,0,43,43
1752,13bf48638ba94c508ce1741499aa9096199dbf007d747f05bedccb8081ec5c1f,0,68,68
1760,07f181ea03396399cd21f5a31089c5b7e3e13cb1b95395df318b3413e369c043,0,68,68
1761,30e27f14c2af1dd6e8f7b18f75939b9d5cf899cba3cbca1f97f42ce73e182af0,0,23,23
1763,55460c8a762b212276f127441d7f1b84890686ab858955a266ece412a573fb8b,0,27,27
1764,1adf1becabe82c0f2d87aa116fabc7a8c95a9cb0647038442a4db7a8945eae33,0,73,73
1767,ea0587c1bf3dedcf284c74c9045e62da1063d7ee0e4e71156710b0e9d2efd453,0,73,73
1779,384e1a4a4d68482e0de077516eb23ff1186d62bf0e961111d45c6b1cf31b898c,0,72,81
1786,7e05520038d9418c8576787a071c12d0b3a9bcd98dd99d7679d13187ff2f4f62,0,73,73
1792,96f5a6b8c4e0b585036ea13aba728921026160a014e249cdbe6fa8f51d12e507,0,73,73
1798,99f45765d51eec6fd80b6c0e148ae352f60a186bcc2b6120712d24e1d8e04e10,0,68,68
1807,7ab8ed28a445fbbfac7913aa69971bae2834a8b5c98f6bd555fad1ac0e9c3137,0,73,73
1831,2cb8284fe5895f26f4c967034bafb2e532b4ec1437a2b1395938f7be744180dd,0,73,73
1838,b6b02586c03bbbb5a9b00371079ae97f6e9f6ea39d9cb8d5a52244aec3784f35,0,79,79
1844,47d6ea9bb70f72ca0a8df3214e901f3beb8e4ff1e35814790a060c20e8060250,0,14,14
1859,93f25ae6a54d1b593db8814111094cdc55309991c5856e985590c5e2caff3621,0,68,68
1862,407d20bfdc14c841d5ae425a17691f0bc1e921a998e0691af6ac8137bc54c95c,0,79,79
1867,e01e4526c75ca9b5ea3c5ef7218082df579a7c3f348a7d1d62ea82fe085bf5c9,0,82,82
1868,824fb7a33ef2900de8c41b09425eab1b75b1a47b74ae8fc1f1e8469e779df513,0,69,69
1877,81989c3daa8066ed4d0fbb68ef0d575ccaca143d8639a57cf37d7238ab73283c,0,73,73
1889,7db26b462b7c85a2892301c4d9d40b2c69bcab8844bda6c8ce828c4d971f4661,0,73,73
1896,3d4368248ca666709fcff2b0e51d9946f6ecded58e4d98f1aa28060e5d2764fb,0,68,68
1903,2f9e2cae7097b149275f343841e4e0405441f15f7585537d8f1aa577faf63b50,0,23,23
1904,0bf400459300489cabbfacc613afd6c4d3e31b6b75ed3a91f06ef98bbcd5b7d5,0,68,68
1906,859d4a3466bef41615c0ff191d9ca5705db271a072c1fce0e88d4535eaedc9f3,0,73,73
1922,c3c887ac51e1d787e54487d3c524e6c7a3eafbc6fab0e707b349c604785f3c28,0,73,73
1928,b0c6c34ef5e9bc5a65cde77b214655f873b4a401f15aa4d1a35d538201c11e01,0,73,73
1932,7a4df040473eedae35c2779f2ec568a88ce5a7ff39eaa20bd294a64a9ea3d571,0,5,5
1933,7336e242e32d7bd28ee3532421e489305a17c93ab7bae96d36c60160565be6a0,0,43,43
1935,b47cf8643508aea35d0de93977954e1e6fa9535614bb4103e4252e9fbe112a64,0,20,20
1939,5630cffef7ba6c6fe850ffd20be9bdca696e5ccd247df9a7c7960b3b4be72bc6,0,82,82
1944,53e44ce3ac08322becd3701fdc32248605366fec8cfda275d71386e6572a6511,0,73,73
1948,ecdf663683f4233e059d5503070275916e0136976873d29387d036c7ce8e467a,0,68,68
1964,4ec57d874ee3c1271fa082d88e87f4c57a93a86406bbeb9a795be317489e6e87,0,43,43
1966,3135c0986cf819411d0de3e86c01615cbad7f4e4d24ebe31074440d1a1549117,0,68,68
1985,da1b8913cd5cd848cd1c514fde51a90ece435d10f9c69055e6c11513c78dfb03,0,68,68
1987,03d6f75f886bba87bf0526b0d197e86faef169971b240367d65dc4fafdcb60e6,0,73,73
1991,7070f093f6e62fc26bf080297b81a4ec363a211282b52b0158f1c93c26df9d35,0,73,73
1994,4d39720002cfce2b34b741d816e594a75a11c7ba6b69ac5725deebd48b1884e8,0,68,68
1997,d655dd6591cb0498dc97579aedacde1957861cef793df7ff277b2d30f97d2047,0,73,73
2000,a778e2174ccf492477329b6ffa2349e6aba1b81c7f2f2b5b8b621872ae55d890,0,27,27
2005,fc60712055b7f0662a4c5a65e160aa00bb9de12e800bb22645f125c2a0de1776,0,42,42
2006,45e8df1ab373d3a56d89146f6cb5fdf8aa3b925e5996453fe041b05deb1b5713,0,73,73
2018,9635471bcf4a0fc2976d5d8e98d2f9d09755880960f49a9e5a982ada72e349c5,0,79,79
2024,91c0ce8458f2e1e8657ea4a765481977a9f35b55e55b7caa07ce9496f0e56284,0,43,43
2034,7db79240e41f60ab2e63be36bedc9e1dca940b7fc83f789cbd2851bd29796de4,0,73,73
2039,e936a298afa5452f5dfb0897210f8fbb952c8197aa01443c3012b1df755a0fb9,0,68,68
2048,dfc2b180e6691f41ae637dfa9cd35dab176f0d468b78d3e92d83165ced7c027e,0,73,73
2057,06905f81d9bf543b300be402d20270820bfc591c1e6bd09b4d48370b35cd6a49,0,73,73
2061,96df8e5a8771874d485e5c811ff4831e873065d328611dca9dc10dbbb1b07cc0,0,40,40
2078,de698397cf3f822cce92b54e095bfe06071e04595b846dd3de1c2a4c5dbdbb60,0,43,43
2108,4ce7b0947f170ff86806057607146e196d04ce65e95d047f3b220cad6dc9db12,0,68,68
2114,af68dabbabbbef7da9a8eb724e90c3527ea9ffa27c74a03a0341cd3e39a8e13e,0,68,68
2115,7a96d3c618316a56e8b5cf45d2efde83339960a16c5cf00226d173ea33d6fa02,0,73,73
2119,20331688cab4a76fba377d79d32983ecf4a2cbfcbf8ec7df46aa8316a8067598,0,38,38
2123,8a201918c3d6e89b0dd9c498bfa5e619518f9e976f1ecd529a2fe0572dfc7ba0,0,14,14
2127,65017e1a8b02491728e4f98bed37c02c4f022300c7031865c8d70b43b1d8d56a,0,40,40
2130,af3963a42511486c4b7e6aaa549f6fd1b5b33eb43dbf7224e776c36665e90bba,0,73,73
2133,11f557ecbef3f9d284b37cf1a46cd6217e1314f6fde63257bcce7575b14ead9e,0,43,43
2134,ccb0e54d8b1bff0a8ec608958637112b3a327056a7ec4b3916407aed03fc8f8e,0,73,73
2143,24e3cd8ce20dacf0b4c6c9350f5e765177aab0d18b89b4499711e71667040f3a,0,69,69
2147,610e6c4b80dff166d6e2a51537f75e1101ab82bc29aebd3417e35a98e944025d,0,48,48
2150,5fc007a3ed9fef4123fe82176713bea492e58cae5ca5cc6dde863c8900fde3a7,0,73,73
2153,cb1e684fc61511d6e5e9cec69958f8e25576a652e0b95b4b6f24292702e36350,0,79,79
2165,2d548dd7fb8a44a730e7db371c6ee7263b06da1adfce36d7761a86d4615c9265,0,73,73
2174,a891f172aeef03a3072ab160391ea691433328c66e0ae8ceb255835819c33e00,0,69,69
2184,7970ba03a31a2cbb32dcd59d69401a5e962c216c37933abd9c66b542f1b76fe5,0,68,68
2188,75dc0596d5cc2209a52e4697986d4e7eef8be7fb44b20ba6496175f1959c607c,0,73,73
2198,93dc8afce674bc612cf3e187e1c52148947dbb2bf6b9a99ed17cd0706a2b31b5,0,73,73
2199,65296cce6d4e07acec36ebf31792e162bb213977c3ef69d60dc468db7305ab27,0,14,14
2200,ce80ccc79382c62dd6170820f8c5fbfe3ac938dff10812324114a071eb621d4e,0,73,57
2203,4644ee8da53dd27c1dafc30601ae248df142e706f8444861ed014e310e2aa926,0,68,68
2204,b9a37d1babc8f11ef01b5f35990b727200cc756fd9b696afcc06b632c22693fd,0,82,82
2212,db47827581ed4e9ec6d17fa34dd783d18520b998b04aecd6ef96d58f4e0d1026,0,57,57
2226,2da48ebe546f9e339016ad7a04ff6a8d804724aeca8fd9039ed914e9ba09cde4,0,73,73
2234,9ee0dbf2149bb447b5c163c9631ee7938a458b4a489b239e779cd0d5148424f8,0,18,18
2238,83f0c4c395b97f795179ee8f3fc3e91b85de33e3a89b5bf8ffc62ced9f9de5e8,0,68,68
2240,5035c5e9ed90105e83dac98773536fab1ebdbc7c73513aafc34f200936dea30e,0,56,56
2246,f28ad9e4d2b2375dd973ee239b8e0358cf5e07948ae1d03552eaa7cfb35058f2,0,73,68
2247,105c9b50c273c70047860e4c96f2679ddae97fc55857f6bf5647e9d206e1b93e,0,78,78
2248,c73b88ab004510f97533ef4abcf394dded4a9919bf356ccd1c45c0d8eac2521d,0,68,68
2252,5fa9a6967ad70a774fe63f3b53b2a3f767884112360c8087a9ad3d45d215219c,0,82,82
2260,48ca895d79fe8fbaefabb8716d313d626c6517371dd10cd6abe532fde5aa1299,0,66,66
2266,6c92117418406cd727b780136c4d9214c26cff90329e42ee93e09586d783e85d,0,79,79
2272,a9e31cfbf89a5969d90ed26f0cd095c5049b243b4ab31d9c522fada97b5a16d4,0,43,43
2278,467b2ef4625bf3e97891586d7574c6466de7a44855c031a8dd914b501d40d097,0,27,27
2285,3ae05889df5cb5c4f481cb4310c8639cde626fec1b1afc4161a27a0d20e4905e,0,73,73
2289,9e22c89a616f2f2ed296715b1551546de1efdf3d94813c6818643a566635c6d9,0,27,27
2292,2ca043a7bbd2cfcbb6e9787d116b5ec6e45dff473165a921317b3166968af38a,0,79,79
2295,b4414f302f76b79cfae675f9c0b3596958a27740ffba01348ce6d4216e7f177f,0,73,73
2298,e0422b2d24adc6489292a8f8044d94e613aed10c76ca0a5ff01b063b1d1c1727,0,78,78
2318,2db266c1c9e085fd46495559134a2919ac183257e114a311fd48449ff40945bb,0,68,68
2331,475f7ff55fb10d013d660b884c298c4592605622238cfa97611bb4903c3de15a,0,79,79
2337,40d2e1c038ed1e86e131641585db863bb57c7dcb2a69562a8ce67eb65dc1d3c0,0,5,5
2341,327fa39660593da5f04a86b1c9ba7765177a8d95748bbad0b378dcca081dcc3a,0,69,69
2342,6737180da7e18ab3a0a0f0f7e8a5543c99ca1a3f6ea4df989ccd14e6530c30a1,0,68,68
2343,a2d94d05d05278b8d0d0f177f7600e482015d14aa42dbc45ba526841968b05d2,0,82,82
2344,bd7c6c73071800099322c3f0d300f8e3e0e2f774630225e02fbbf423f9464915,0,8,8
2357,652309be3f42991255630f5c195aa02560dfcf5215a68d9cd37b3acc3386de78,0,73,73
2361,b17c89046c723d85dc852dfbf5b40a142598ec2a87441fdaddeddb4f8e95bdec,0,14,14
2363,db155bee810246f2387d26011b254392371929ec708849963dec4e02c5a27375,0,73,73
2371,4b8b0944cd2c538d3860ebf83f2cfe36dd1df08a84089980007cdfe771261678,0,73,73
2398,0953f28cd3b0e741e3028534385d8784445fc7a61036485eb23f114ca6386f9f,0,79,79
2402,950208e3ca747ecace380a29ff4871fdf019ac02ab43872c23818c455a773895,0,73,73
2405,14b77da66b3b127224ee9908cf7e895a35175635ada49c108eec44c9a24fbccf,0,79,79
2410,da2c118cfd3abfdd001b2239ad8cb06c4be894a7f1952f02805c169f9dd17a37,0,79,79
2412,adb2dca5203a3f48b31a443889084daad28367781a683f2333b6f0099e22f79a,0,9,9
2422,5a76f1cdae9b94536c32faada592e138046b8e19b52eec86ff53e163951a3598,0,68,68
2434,c2d5af2758a6984a1cb668089098d33f72236fb8b659412fc5e5d2dfb359c9a9,0,73,73
2439,9fd79bde3c953c09f1af4f64ae83b3b6dd99ac2c9413f320fc0a0a4f9f12d544,0,73,73
2461,ce92f9b1040888b0be43944dd31dd3e737d1230d0b54116a01868327263f9830,0,68,68
2462,f6313c83c318867d2f491d410a7524eeb49430e6899646eb0dc5d007f2b39344,0,43,43
2468,288eb9456ad7d0f72cfe462361195583b04269a8b134950df30cb10c14f1d51b,0,68,68
2485,c1460f8edf86c1b01929b01be7c4b1a5a4f135c0c358d5a20d7be7e20bacf198,0,73,73
2490,c17780fd9caa48a2f6e8d2042e4a1a1203c3ba160e839576f2c0f2f57e43832b,0,79,79
2500,62ec3cc1dd02a809a8afc2812551aebd3336a840f0af6248750ebd3ffc1c287b,0,79,79
2503,0b175329a246584674616418c39d28288b7bcbca36b36de53d51c9daccffa567,0,73,73
2506,9aac538a20d59d45f74b7315b787b704f327c01f07dbb425ba8ae81bf9a2f3dd,0,43,43
2513,4335598840eab5bfd281e4d710a9a8c6b7d96f0cdd6d7711ff2595f36a233e00,0,82,82
2514,43179c74d09f74f45c6df809feef59f38fce6015890a2a169ce8537f2c6ce765,0,73,73
2525,8668bc19cd9033876aa523393dc663d0103bf36c0963a8224102d5f71bc66e9c,0,27,27
2530,012d7018f33a17de32cbc4a26ee5266e45f0463150eaa08620c6458d871d3d12,0,27,27
2538,abbd32166a3375a7110e9940261669426d12871384065d1bf2dec947be0a22a5,0,73,73
2542,be7f9f62916cedfd1304c0543b0e6575d9246c631cf5c5567e87da8557de3792,0,73,73
2548,9ab66288629a2d8ad907d5bbad2901816825feb69ea9d4decf50f25c2b4dcba9,0,73,73
2551,d31292cd8a9ca20abd0e182f1ec549967f389b3a7d9706f2938aa76adfd1051f,0,73,73
2552,6a3d77c008114700d774e6ada3491e55f1eb871576a815b2951ae7e6292b2638,0,14,14
2555,ebae16a6f8b7e5750bc945d6120c48bb1b2a59c115fb5b5c12378b7b6b2f4f88,0,79,79
2556,381ad057d53e74cac74eaa36ed2ea90dac6c77a4a030ceaf02b6935d4d75b448,0,68,68
2562,0fe6bf49fb8e2e1a21094b2cd0f786d2d44737cc131c9104193a90942f9605d3,0,73,73
2567,2032e3d25f010e5440f482a2e75c93f837625d761af72640781d7950975c5584,0,73,73
2581,a15dc138cef198f354c6610417c2b35844ea41ccff34b63132d19eae66c98349,0,48,48
2587,c37783b6878854040413924563d408c5b6bb96fc5ca5c678e587c83b48f7acf4,0,79,68
2589,76f0b75b1950807af647f0bbd78f9092c8c468892519718e3efaa4f932c1a17a,0,68,68
2591,ad7a71df9394b792dcbb0911930552023b68e105533dedfd333b2939b36f1fed,0,73,73
2594,458cda42a901e1e8114e1f3586faa0554b47874d4e2d8bd6ea4a7abb8e8020c2,0,79,79
2597,a326837f6b18757ac7f7875220b96b3dde95b2109920e91574b021548b481e75,0,68,68
2598,1537fc3de6b494ede70960ebec39a04b6f5219def73bffc2ee19d32fef2b173e,0,52,52
2602,4b7ca00ba99cab3efe30af1ef80224e688ee20fa1fbfb22a351310ee4448a387,0,73,73
2603,60709d6509c1241c36c5c9d5af314a93d45b73b9986b6bc1051665dfaaeb6e7d,0,69,69
2615,5109dd680dbbccefb469f1b92998a0080540e24599ea705ad9f8b5390ac23e2d,0,69,69
2626,80adfa10097bb8ee70cf063211f49eec26522eb07a829537823344b0c7a9daea,0,69,69
2627,94d38b96e96139c7e25fd1f8e4355b0824a0ce6853b3b7b132b48635281ccad6,0,68,68
2630,4d6224e40f2e746913defaf22f73fc9e0c4486f1ce07d9d1f8757a11207bdd66,0,43,43
2633,ac3e3616e79cf3c2634915c8bede3ec8743101ff6c9e1906bc44c947141657b3,0,78,78
2639,450ec6b46c131c3c3a86edd52f1336dd4eee768b0d2a46f634ed01ef85859d33,0,79,79
2653,7feac9a345d45efb59b9d2c213dbd49ade7e8a179b953a5a38f162a55927917a,0,82,82
2654,aaddbb58832f5ecdeda8e9962bdfa548617cd5047a669c1dbc8497b23841f764,0,14,73
2665,5bfe84c4260b4692d08817538de0514fd62eca2e8b11b6a723ee5585f0ec7c64,0,18,18
2666,76f2881cd8e34909c7ba63a6eebc785b120364beadbee512cc15277175a6158f,0,79,79
2674,dab9abc8fad86bfd962f99260f07b0f35c79f0bf5e9fcb3fb15b5b6d67cce818,0,79,79
2680,662e72004420788550e1f0081b26a23abd99eeb4c3770fdad39592a138d7f10d,0,73,73
2682,3a489a18546046511d4f94e3a52b88efd664cc71e168e0b3c4f6682478d501ca,0,73,73
2684,b293475f4cfe023a08379c3ab280dc863196d3d2c32523aa7f5fd0bc7244a8c8,0,68,68
2696,afe6f3c26d6c887baea5216d3d48c317d7261889dda1fa4abd474ef76cb42d11,0,73,73
2698,6555ad6532e110940d71718fce06f00bbeafe9f662e8227d19a9d679d7dcfc97,0,79,68
2712,a80410213d35c4e459b6f5bd78d443d54cdc657b503f44949b95dcb6ae7407fd,0,78,78
2726,199815721be7618eb9bdb5671eb394e80f6450976122ef41540a8e8ae0508f9b,0,73,73
2733,68f6cd84415b4a2b6d3c8b67b88e457441ed7d1adc4b0b9bfe92e6b7db8ded27,0,82,82
2735,7b2863634fe34dd43ea49aa0eb72be110eb400ebfbb60ade89c8286bc43466f2,0,68,68
2740,d68a636688e28723954c37dd2bb2a0dba537be6c659384ebaded428bc71106f3,0,14,14
2745,bb9fcee5f4f9487978ceffb2b00c070e202d3e0f2e002ee01b404e61dc254126,0,68,68
2752,3d6f173ff325b3d252983b961ad529ed212979cc3da3e085ea7f400a55921184,0,73,73
2758,d460993ee9f75e429264bcde6f32794f5a2158def77fa3813210de85072bcab6,0,27,27
2762,72b93706b5853174e986959115d3bd217223fe114f5654dcc623ad9f6de5ef18,0,22,14
2780,aa89435e2f04a77a2775d64611cdeeb6c62ae2b148a1184f2a801aa391054d1c,0,73,73
2781,2e1e70c23dcf5d53d417358a55e032ae001a201bd2f8616a73edcaf3adce6834,0,79,79
2787,7b5a1c2731b473b3c2f5767d6b3f9905ba29065b319bb193d53e10ea4bb72a37,0,73,73
2788,7719f929ed473798b391248143e4d1885ff9029c4d5beb04b275f482bc0214ea,0,11,11
2790,61106a3f44d83ef5a9fcf34365effc4b8244e22dda9bcc40b19b4eef9696ed67,0,68,68
2795,cb0b474e1d8722e23b0437d293485211defb68a107b44a752167900fe94ad530,0,73,73
2805,5e7366171f50d75c674021ee4e2ef60934e8d14346b659d140e1dc8754f09fce,0,79,68
2806,e9b28ed16e8ed6c086c007699949d574d4ac46f7a294ef829fb10d26aa1f9c59,0,73,73
2807,acba3ed6eac973fea333cbd3c144e5de4c8a4f3476130985cd257ae8d8357aaf,0,14,14
2813,9e9ec3a96695cb88719e430c8a6b7a9eb27ee032e77e2d48b7490ed035d8a57b,0,79,79
2819,4e4739fa5791267bce427e3083116d1f84ef125e8359c2d344fc6e6cc0eb2d55,0,68,68
2820,d63c6b7f34b193c5e2d008c4aecd56ddea652111bad27fc53c23aefd1f611d04,0,14,14
2822,94bcada3f3936d8d39d4047a255ab411d4dba791469b55240ad270e083bef1b0,0,73,73
2827,213a772f670d0a9fd35b93b7d988b3e8c050a9f275b016c14ca5374d3dfe720a,0,79,79
2829,35f6b0ecce2ce8982e8761df7d295a82dae117bddbea3959ce860187a2e2eddb,0,68,68
2838,bc7f3fe9ff9fc54c5c93938bfb08ea97ab29a33a47241596fe87050c715109db,0,73,73
2846,52de6f776b975048cc3d5e271593d18ecb3eae0b7b6117a0bba6b28ce1ce393a,0,79,79
2847,80690cfd723f8a9bf1d8e8f3d2465b5eecdf0aa017cc27c7cf3756a0095039b6,0,73,73
2867,19d674bdef1452eacd6915dba9a47b67e0cf0b0c6337d15e04f6db25a3429bf4,0,78,78
2875,9f98074f82e90fa2ff657f8d1e59b56054fef9f8958a55b0bf2343724ba211f7,0,73,73
2879,bde86c9624877428a467fdd2ea2cce70ae1cf95140c4741401acec916cd6a120,0,73,73
2883,31ff1f1b96bbf913d16173d4dfe8acd5cfaccafc87b936e948c321a2fc2b187a,0,14,14
2897,a34a84b1b318098794deb0ea6e6de8fdf2d5418410fdbb3cb87615ec7d2eb328,0,68,79
2906,bb6d8328bbeae2a973891a65aeca659beb11020e1fd4e1d9ef1b53b3ef2d0821,0,68,68
2909,1402bfa67c6158b4d14504a2e95652e00811058149ab16a048c93ca19bfbdbf8,0,69,69
2918,c9660367b9935942f8ab7384a003f26424e8aa2e013c9a47a5003b3bf4ea156f,0,38,38
2919,a6c156d72355b5a2618d1b248bd2d783459cfd66540862f85308d299daa33e15,0,73,73
2923,0fd5df2ec50f01743bcca65e0f4e342537d0b08b76f490dc9d56801ccca9ea3f,0,73,73
2927,99a05707ac63308face7bbe08ee9ccfa75b7b0b820fd09a48e1720d7acca17e7,0,73,73
2936,c7e329ba050811c8cb457785dcfbdec655093f87ffe48cd542952a5a309195aa,0,43,43
2940,bd8419e93b5a0d15a7bcaa44992b04193718fe0fde714da8cc74c6b0063db430,0,78,69
2952,cb175ab2474dd5019ed5e7bb74d8f9c96bec913905f172bfa5426665fc984b26,0,68,68
2956,e343d7c47c8fb618ca980ce8ee764b226603a2025b633c11ee6fff5f683bf132,0,79,79
2969,718eae9b30b90343da33a0b17333b3612e889186a0bc27b0351e8d8532c8f16f,0,82,82
2974,0a9ade275e18dec13bf0cd60e0a11ba0b36eb37eab41edd4db5a778a8dc5834b,0,73,73
2979,d260a7117485c582ec5bff08ad348e081438e924fe5666f35108fe4fdc0f1c3d,0,14,14
2983,6853b0871f91345465542f17628c2534341a3d239c9ad8b540fc7aa50f79604f,0,9,9
2986,df9f4e0e73bdf573df1a64e0ad4362c39616eed5ce41089ec71b64225605b367,0,79,79
2987,23dcc469b77d3ae41d88f614d5dfc360760e7bb0da98f4ddbe0ae6055d5b6b2e,0,73,73
2988,052bdfedc3888dbd01806bae75e987e767d7cd8b9ef9ce5b643711fba44998d1,0,73,73
2998,e01b6be02ddcea84a86710d659b7eb89d2b0862ae97d70c44f51e829933700d7,0,82,82
3000,247b56cfd595fb2f885b2cbb84e4bb3bc134570434e0fa65c1c85ec31b51a9e9,0,73,73
3004,2b63f4de30ff84e7361a2f49ab706b5b9d20ba1450d1b4d143546b6b94ee1aec,0,78,78
3007,0765280018f6581309586d8507265db277db17a9719f598093f0f31900de5ba8,0,73,73
3008,c20f2ee9acee5ad2b8db792bb1d7c01b6061236232e135424fc1ea780aa3257f,0,69,69
3017,97cf1d25a909a42ae4950f948846db35c5d904d43d758e1f410b61120f3ef770,0,73,73
3021,eadba26baa5e1243dfbe81fe0bc23d88a2fd654c5b337371fb1a0f807280a452,0,68,68
3026,996768c8decae707cf4c3198d632e86f02cc0c4932a061e26a2191fefad4fd7a,0,73,73
3038,650d8e088d316874f8998c50ad207acf1f3d057e4fa6d196437daa2bc0c9615b,0,14,14
3041,1a8913579d7060592977ec1ae7082ede70024646b1a640358f116f287ceb06b7,0,79,79
3052,da0125891f7bdebc0bf7829eb2c6d9c9c5e0fba02f2f8c6f1457259abef3e396,0,73,73
3063,1f35deafd60724ee1d180897a7005a568a650c623fdcada709c1b0f6f98d0392,0,73,73
3066,b039e2231515ddbc98ceb4147c849e735ca2eb8e0416aecdc3a1f5640d2e0b48,0,73,73
3076,921c5d09a55980a4caba11108fb6ec9458407639d7c2e5d84e7ec43ea31e5ed8,0,73,73
3081,f5684f1d3d94470f1231c518d3bcf483f470bfca95f171264ff2cb534a757b00,0,43,43
3082,50936b462bf48d361738ac972ecc4f33f84f302a1d6a1b88b42d24a5e733f9ce,0,79,73
3083,2b2b581ec5955c1553373ab09e820c87356b76863600694b80bf74c98750f472,0,27,27
3090,dace644c456cf5aa437b3ef50752b26682598aab89379449df7ed17421d1341d,0,78,78
3102,ea8b3a224b9a5bb1e64612473e985466eb4f5762616b6cf4d81d335a9da4be3d,0,79,79
3106,1c326ab41b92c3b2e2341306b13ef942f85aaac41daf7cbbee9860beb538dd65,0,73,73
3109,c54ef7a7449b802c81284cd772589045e6457ffe8d6116eb8e76c0e8416f370c,0,14,14
3111,4251004bdf8bae8b61b12c02ecfd836882a4e177d30cb421316890326b06b60b,0,56,56
3127,b015e61dea63925ca307e2a6d04f3fbd39ac4d48375484b91465a8713409bd18,0,73,73
3150,ad03b3bb851651777dbca53d3d0aef0b3edc83af3130a7e0e6998c88a18133e8,0,79,14
3166,9341cf89cd2a1ec6ec3d9b22fcd23e80deecc4095dc78748368890116870b931,0,79,68
3177,34019c4f8929e905c103cf0e5f4d422e380256b9e0ce8859ff07f42bf4e84d9c,0,69,69
3178,1bf593294c9b6ac0446066487f087af93762dd7f908664d3eed9d6202fcb4104,0,73,73
3179,50b21af25d2ed40b84c2d95b7ea3c4900a0199300c79614d6463de983bef2d34,0,41,41
3188,bde034db80ec5da5e5e458f150c9a0eff41951b9cea54e34e7ba5796da1c1a19,0,43,43
3191,d335e23d8cc7b9222d7abf9010dd9af19a3646e8d27f80596c2e3583fef80951,0,79,79
3198,926ecad9ac43c9b913240ea5d8027d90261792642514d55bc22bf96f748ad7e5,0,68,68
3206,b108a6ae87c96720f163723cfc6cde9fb029ea9706663b9470c69755b4d983d4,0,79,68
3208,ff65fdca7acb540ee1a89b94ef5fa5c43d6cbceeec2d52cffed7024d4d98ad40,0,73,73
3211,29e12060e8cc999f5cc7d4d1b0b5a68bedd5f7adbd3486c7dd3ff254a9d017b5,0,27,27
3222,6a27aa399aa98b4e73f997cf0dc6dd49b223a5a6b12497f43665d94aaa5f3739,0,24,24
3232,312ae5bbf51d1ed66b30f47368d4380db6252b72d8f9ce8318af1912ccb26d0e,0,73,73
3250,b800f2ab4544e91d6a319d1e583438993a59b2b72ae3ae0a06cfdfcf647deb04,0,0,0
3257,9efd94dce8cf992ebfa40220869d72d660dd53c3cfa54b010fdceb3711e552d1,0,69,69
3260,4d43769a96bb44a1f2ac581caa21b28f8d89873a38facc4b7ac6b2903d1d564f,0,82,82
3268,95bc121fbd0a2e86772146964d5860a171b93fe89f3f11a4471011d847bcfcf3,0,68,68
3274,5a3f68bab8697b6ed9f8671f556fcde02c43352d254a68bc745c1d5dc11edc21,0,79,68
3278,feea3833a7b40a0f4e6e0df36461d5e02acf94cb9446a0cf9d1a161740272fa1,0,79,79
3283,28fb59cefe799a599bfd22a304ff93e500535021985cd896aae08b05ab9020ff,0,69,69
3286,6c562d26b01d924e7a031417696bfc38d28eedc51116edf88c758bc27ea906f1,0,62,62
3305,9b2565b9b89ba6a44db74c94cad8941c112d1e2df97b9a2f447cb1655f45e353,0,79,79
3313,39f43213a9c4fb0b2740f7fe415a1c1dddbbeef9be5147defa4b3face5bf4c2b,0,73,27
3317,66000166e5d2fdf8f70e5b072b9a5023570206dbf9af668e4acfef66a7652594,0,14,14
3318,ed40a77b6adeb465a242d1b99c37f3aa68251f4ed53b78dd017ac366ff2fc37e,0,68,73
3329,43be3ee54a843fb008c35a8b534ec6c66d131ae5c00a946c1d4ad9826d2776f9,0,79,79
3331,66d7a10af14650cac74b2088f7580865b826599c1739a4c85a3f6b541247a14f,0,69,69
3339,278cfe83a746d2670f3b92a98e2eb7704fa388a2c5c8c8a70b0750d601b81b08,0,73,73
3361,fddb813ab74fb3be09962cf5b65361ba4cf1311a42fba819272f0cfe5be90270,0,73,73
3367,e55dd78ef905199324e4e1373abdee6cbe620ce83422cf2cc4ac31a1382ca396,0,73,73
3368,2d1bee6b39d0f91202361c55a9db762ac1feb8e797fe7cf66661d1bb7548e396,0,27,27
3374,dc289edb84f288c23203a654f2df194b43770e5557c714931dd5d8670c9bc6c9,0,73,73
3381,e9ce4b592933c77f3dbb69c6ee2a4d1101a7b2ffa9370f46a6145e2ca312fea0,0,78,73
3383,8cf31605dd395f3cb29a839f664661bb336220086f30de621826b23050ed96e8,0,40,40
3393,bd02d5152a47d165100e0b1aaab422b927536a4f0279f27e56f5c457e165a0ba,0,78,78
3397,0fdd672a8358b25ed2e395fdfce3524894d7f8f75d761e92ea035e7665c1d00e,0,33,33
3407,8883c3cf45effa172b95371aa9f83c6caec915381c0420f8b4d3376a0758c05a,0,14,14
3414,542634faf31092a9993c25dd8bacb623cc37e2e88eb15b4487342c8b2c064dbc,0,79,79
3430,94d68a3aef5a00a11419eb7c97c4a869731de9d1a2cdf8b4c415aca2877e5732,0,39,39
3433,37b1e21144375bbff1a0d02e54f51a59cde13a9306ed52b5c1e48fdd86d051fd,0,73,18
3435,915dc9eb78fc437a369d18ac3ffae726a1d068fed93cdb68aebaf987c902f524,0,11,11
3437,49dfd94b238ebac309310f9b5033b574514357831e25b461a02953d23ac0a7cb,0,79,68
3441,3120e238a8ef6fa56ba61ce2abb9851510e3d0797c407e8cc24d21b14367dcc1,0,69,69
3443,d5add6c8934daec14b51d6cb3bc38da408a73e3e9b2c1e59229ed0ebcbb98b55,0,68,68
3447,0512757c69cae77cd57145c5f3225a00f9d48dd29fcd57432a0e899524a23083,0,79,79
3452,631cb24058c0ef995f64db8a52f8f5f72542178f56ce194fb6ce44b478fca2ba,0,73,73
3455,9848895aa7ed7971874559f23772728a58e4edd0c9cf1eaa6bba2fcb7985745e,0,79,79
3464,d5931c81b4109a1392836937e5e0fff5e92900adb5912f80d49482b1f3591be6,0,79,79
3471,bcfd2eca7aea438b039e7317532fa1b7460121666da47b5ad2bf23b07a56f41a,0,73,73
3501,40831a091a4e5360ad69138fe8429d134599dee40bcf6e98ed1747792e9a06eb,0,40,40
3507,4abc5f9cc3daab88272c6d75370bd619221f25bcdeda85af73e9c5bdca8cca2e,0,14,14
3508,d506c246c1ce444c554b62a275b2b0f4f0d09175e8aba26036283cd0d779cf9d,0,68,68
3519,853004296dec800d30dd3a6b5b3ddf1354d3d2b70bd93b8249bcad204f5d691d,0,79,79
3523,a56c4f234470d8410263cb0cbe9633594e2a5facd5337a30a366739d511414a7,0,73,73
3528,71c140ae87e649aff8c1669426cf15e745ebd7e7209a8c3ebaf56e6027e89a61,0,79,79
3534,d8192727216802df8d1f9c69b9df821ae1da0b25ff2ad5144803574d0a07d3de,0,68,68
3535,ae1c00a37cb2715c417062ae31e235a1ce678d546ae50a1fec3101fcbe0f6acf,0,73,73
3536,dec1d9fa239ab0f72e7692696b96dcc19bb7971eb5a34d0f3df331dbabfd2b92,0,68,68
3550,8bc37ca66036898761d72ee63a5ea739367c97525625fa6e230e262fdadff437,0,79,79
3553,139c9cf9c08e5f712431a57864013d9023b85eb872de373304ca9084d892c63a,0,14,14
3558,5e9cf8c6cb0dbd6680f378ae63cf47af954c5e46bc0094d03ecd96af454bdaa7,0,73,73
3565,dee3ce6e5c1692628e401e3654e038a1d0a133a65abc9090291c7f3a6ae576b7,0,73,73
3570,75837e2cbe575d09ea8cceb1e201274916a28882677f19d3605d6709a4604032,0,49,49
3571,8dcdf1d30f618985c5650184e01a066ca16385495af2b0af7305ded722d2fbaa,0,19,19
3583,7c9587dd20c2925a76590f274253d164bc4fc54b0e5870d400c3d3312d1b8bf3,0,73,73
3591,df6817c841736d1f9d54f6273e7672e9e9ac7f2760201d0f197dbc9a3eba9caa,0,73,73
3596,4bf4e759994313058b3396d31a06914a404157ca79759db996df6d235371a6e9,0,82,82
3599,327e7f191d378dd7b14beb84845827b60d44fd30e593e688f3e8f3493a857e77,0,79,79
3603,fab52160b5bb6d89830c8b9155308f8d0b919ecf3b6ace429dcc4bf73294268b,0,7,7
3634,e9478df92e6237df9f1bf0d6671724c6d6809b36e878a586067ef555caf839d8,0,73,73
3639,f1dae5e976b6f8053370b61d41a413230b712383cccb9a625e019cdcd7c09acf,0,73,73
3642,41e0f97da82a7ef2266bd72267c74ad54ab5b955516bb27eea6f13809ac36871,0,48,48
3646,9676e6d40a5a7e985493616a5f490bcb4f797c5a39ec0b51fe746b780758b118,0,14,14
3648,4e25cf695ced843a318c6b792685637022dfbd23bfe661eba52c70e1dd83c7f9,0,68,68
3651,a494b841c8134f070721bf3f0d1403db1130185063abd359e6fbdb90a93d4e62,0,9,9
3652,5c26aa1d9f8a762ef803d87897cf84a06fe5ee372b58de3961061a7a1c8a3d8f,0,14,14
3653,bef8fa2570fa0b27b814416e7f1cab4fba0cf37b89c1eb818d735c3cbb34e258,0,73,73
3655,4c6afc957499ff4488689df1e5f20af370b468f542b29a07edb7f6997821394c,0,68,68
3666,58e445c24274dc487887c396d38707f4c36d11219019547c824520afd7232232,0,68,68
3674,164c98425b1084c35fbbcdf9da272d0ed8161a0c61b40eb9a599536d097167a4,0,79,79
3675,a9a7e39b14354bd79f4957915157fdcda0165e3dee87181f920c993cb58756ca,0,27,27
3678,70c74470650afb5a36315f1c836108df47d7bc307e81e5204a08a19724eb0f0e,0,79,79
3679,8bd28f00cc8b56905248d4f9485074c4398a9ff875bcf3636f459235e425caa7,0,68,68
3688,22aaf1eadbb560c7b1eed09980defed730b96092b5031b44e9e35e87d3edfdc1,0,79,79
3690,7cdc325e9aa3433009b7678d324fd42c68b3e195466a0d0d563b3c4dcb3c3981,0,68,68
3695,4df6362591792a73b464d75ae0f4198e44b588cf7745b4db20c219606642e745,0,68,68
3698,d5439e964ca3663c007ac97b1f469ba83488b3c850f066713c9b965573e63beb,0,73,73
3700,ea167be5f4ae34512a0942a49c4356152e5582cc4df892b0feb17e2065064e38,0,68,68
3715,3a5053b4b241c5b3fbe7802de928bcee128dabb12d4f89e29891a6bc0d6b2903,0,73,73
3716,6fba7248634e952d1b3734c59d6e4a2611b22129adcd7c9abf46283caa5763b8,0,73,73
3717,a2142c4c00c1a7b75ceda5bf95a098b0ffe044513f2038da98c4999a37258292,0,14,14
3719,a391df0011e3e0b1ca613d60c9ff6c7bc5448340f7c0e830ae35726b2e8c8a76,0,82,82
3724,321abfca6f118d14800af533fb2ab20fad2987e40bdb0989b39462a62a85f954,0,9,9
3730,9ba52b7e039d9d9258671fd5662bd67c3e6cb611c411eb98ca6899857acd0dda,0,43,43
3733,c4ddbda5bf8d769e5bca86361373b92ea099def724ef5c04ea6842289a097a55,0,79,73
3756,937c27444e6792936cb7f6f4f2fa20c49e143ba3cfa600c8761fa5018d9a27d6,0,69,69
3762,764d306a926939937a73be03e3ad4ba05ab8c60f67b9abefab11f44c54ec3809,0,68,68
3766,c0bf704f9f861f1d5f688ec95624767d20b4c7a57610314626d641479f6345e4,0,68,68
3771,8837724501b08b58990593c3c02312de912ebaf191a4035873bd2f5c38da9e80,0,14,14
3775,432a6b266499729a5be7cce42c7f3b93edda6ea9fd7e8577a70c8d8e37e7049c,0,68,68
3777,ac43c97846a9699973df0a8cb4764130373732104579f991a6a9493695c0fa52,0,40,40
3786,a122ed5106a3610f9d657956ebf603d178e108af857f581e15247af14653fffb,0,18,18
3795,0f6c1ab1b384185883a53868b61cec8f950b1c08d62879bb229ac7da21810321,0,27,27
3797,0a34a32c3012215a3bd4cd94a089a70b69f7e6c08e5e4d961d73c3daee133ea3,0,73,73
3816,d017ee0e066192356d71132136df89743024b0df1a295e649dbc99991f6b5128,0,79,68
3818,d625947b8aa1a03ad43eb7ffd259b546058c5e0b153d77f76ce932590019bf14,0,79,79
3822,9e735b78851bae1b87b829a337124b37d730230b33cf45c770621ee6041b5a6d,0,20,20
3830,fb872073a8c6537f827d5d0cd75d062e3e1a55911edbd84f63e7763124e94802,0,78,78
3833,4cb48e2f1f8238a4e092bc1ac51cb32e0f9ac77398fee42d104ef6a5d5f5e00c,0,41,41
3838,1f658d28fcb64cfdccde7043b1fe6b927516a22f868b4126c21ffbd7586476e2,0,73,73
3843,56f81c7efe21f1b6496e542871cb003a1975b1dc8cb36c23bdf86d10e9e2a8c0,0,14,14
3850,80e9c6e490ece956fba4e4fed5928dfdc9e448e79522451a4150363b5cc48229,0,40,40
3865,239e789ac2fbadcf624a09ecf225e7f1a911e0753d25b9a4b2fb359faa5ebfb8,0,68,68
3873,946211eb4bc6fa8520ffa445aa8e4f2f21bb2b0a8fbf6b90bfef5c0624c84ca1,0,14,14
3880,2c1183746c2a379d36f67628054b99a9a76013b6c90358491747642a6f47a7df,0,73,73
3891,f078ce68df246668c7acf563df69db93d6077bd555537cae0c72192d3e87c9db,0,73,73
3894,d90006d5d54a6cc0b6bdbc09f6272cbcf288f34080fbcc41d1a711b46cf23888,0,73,73
3895,455eef7f8d10818d333503893bbf6a50dd171d244175db744e73d4e040cecec9,0,9,9
3896,f078174e4e893cd615055bdb8c07dc30e8ae7a801f4f225e79efdf9d679ebec7,0,68,68
3903,1ee787af27be950b1113462e74eb39748a8e51a4cb1a3bb6a097879f59a5bcfb,0,73,73
3914,0d32bb8039a722454596df40600cd96c41fa45d7005750b44a5f2d25aeb72dfc,0,73,73
3923,f2d1f534cba1cd39f8ba99d95a378585394863d3f7650e69ee54d59429fc36e7,0,73,73
3929,0107ff7e3c05aa3a8929cc984e3cf957056e11c0037127ceb73921c972488da8,0,73,73
3938,cbf37f3ede5fc762b532ca1cb149f195087127d23d768b13a4a16562fb33d0a1,0,82,82
3955,58249937c7c6761f792c1fed560b9e66970c5c095cee737091d8e33327b76998,0,73,73
3956,b92db5f19181ed2c4393f7d7e68ae34fc9ae25826d4f6cbe126afe9fce90c5b4,0,79,79
3960,11d16983ff856622d91ae03b38c72ef2a40a037f26456ceb305a81b54a986794,0,79,68
3967,949940bad0a93deed64acdfcd736d7562957988ec9d7c768387afd599d3d5cb4,0,68,72
3974,537a1e8b383af6f86106862c34d0aed11ff98d0f8525afe737f61412ca87f30f,0,68,68
3976,259ff543088985c77e75120a95b73785c0795d647e807e618fcdca3227de98ec,0,68,68
3980,8f775a546a7578bbbce854b54a3a91f373c1334fa9f956dcccd8708e3fb37c8a,0,19,19
4004,f658a337aac0abcdb31052adadafc63beab1389e9da6a97da0f6d39e2d4801fc,0,82,82
4006,7c6fccd527cbdaeae7827d68eba49bb91b6dc83726ff67a2af52fad27b807a48,0,14,14
4017,8350eaf7c58f36fca99a47d0164d6e76fffecebbbaa67b66734345047c515c67,0,73,73
4023,b817f7c3656f4101755aa712582d894c5a272b69219ce839042887de2b6f1649,0,43,43
4031,1673ec13fd7571409642697a96c3c506931c0f1abd0f6ef6c7a66c97db3513f7,0,79,24
4033,fe1bfb1103cde3071a09549a3c3dcbb3307522f867684f996c2e88b2a5044780,0,79,79
4036,b5dcc81445c3a19c574c1a57287d3ec61e8f6132c650ebb6922d3ad9a6d281d0,0,73,73
4045,9af64c441038214697ea56a49b2b2693c87930a11a04238404b81154ab1a655f,0,73,73
4048,831727984ee06de57c52861d8e248f35f4b3fd83ba7469b12a5c1ac2539ab917,0,73,73
4049,946669e8d50bd650fd4c218d31f11e741af571562bfe9bfcd22d59b157208db5,0,68,68
4054,0cb4203af81f3351d103440aefc65deee72034bbd4bea5273b155c3fccb04de8,0,14,14
4068,7667898b04240349f06c17da4eb91a1d686193e2f699777f2f49f490459c7b11,0,27,27
4073,4bdc38759d46c34bb2cc2972ff1acf9f2af4cd5771973258a8f076e5b772c3cc,0,73,73
4085,2e8c16dbc5b7ce6075224c8dc3efe40d6052eb7092ace59a9678d6a318eebcb3,0,68,68
4090,431a4d917e2db39fc8705ad50592d60ce54cf5e281359fd36371d85fc3ecabcc,0,68,68
4093,d715b41741c99d6fda7b4ab8f28eacb11ca96b8b440497c391f85d0a95e1551f,0,73,73
4095,5ea077f0fdeafb1cabd8c5cc4e959cfaa79843fcac7cf6f57d0ac57aa909b231,0,68,68
4099,fa49218001e14ac8612cd63f57a905beab26af06dfb2aa78aea3cce08fcebc93,0,66,66
4106,7831fe7755fac94aac0ac8df7ada82aef393ca35cc3ff2c0b03fb07d1ad5837b,0,69,69
4114,1fd2f9c281bed05f5884b12c21abac6bdaee350fed3d617ab2c2b9eaa867f6ae,0,23,23
4115,1d98428bcf4fd97d98374efb5473bb7d64e145ecc7c7537713f7b25783a6265a,0,27,27
4122,76feaad941c7e750d4ddaa8150a0c7241a2fe903b166d7d32bf79de965041fcc,0,7,7
4123,2c5665e22daabecde69532daff37121fea3b44231da3e4083933d496baecaf7b,0,73,73
4129,3779e08fba9baa5c7e3843f4c078975a051814cc181b47e181347fe18cb6cc87,0,73,73
4134,7a3a717b9bb17d800e2f0126661aab5c30584a0db3639f49e9f9623aeb66d463,0,73,73
4140,870e260c48817e52f3b731c0f50cbb947732871874311f8ceda9ab2747ef5f30,0,79,79
4150,fc015c65c30492a82d5ba0a39c8913e97592b905def535de273f0fd83574a7f3,0,68,68
4153,7a3fb815ad371e597d466ce33d315e9acbc266e7843d97a273000665de401cda,0,73,73
4154,68527e5a8c3ac412d09f6660d0d2084c0b4c2a028520c83e3306ad84ed47fbf7,0,73,73
4155,b5ef9fe95876ed84558af675ced8a5aa45adfe6270b7c2953d20faaf9e0b8e66,0,73,73
4157,6727791ab4a54a48aa903e6dca738329dd7e31c0d269ba547e82ba61f20bd5bb,0,79,79
4160,bd2621bbc6c98d4f926b99a89f84c8442934ee232a45d8a72c86467c5aadd6c7,0,68,68
4161,0e19060d9e1105ee7b1e67801653ad0e7644d9de6e328c6bcefce29f4b769005,0,14,14
4163,ccc7ed39b2cc8f70f0d9629c227fb2af04f6239c29e23127d6ae5d35123d14d6,0,14,14
4188,1d18d5b1571f2f3a8b7c78920b5d4a995630260a01b5c24c70f4a8d4a4ae3046,0,73,73
4191,932234816c7b074bc163b9fa62ac895b68814edd57659c6f6b95bf848598f75a,0,14,14
4192,d53e4ceb8f4f36b2c44e5c616bf8127094ced240a817c4964d1205c345b21f7a,0,73,73
4197,897734e391b046a7408c71ad4fb59f546596cb258cd727f5b0d35631f81fa694,0,73,73
4199,ad240f481d864da7cb7a56bf2e1029fc793b007048e4be402e2dca359a818159,0,78,78
4200,33699971d839f6ee34b65adb30bd8b8fb670e3384e977df380465d912358664b,0,73,73
4204,35712da048b6159b03450940da98484c573d88f824e44cfb18bbc4e31d45e3cd,0,73,73
4206,8c58ef54d6d1bc3f3144e5ad9bc4030282c8f003fb05135af194689bdc66b509,0,73,73
4207,0d7e8eb3d2e248e4e0fe8d2c256ec46b56fe6d3eb10e927ebbd889a3a89cc429,0,48,48
4213,944333a9272f110ed5dc23d47347a205cfc1312548c0c0d4f89445ffc7c8df90,0,73,73
4214,33b8805f29f9359a0a2cf0f18f840304a25b2f5b6827ca28c338207839b51b2d,0,68,68
4215,ba430a05ebc1fba0eb9ef16315c95ae952b2cba5f127b8eeb710e90a2811b4c0,0,41,41
4223,0a267097cddc57bebfb4c0e0aa92a413877e75da7f9979151ed88a07bdd33902,0,73,73
4230,d7ea23a0895bb518d5da0977d6b19dea6c9d5b6f051f20d99771f4ea4339df4f,0,79,79
4234,332b8ac2b847c59651c1af86700225c28e4ac3ac3eb20e581056e0b97f853a58,0,73,73
4236,754c48800d4556fdac05b51c93519230980bb492ce9db2783630a68d9e374453,0,40,40
4241,fd5e4393322e35417b7c5416c83965451d1487a9844c07670e2903393c40eaa1,0,68,68
4256,7ec129443c3612086584a7a4e0fdead4d63a9a4c690501c814d5e9c0fbb3ecb2,0,79,79
4257,b83d110040bfc689d4bacc0fc35a3248effffac1fad9dc095dbda75c6c41a3ba,0,18,18
4284,970a5d26b98da9b7d8a820a9856bc62be401a44b9f0567e63e0cde8c86ea38bb,0,79,79
4293,eec920650eeeeb1966a60ee2c2771175502b9a83d3dc2e1bc60b29ae006e7474,0,14,14
4303,ee483f0bbc4c7a49289dbb30cd217c394c6f39c3ce59c3e4c91dc7cc52f48317,0,73,73
4304,c45fce5719400a396bef3300b9788a42c2ce2f6c45832a3eddb4dfd0505ec143,0,68,79
4306,fef1df1b79583b4b22ada4c8627e92db8f1b7d9dbfbb3c6b50f84640e06cbb2c,0,73,73
4312,ba0698c6595c7dcbef9cb222b272d97620b223fabed497158fb7d14d409e386b,0,82,82
4321,db47c304eeacb417cc6d6a1eb8f0a5d7f2ef0eabfd4c2c54b74bd858ee56ae94,0,73,73
4323,985beb10e256c8d5bc41bb4d7295726ed42857990a20dc1aa0b9036c18f6e4ab,0,5,5
4327,75a5e4e0588e93a0c56601687250f8812a65fa266cccd0858f321d3ab63e5d58,0,68,68
4335,94cc0accf1fcd97a90744ebdb559084f97bf63fb80ca819a6c894465d44241d8,0,79,79
4350,20ef0950e52fd52bc88ae8ce384bb88b41e829cdd7aaf6cce4a37878b426cfb5,0,73,73
4355,3b7b3d3e2cd49f0e71c6b0b27d4a0ef68bc7940720bd15e1927704c03ad13c75,0,79,79
4359,ed05f993b1a395d0b1266d03f3abb853b92abf738204f8cbba18cd97ea90c1ec,0,0,0
4364,af3c4920745639d8423e045b4e2d02cb93d787c15c6172fcfa9a47e244ff0235,0,68,68
4372,266c90e66feb60f2507a2b852a6094afb92c00e314b11b890ef2ffb2353b3c21,0,73,73
4373,5175847d9a74b2e1c291b544e14437ba3411e505562d8df3b066910b37d922bb,0,73,73
4387,1d7b888572b759627b881ec0175b5b25e431835774818cadc13e95a17fedd250,0,27,27
4388,f53f514c7ba0b0325270130dfeac954337903cb1bd3539ba85803963af591800,0,79,79
4394,4895e6dad85309527372b8618fbd4412af02324986ff40c3d7df48d0bd90dea3,0,49,49
4396,b1f9febc0597ddaf0764ba0954daee0389a012fe6670a12fc2364002b90a5563,0,73,73
4408,954dc5cd59f0123b43327de80956590f3ddc40f1578ace423e1dfc04e21b2713,0,14,14
4422,a81b3e8a1a52f5b18683c966fd3884dd8a74c9953e77e444bdbae1bfb1b497ca,0,69,78
4429,9253028d9c6f82aa63fc2f625458bb265bc6d0fde3c959a2512a46fd5cf28fc3,0,68,68
4430,1ab617be2bd2546427ba1d9d0a1153df86f34f55c6b726bcf2f27417f9c3d586,0,68,68
4434,1ce1c27b6867d83498e9b1bc4ca6efc972fde978a613161f0eb8bc30d7c2592e,0,68,68
4435,c3c71820e19626834a33d5becce5c54146ce81b5440c3c810e854aa2a93b7e76,0,43,43
4447,6bd125fa3da143abfaba8ffbd3b0d69602c8993b4742356e93d29021c69a8e7b,0,79,79
4448,1bfd0093e82c66999f6c1411ea7eeacbb81f7c39c68a88eea67ac15eacb563d1,0,73,73
4450,3889fef29dc9e86d10bcdbde27c24f31b3e823fdb099d65445378d5c7f7815fd,0,68,68
4452,ad679e63aee5901af3b425995aca3cf5a5d2e0386fc052e1321dd2289e83fe46,0,79,79
4460,b3e485595a7ba73a4413b81179922626c5f992498955daf9256bfb339c5a4aea,0,73,73
4469,5b268fb621de7708b10902318ff2868b68cc7f921a60a55d6bc21d8bae4731ea,0,79,79
4484,b65b8aadb48500047155daea2f1fdc7f07c203ac33e6f69201b5c63734019e04,0,68,68
4487,e148f5fcaa0c884dce0853cef54e05fe9021548b6148ed13512a6c3f7e986f51,0,37,37
4492,93fa4fbdd46eeec64d1b987a37cad46339d14d78e326cde55bffa736ae5b6575,0,69,69
4493,a5ed1d97e832690206621327bef1dad0fd698d28aad866bc13028f340002e2d8,0,68,68
4507,805131333b247b932aef231f8be054bbc33c74fc90414a816629b2e6942e9b1d,0,79,79
4510,01027d632097146383853a1f4d533f0f779284f8a5df45118128b07807808722,0,73,73
4531,d15549d1cb4ad903ca9f0a3eaad55724647afd24833729889636089632191f2a,0,68,68
4539,868bec75218df04397546193c0da285d8a6b36b9cc1896ac16f19f15477472be,0,69,69
4552,b880bf8ee1bd68bc7a75fadf1eacfca36c8cf542c56048fe4a0ca7eeb4d44124,0,68,68
4561,8e3582834b408005c0e34e19606c4c6849b5d87bfbcea9901996eb8fd5c3b880,0,73,73
4570,842b258c3418ee69842c4b511a70b5c348a4eace5661faafd93b43acfb08b02a,0,73,73
4572,b4eada411d5041ea94228aa5375107b56de495996a8eea0b8aa5e0b4b4d9f393,0,82,82
4578,72ce927d0a0cc9abd548c4cabfe63c7ae997b9e3ad2725602485a9a999798aab,0,73,73
4582,4d98d69aa90745e6686e5a510107881b04ce2cfb71f442f02e000ec272569c4c,0,68,68
4585,5ab08dcd5ac9144f8b3d1ac657cee717e285ef42d7885121ee5158909fb6d8e4,0,14,14
4587,d55d1b5966835e91372cfdcc46042d2b875cd4b7afa20f871cb24c031ec15ce7,0,68,68
4591,d55c36bdf27a6a59d61c0b588aeb3c957c63ff412b322b2b8d507049a5fc06a1,0,14,14
4592,80ba98da0028f3ccb26d15f0590c0dc93f5aed353d0e540c88fa3147c383d2f2,0,73,73
4612,32ff548639d36ddfdd541648094b4d1b6d095bf41f66ac6b55aeff8bd1158d50,0,73,73
4615,95fc1e795665cfe6c6e21a9a137d33375b9bd7b767f8fd17ac673ebd6fda4624,0,49,49
4625,bf6b167f6c3b100c4af774ad83b2e85ab6dec38dd2536830f9ad0e8256404b09,0,79,79
4636,94a6d655e7b57613a377de578755f713c8e85cb1ff7b5a1d292589dfdbc00cb0,0,69,69
4638,a6533bd41049a3f81b0f7527c7e37d44a014c54d89f9986ffd63be231ea44ccb,0,43,43
4644,a8f514f0671dc4c1d5709055311b62a92f6befab8ce6c77eecd7bb5ec7bfd894,0,68,68
4651,40d90eb45aa45bd1e54e1a9f7c6e8a30222a31e07126507b7a705478be593300,0,78,78
4663,2674d99c9eb0d7d407ccfe6a0cf2f185bb0678191a278c095550b67c8a7dea44,0,78,78
4678,f1ee5089ba53eaa97af8a239114c04e32df3be326ece6ef41e697a51d3ea1eb0,0,68,68
4680,5197bea9a1683bf92de3c055929955307df6aae89b31c86511a5277bcb287eda,0,68,68
4684,b4e6ac29e045869ce80762981520007c944c04861a706233805470c483429806,0,73,73
4687,c785da1ff91a744c324a12bc44e4fd236db28b7295e79f86f14149d0bba6220c,0,68,68
4699,31905670b4ad49fd7f81fc85b860bb690561c6374c66244e5948d869523eee07,0,14,14
4701,678aa8c5c04311bbd46d2e45cf1c07d6fc38bfdfe02e5aa985d35faf02ba46f2,0,73,73
4706,7c28d08228ca6a62d0aba70806ae2799aef9e43989c4b21704f60ed42e04c1d1,0,47,47
4712,ecb177695073c2e617fa8bf2d95688f7f2a6614817e1e8cb97467d9b4fc0743d,0,73,73
4715,9bf759afd71d620a1b5519baca3ff8f65d3da0eeb4ed3db037b3d4f9046c3103,0,14,14
4718,27900e12f4ef2320eef5180489a0e0cf54b5807cf7941d2e2e0261b6956a2113,0,48,48
4719,71bd48b99a64a0431f6d2505c0fd4afdac6a9dcd747fac1ef11e45c8b0f9a41c,0,79,79
4724,716289b16650c36f4dfc0e80b6e62f81cf822b46736b137b41db5702b1a10511,0,73,73
4729,f46086a94f1d79c0b44cc43e3972ea715f2b39a4a3472a17ee0fc68cfabfd88a,0,27,27
4734,d52e3f6518758bee62cb50a5c35b9ef558dae9725ee31a565a820c9d365f98f2,0,82,82
4738,cf6a0a8b3f3561e38344e14b648593902b02a10ad2c3da769ac5a344e0aea044,0,68,68
4741,fa95e4cecf78ae62dc7ef14beef3fbc96220e43d76e427dc3c487f8d206cc0d7,0,12,12
4749,4bbe58954c699979ead78c64214a5c67fadf8b23ace69c5bfe84cc67b03da271,0,79,79
4757,9876b6d790c48cb6e905da9248d49b6089767a2af56ce0f7ef4200f0a765bf9b,0,68,68
4765,f72a9a8359fa823630483ffb8803474bf6f4b72a45654c3445d59c47ee65af5b,0,79,79
4769,ff41150012ab43728402333e3c024ee19fc3da6a471124da0723715be6bde7c7,0,73,73
4777,0b947506ba9b6f6c128038d7280e7b6548397c98a26cf3b4f5e74258f233f365,0,73,73
4788,a18ebbbd2d8dec0c45e807451645f46f71f54b1232a789e776614f414dc87d5e,0,73,73
4791,ede64ad66cc5338a27b065c8da6475471ece0f4b022ee0ed09733ea6ec6aad98,0,73,73
4810,c39361472601a547fd04431c5623b76f252b89fee26ccb2cb05cef5afa4c2608,0,43,43
4822,9afda3b7be4f2dad9b1b6bbc38f025bf391a1509b312dba08746bb59dc39ff56,0,43,43
4832,35c022e75fb3e032d372e2df5c68292d0fe7ade26e5cf9fc78957d33288331b0,0,78,78
4836,2c19ae02757a673a9d9473cb1304e21a2261eb1cc313c299a1dadbe854eda981,0,14,14
4840,7c7a52e99715a38d413cd2743cee8478a1c1ad330c6903ac8fc12c03abac5102,0,73,73
4849,16d1adfc874c18e3bd67a9b5a6af441cbb390cb16494ae7884bd963e901fc5b1,0,69,69
4854,c285ead171e4f97e8e1fba52eac9d788756d023188d5b3e13f8f294db2baf963,0,79,79
4857,a8d3574f4945bf3c61e2d4219c849b0bcbbfb95001f6b65703e087fc9802dc47,0,73,73
4862,a1e7764e8d97e64da5ecb43dfe8013b8820b44452997aa8db8992c1dbac6a26d,0,73,73
4867,e71bc78830435044fbb90363960aad818063b74115299db4087b39c18691151f,0,43,43
4872,1fdba28f3f88a982e821aab759a260aff7b4dc91512eb24e03fad265bb7ec7cf,0,79,79
4874,1364ba857a147f5c4251f271f813808bbce7db5fd1e5ac749b4ccb492972bc97,0,21,21
4876,f7de02b2d48360f925bc16e606ac174ef44ba20c05fbd8c5faf55a5e7cba0eb7,0,82,82
4878,55704342914dcab52231d97820ad160d0743d69849e0ea2813b6d50487584c45,0,73,73
4880,90c058ea208021f7bc7d85e87f2ac577c6ac9f7e3454fddd4ab502726585dd13,0,79,79
4888,dfdc3676154610743cdc87a902127d17141d833aef873244253fc268d57eb02e,0,82,73
4918,2a70bce7644e4d4892f63920f8d578de08c4e265e8ff0f509badb1c3afad1c13,0,68,68
4935,e4b3876c77a86820d1f4d694ad993a7b63fc2be278b483887906ceca7c29d7a5,0,73,73
4937,c53c37d1e342055ef3a48fbb0fa879d73c6cd50c8e51db25ed87ec89cfbd041a,0,73,73
4946,c12a35299d9b315405ea55d301b329825703c9238a3dc2ccf30dc728226875b7,0,73,79
4947,ddbc34715bc6af84d532815beb09d6a8522440a6a708689041484f687f48ccdc,0,45,45
4954,3849f5e04fdc6b368830d0431955c593079ef36310d09b25870461b8739a5e73,0,73,73
4957,6661f6d0dcb0718d4c70f063cc934aa59278b5fae785ee3f1bbfbfbc6107776c,0,68,68
4958,14249005369dfd3f64a0f2a9f96c8ac8053a4674678bb05bad762cb67dcc1013,0,40,40
4959,a1bff99ea154cf4ade078f22afecdee2e50cc1af5aee76b94a3bd70590b42cde,0,68,68
4964,74075f18e7fdd58e02926104cb0618b6095d9c8979daa25b682f966fd91ed3e0,0,14,79
5003,a6a327315da6ad8ec69df344d845536ab44e0aae19c8156c23e8df3a9875c745,0,79,79
5004,5a70bfe299c89a55affe4be729b25f7895ac5c060813ba4f7502df09e059f547,0,73,73
5005,bad0cd645c6fb337b9d7f31333042a43774de8cfbbdd0d70e46f015c290554db,0,78,78
5014,3437c5f37542b36470b7ddd9d2a9cacd4407c80a80916bbb5f289cc4b5396234,0,52,52
5015,7d8025f8d9b14ee52f255e4fbea48521b4949652f47c74577d8d5817ea1cb4a1,0,79,79
5023,a00027e8594be91a0aed6fdf7cc059f065caab508d61fded1d6445969157f272,0,68,68
5048,0df0c4f432f9afe2da8a2c2c80c03de73075ef370b7a969eeef74dd13940e0ec,0,5,5
5052,922d08976c829de93d7e1c9558d46ec3ffc2eec8561e2f8e50dbf4092103cd51,0,40,40
5059,12eafa6b43413c93ba2593f0e705896b385e99854daedb350d8088da9030379e,0,79,79
5067,e2ecc93ffbd56e9e2ba2fd1095743294afacde259d267e33a4562995af2525d0,0,43,43
5073,8da9f1a1a8617f41268f98879a0a3fcf81a47bf8e93f185eab205915bb29da24,0,68,68
5095,62e66c863935150aeba5184068db2368b9b0e975a7de04d5ffafce2ead439ca5,0,73,73
5096,6ab1cca5eb0debe710203d4884bf59dcb06d3d9921582d9ec7f2c9af6625e9ab,0,69,69
5132,4e65c0a3253f75e1a9b633a0331226467c20c1d289a29201346c5fd46894f87b,0,68,68
5139,2ef263cda0857d463e29a85447ddb12378299c12f9a8af9ee39bc1fefc144578,0,68,68
5142,72153b5c3ac81cefa9373f3c7a96f8cef92391cba543b2c4c7ef7890f6230c2d,0,82,82
5145,f7b6f9752f0c779a67354bd569c05d4af6874d36e9b846992d1f68b84caa43fc,0,14,14
5149,6f30f2fb0ae8660323441ffc5aa3fd4b40a10d3b1a221af97cad649d60854685,0,38,38
5150,ae1b791527eff2ebc477e4e6311c73ac89057cb306ce89cda938243527350667,0,68,68
5174,b53852a2792a79b39a78803ca24be8e09aaa249de09fd80fcc9d35d7a33226e1,0,68,68
5175,5eb619a7d4eed54caa752be788bc6c8b7cf4a101ddfa6dfbd8753f5bd658def7,0,57,57
5177,835ce0193d7fe70f3bd1fc90a023b821be912b1301f382d7610007bd5ea2123c,0,68,68
5185,3a9765e1fdebddfd6292c7d05ec66cb192faf553837afd234ac457047aaf4fef,0,73,73
5192,60793ab76126ae29d31e6e7f4b8cbe773d90968d1c7718cf8022a0422941cfbc,0,68,68
5195,8084277f11e31acfa765bd68b5e36e7d224fcae4f031ce4bf7448fbf5bc5af5b,0,68,68
5202,82fd2527a42d24bb413455a9b7f3d46961740fe5db70fd8250a72dcb70aa2fd7,0,79,79
5203,7fa8e26fb9b9a79b528f1b045a8bb4c10dc406ea6faaf4a0f3b84d7baef145e8,0,82,82
5208,370c5ca84057cd920c111d5eb0242e3297ad3829d0fe223d71ecde2d4e686ab2,0,73,73
5209,2e70b1588dcacde71ac514c912db4f9ac6bb25bc153c5cf32b245a2103cc0a6f,0,73,73
5213,c82e1ff54caeed889bff6fdb65095df90040b00c81dbde0d63fd93f5e16ff3f2,0,79,79
5223,b390e7be56ad31ee09c77b1422d4cac40f7c5d439513e4380bdbf90413620b6b,0,68,68
5227,7478396d738f3cbd6374c41246fac086bf658f5548549fe930b25806c47efc83,0,79,79
5232,a5ee8a7e84a9baeda0c7bfeeaacfb6f8680f45b194e49edab8c6c5bfeb17bff6,0,73,73
5233,7341ab101ba02f412080331c827de0cf5fb299091f77ed46754a2da065c2e9d4,0,73,73
5235,0170b8b1161505544b255434607c59c1ab60727589a20980a1bfba3d07993cf3,0,78,78
5248,f4d793e148c9c7f3644cf91ae2c3f6159f425904f02d116b1ca43adc9dc56264,0,24,24
5254,a20e66ac65474b11b5dec4c63fa494258a3ca2486505f22d12b2a28532753775,0,68,68
5258,c532501043ea2478f19049531dee95dc01b5a981a5a77900470b2be66dac5bdb,0,79,79
5259,45b91d215fc5db64f6e9076047ad0f700c1c9410a2f4018fc8a4c619fb44c735,0,40,40
5264,ba8b9841b5f623f9053321be0623217713fff5a25763e047e6ae564892f29dcb,0,79,79
5268,7699f25946d43792a41362ad604fbad86b3703035a4f04a427ab623fd4537ed7,0,73,27
5272,f5ae974d52c1285f3678c95466db7de2ce8d6e8841da2c02a9c4608c1ce7f6e3,0,27,27
5275,6cf66d5f36796e389d3420bfbda343df27146c5cacc8a3ec07fabbdaa54ecf6a,0,68,68
5277,1f9d1c4fe7756dd4b227c553268584c9ddd9264cc040897705f4d0f4e6e674a5,0,73,73
5279,3fddc7fa4b058dfdc410ca5eed942676710de19db836e8bda2c1531e745901cf,0,79,79
5285,8012cfc2824c22b3b9d541551d18ecb7e48a929b1f2e22b515f996f9ff564349,0,68,40
5292,40ae09de07a1a1908dbc6bcc25e2a7a35c79003551b4552f3b353ef07589028f,0,22,22
5298,371c6d7ef76df93a20a4e445f730f44680a682d95f7d98e266bc95989cbbc73f,0,69,69
5311,313a895f78f2504d558b4e7093266c9e3ef6d46dfde4dce3eb411739c076981c,0,73,73
5312,b4f540dad8f633aef9c3ebbec97aa789560bab53fb2bd8f009ecc205123d5ab5,0,79,79
5326,c84e718d1114a42b029ffc86c001dda5f29c5eb53a068997931df4e497b89485,0,43,43
5327,7c154132116aff915c1e485cb746f3420ac78c64261733c8ed56f04bcaed601a,0,79,79
5329,c00a2931b75ce013af083b26e0385f8720bcf3e18df1cf180506b7f81f18fbf6,0,79,79
5330,4fa6033edb07f260a2ec3e4903f24b85970feb0baf1274e6d1dcaec4e4bbb089,0,73,73
5335,2a678ba23ec28114444c3af980e30c010f7bfbbcd2d0d977d665fe47872fb0e6,0,69,69
5342,9e82b9dbe446d8dcd60fbcc4c62fcaa5d03830fa2ccdce1f0bd6ce5eb6d368ef,0,14,14
5343,07fee752563db0b820b0a015ec8c83a4b593d3118e97a539465b0f075e655ed2,0,82,82
5346,95592243778fa0709f64540a4f0b48c19314fdaf5dceba92cb9b9c81c133510e,0,79,79
5347,4f770f0b335dcae20198fe48dd7fc255e2160f1c9e57656ae37566a698c0e822,0,73,73
5349,fdd63a4342f021e1fe5bd5770d8a2647122f6d72f9b2237c42468c7679fa65f5,0,68,68
5360,01b147f5aa7764fff3c9deef23849a7d605f8d7972c5763268f1dcd84ab08d1f,0,73,73
5366,996f6a0bdba8960942ad4520ab75e9f9d6aae28561ce9fb0e0b7d8ec1c91ad23,0,79,79
5368,ba56e2f4950c87f8bc648aa8ce74b49e1a69149acea80cde399c5eaa7e87eb5d,0,73,73
5400,6a5e26840e12b4d38ad264ce68d31206672b1d23eae9e6c6bef3ae381836a9cc,0,73,73
5401,1e9a455c3c0d98d511a0a89ca86337574f30b84c2c1e59bc14131f1aee359e99,0,78,78
5407,843d7e81b4676f98cd49ff290fd1e1b995455f45bb98884c104230712b514caf,0,14,79
5411,45f990d635cc88bf05cd0b2c7d0745c7cc4fdfb86acffdbd0380417cb1d04fcd,0,68,68
5423,cc77c15ae9af2cfdd73288c055f7d762de81d1018528987ce7a1216e1db52a89,0,14,14
5427,6fccdf929029bf1c50efd582c874535217e6e9849f17cf175132adadfe0df746,0,74,74
5429,aacbf4634d4b31498dc5b77716cc0570c0cebd8b5efd947ea3b058a7e679d327,0,79,79
5430,5f64bc142b9f36c49e3e6dc73cee947598e1536145617987f9fa8a9f763e5604,0,73,73
5431,b462d4283d6c8394225101e140e51d5454a3f5f93b788282387f5fc135446e71,0,79,79
5432,b9d8b548f05489dcc580ea2a358469e44f104a06d9822df5818edc110ecaabc6,0,68,68
5438,1741cd757e3c70c3feb68ee2c633bc83588cf39dd71916dda378d08bddbe2d10,0,73,73
5447,e4461902acbd33e57365a9335b9082b23c4d4cd949732f5f5422d5903e0c105c,0,68,68
5450,252adb4663819c2dbbebb29782f3d3ef587d483efad2580f77963cc69d987ffe,0,68,68
5461,e546110e586e57582c431b6d4bd356be77f535a8cfe646bcc482a26f19ea99de,0,73,73
5463,411038678479776cec89546e4d4336319e9eca233e73e13a966d4e59649d7b0e,0,79,26
5495,07cd2490e9edfcd0d57e192f2533cd42aa8f20422dcdf1f8b79f0ee29a08a3d7,0,68,68
5502,25bb099be540d2caae58a15bb843b861814775b11440294e6f54fe085d663477,0,27,27
5503,63242fe70c14dca7c74031e41e13cf8eed71f0d9413e7432684bcd4a121e0ae3,0,79,79
5505,6854ea097ad2d52d8c3ed5cc29760c54a268289bdf82f3d65b4eebdaadd08231,0,73,20
5506,2922c85bc10ec260663b3c4a1e949d7a56bee6b9f473d3c8b727f3828c1d7423,0,73,73
5509,78f2eaccc156f4c21051b43a9a627823bb9f280eee129500b321b511bc9700ea,0,79,79
5512,04cea4c9374ccd28a24030f6a0b34ab41b1894997a36a59295d2380d1c54c0c6,0,68,79
5523,580f64d772ff1716a39766dd74d7e3dfa6a6f6a1d59020fe295930de3739735c,0,33,33
5525,2db5ff2c7c3af57ed332f53c65a56bc594bbf18a3d359011954f05f114647015,0,73,73
5529,cdb5272f13bfa0fbda42e2083e16d63fa6bcff453326beb0d933a4e8cf944255,0,68,14
5540,0746e4698f0e714a290eb9c9bfb20efe88205edbafa1285447b38cd6d39e8a81,0,78,78
5541,026799b840d499744bbb470074c2efe9aae707173dca2aa426c3875a3cc28a55,0,82,82
5542,0b5080ac268346a745c405758460c2faa92b4c8c5268d8f978ccf32cf50bac51,0,68,68
5545,c690b66b2fe4e4e13d12b6d7e3233dd02b3c5b1782fa4974805f83e1bdaeeb0d,0,73,73
5553,34728c9396268ebf8adb1e2fcc70bf82f3cf44aed8bf373336b103fe5aa5a6ce,0,82,82
5571,f95f3c61e9903471f2513701b86df95c393418ed44a30e6e9e0562ec86c46e1d,0,79,79
5581,7fa7285355ccf10cedc9ee586a7fc676b5b2971d2f4604b1a1fa7aed4d2485c3,0,79,79
5583,e75bcc68a1cee3d4125fb505a961cca984428a74907a21765bba863e24e64f42,0,78,78
5584,038814a2e1b59e2d737711a0ecc2acba04c0341f265038d7c3e19bd9f74d9537,0,79,79
5592,df4a0144ff0f8bd784ed808efe5633dcc9fe3a3d24e1916b1bf700deda398a19,0,73,73
5595,3928742689689e0f3fdea4edcd600180b017127ad55e66dd32434be5d60fe102,0,79,79
5602,50c230eb2304c7df76dbb039e80340bb6ec0aacb6832c6b91ca74f980dd6cb44,0,27,27
5612,d9e73323e419c2e1749fbffc46a6432a0c839eaf3e9a3a7a9c67afb177e2371e,0,73,73
5616,b4a21c4ada5c7050a2baff3609296c2dcab805905f61e97b5373a96d1db6578e,0,73,73
5633,88639e23b7444d0f4afa919ab7d42c25f2f0cbc5c7c06955bee283b5e8c9edcd,0,73,73
5637,6974dc035d0c8b1d66de10032ded4ec37472733323efac8ad27ee12e3b6403fb,0,73,73
5639,82a5e72753b93a459bfedc2c87ec277e36a5ff0b1eb7d12f03b8c86d662cf4fb,0,5,5
5644,63c1b9f5d09d2c649fc0940310c9e6f9d4e730e6d3a7a696c2fd5010439658ab,0,79,14
5656,6e4c8aef0165588428f28fd1bb49ec9cbe45d49d2c1bcf156d74a7d03fdef1ae,0,40,40
5667,495836fdde0b3ce93075068ee3e83945b9a7c67ddd9e84bbb0eb21a379a3f86f,0,69,69
5672,28a0bd3a5b233b284be58953a447fcb53c958fd33318aed04bf7d686bd4109ad,0,24,24
5673,074a61791bc80ae58326cff64b4bf36bee11f249918b187992c55f90ef8ad30b,0,79,79
5674,b45a0eed3c14bbdcd6e2f5d91c501e951ee8762976fc918e42332a7efd782170,0,9,9
5685,daa601da00d86a291436db948226a8a0debf851a6fb8dc25e2bf65540255bfc1,0,73,73
5701,b855803282c91dbae3098a6693f19b64c8a59c1440a97f69c33e0804d2fc198c,0,56,56
5705,e669fd8c0780c2a3da1a1d4fdaa7c75001fec8cade62388e1d04c1c7cab48e02,0,14,27
5707,74c7d6104f66371dbbf4404b310d805edac097ddef9de0b4ad883ae27436ec07,0,33,33
5708,914008686737f7eeaedde614dda89805fed4f8b2e5b19d0d922d992355ead2b3,0,9,9
5723,0861cd6b1eb64f3e5febce0c3999b4ec76bc4fadd5db51464650cac1aad857d0,0,78,78
5729,e4dab889f14feacc690814200d197b706db614c436cefa7e4d3a9544a809737c,0,5,5
5737,4b49e0fda336994da7fea8bd1fbbfa00619f6289b8951314172aca54e1a8df32,0,73,73
5742,c6b651edad2d36fe964eda05abbc63d11ad86e9572199e52815cb625507c4630,0,69,69
5750,627297f5576f542b70dcc441106adb7c7fb15fbe5b34dcd587c6f03afed0d2bb,0,37,37
5752,8970f9ea2d97b767b796c5e12659f9cec6f0c6974d8dbfa62d83ee0befd87ea0,0,68,68
5756,eca534e5a7304a3541fe4a5b0d6b6a21aa34e81c4130e906f33f14dfe0a08e8b,0,43,43
5759,7ec084a79563bfb1f3cafb2d0c39a18041d96d4a964daaad5c23f8cf752d2fc7,0,78,78
5765,39068cfbfa43014c87fdf6eef24254afc076efafb8073708e7a259c20f7d02a3,0,14,14
5771,6009013fbb462bb2c3586269f31b860393821f0492e9bbf85662672263ed20a4,0,5,5
5776,a2a9cddbe3e5da00ff1d52b3543f3a5ce2e20b8ca828aafe5c8ea5ac6e574a04,0,69,69
5792,f698559715f5594b60dfec8565c247e2c8efb4813e6dbba5c45f17c30ca5b164,0,68,68
5800,dca9040f198d3141c1675f3244ab5fce4b649aee6e9cbfb5c918d43593d59b37,0,79,79
5801,024586b902bf1da671b64d5c44428b427708f56d3e2df326cd15c31443864c42,0,73,73
5806,114297a68b2fa5c44626a927b99bbfc8c968dae5a3383523d5ad96b384db8ac4,0,73,17
5811,35765cd2480d98439546e9bd342c093e89f78cb3e24d4ff64994d60e9728e5f8,0,79,79
5813,a99f45b0db1e7a9ce6c919a695c6856facb5c4f33d11e0e3cadcc586d3ddfe9a,0,73,73
5818,7e59b2932dabc2faa2358da01f3247d17396a67363922e855bfaeb1ed959fbc0,0,73,73
5826,6f96e8c8003adf014c87a3990fc1ace1fdb8f79129a1565d1c62d302e66284e6,0,73,73
5836,23262e9ba78cecd93993e4f1531926706dedcde5dca38047617fdae102bbff3d,0,68,68
5854,943ed01e4309b7c07b54d0e95b7cf1521b4fc8b592451eef0970f06ea74f14da,0,73,73
5859,2a5fcf8614a013b4c635957fe2ce3350532d830b6c1799d130b653b95c74089a,0,68,68
5867,aa5d306ae71516a406e75a6008e7fa79e2b682ca20b510f1d29c5038e00f18fe,0,78,78
5891,6ee8cbf162689813065ec611507508c6ebf0985e4d54d6cf1a970254eeb3ae6f,0,78,78
5892,e92c70e7f90e034b5c6e6a29623f7da5069a5a346caa634980feb9f747826107,0,68,68
5895,47ca35c54c26db6de1de59424f059cf1b7a833ff095904b2aeedac294d62f3af,0,14,14
5906,46aa96019fc6ecc2cc9b7e3cda6fac3b1be202b3ebf4ffeca63249bf8a4e99a6,0,73,73
5909,49f27c3f0d1db84b38af423ec2a66503f93d2d0f2e8bcbf25b4ba80d22500cfc,0,78,73
5925,a6c679141e692f7c19a13b912dfb4a737bed0a861f284c796b9548db3831a323,0,73,73
5926,ed2b14a9b3be16e0d2e25d4587ca3e303c45ffab2c942b50e35bfc6a08d8a312,0,73,43
5933,0d29c0c71dabb6f8d34944676f1d7998624de941936c6510b5ea93f9271355ec,0,78,78
5934,7bccb200fa38666ae9da7c610f365868382bbabe3b4a53c6154596fb7cb614f9,0,68,68
5941,4f7f9eac505ccf41525a0712285cbe8bce67e61a85be4aff27285d9d1e9e7900,0,79,79
5945,f0c4759a0fce829be141845818b85fc21b12c2ae8682278ac61c70396cd710c2,0,79,79
5950,b65ed01394c2bd010826dff47ab210f8d7f73393a284f7f715d9526d8934addf,0,43,43
5964,fd81ac0969d944c0347bf6a87cb9c944815dc7be3a374fe155004b9996dc279b,0,73,73
5966,851d7a2d6838afcc97fe05d686f55cea4e4d08243c6b96e9207e46c3b80aa53d,0,69,69
5991,25d049bf8b73326d969ed5039d46525c7bf31b7455351ca5c55a0ee3bffe1319,0,68,68
6006,cde5cc9fdd89d564b320f216d93928927e761a3c5eea9b3e4cc7d756fff7264e,0,73,73
6014,48d4e48f5579c935381fc67c8a0c5a6b180e228b522e629b5a35f3f6b39bc1e5,0,73,73
6026,1f7b3817fc706b59bf74fd9b132aaa66eeb121022dd490b3ad051315cbabfaba,0,73,73
6031,90e90b4f83bc8110a68710b2d1e160ab8d78735c0328080ae938382ae734bf58,0,78,78
6033,f7e4f66d7c58ec43aaf3b2d0d0d0e6b282c97911fdc57ccc6aea8e018586cc23,0,43,43
6034,6aa0cea09dd92737a45dcab2380950c454b4663c6aa58d5ca525efdf60074b76,0,68,68
6041,1b8f073f122764d292a20ea334db791e88aaaf504b281bc9a4c30c477a0123d3,0,79,14
6042,7406ca68ffe87f7d377fbdedde8b59b4b4d88316894a791d0ed6a2477692100e,0,43,43
6044,baeaaadbec89c08ec17f4cefef82cc082a125dab28c2bdb0d4f17090aeef6e59,0,73,73
6046,7e0f7290b01e4b273f2cf2be2db185ffaabb2369d42e39f91d102a352aed5a44,0,69,43
6049,c759961f88ad4794f70619b8c7b754f981378043428dba2db0dcaa539806e14c,0,79,79
6055,3d82101e04a47555cd01ed124e0ae4cf9aad66d2b500e185a68b2282437065b0,0,79,68
6062,84bf0cdd33e83de1c65728ccc476fd165ddb9190f2e85be11e77629478654826,0,73,73
6063,d6fa7bc1c418e595f78299a0b80ab55f617a896ddff544159dc9ca60a82f2f5f,0,27,27
6066,10b31e5bfa3c1f7c6338ea5d85c23d848e78274150151e8e2f27e6aac336c8be,0,73,73
6079,07f7e760eecc19d3740636f9b39f9cb38444f1e9a27ab4aaea74b14cdc1cd0eb,0,69,69
6085,f29197383c5c738957f3f3c02774ddb0474e624b179c5aa78d67f305d32649ee,0,68,68
6086,2bd66d18de090f6d6536026289d7905735de727b71de3d075ecec63675b6ff13,0,9,9
6089,96704ca2fe3ef38a3db22c8067437d7d36b095f6c13d47b5bfe9cab410d1d891,0,73,73
6090,426b53e692e6e32d15a0f8a2b92ac749fc3d7eed4ad890004c5b5b6c995433a3,0,56,56
6096,c9390a4b9449a48b44b84bf86e59e4184280d1b6796e93fd96cddce8e2b8bcb4,0,68,68
6102,4da3a1e9cd53e9407395c6250d3894069d90eca9919a841683e67ef75b6c4ddb,0,79,79
6125,a211ef87bbe7f0b4790063e0ce1ae5d0e1ede8052affac28e2111ce55e3430f6,0,18,18
6127,4b2bfccc7c777964095e25cf4cd9a52e0bd203772c800a791f303bcd48a6cbfb,0,79,79
6129,92d2b649140cd37879496059600f6b0d99db3319923d17c1cb1f965f2d65d34b,0,69,69
6141,9b730ee88a487fa05e2065e7fb383692eaebae69b40d9038ab507bfda634f459,0,73,73
6151,f33d3aef011b9131a4fa256d04340afcfc0f7f504a18ff1abfc8d1dabe395aee,0,73,73
6158,7b13fb61ccb6961c489a8e6dbacf9daa14ee3d43c31f5f2cba79fedc1fef8ebb,0,73,73
6167,236baca2f5d0d5dae46646f8e6a9832fe5e3895e9249ad5fc34b409e9e21c8e2,0,4,4
6176,5f1040acde1b51d5d13b46ffe6e40d5324884a5ccdc146580b0692b4c12711b7,0,73,73
6179,0e49f0239931457891a72375a487bdcad3e13c5b6c57b4c1853a3a1acb11e5e4,0,5,5
6188,7eeea4769d49c2cf648cbb390f83085ae9dafe71eed4fe9ef229c158b7265d95,0,73,73
6194,6c2dc97d39a67677bb28dfc0f78df9cf94f8a3d486dcd0a9088e9259690ccafb,0,68,68
6199,2f645deb99a9150f19b8a441cb7c51ec76a9f228466c20d3ad75751c846aa607,0,79,79
6200,0bb39b25c79eb83652785841d183cfff5801441451e6f85c8048c832f558648a,0,73,73
6204,13dd9a685000636d0d912a65c6e644a8978579ff34bdc5b95d644bbd37830a85,0,48,48
6208,5827a1432cb6410910c503abec126430b2c180544406e4a1e9f814533afc55e3,0,73,73
6211,76d517ca6301903eecb8ecdab518da84c5623892da50ac0ade1da9792d64b340,0,79,79
6226,a270486f23c6557880b85c7b220b7a247fd83ea2dd73ad50ba9bff84886bf9d0,0,79,79
6231,d2afdfc10ff976d1642dba300ec26cdee7d9a470695e4b469f91ef30dad23f10,0,66,66
6238,b7b454808f09ba1cd08e4a42ea856485fe8a9021b020051b4efbde46dcb97fd9,0,73,73
6246,cd9aaafa6bdc9427aaa4e6b12ebe6b0c7dadd1674a286e3647509852a83b82a9,0,73,73
6249,fc4bd572790bb3cccaf507f802e5bd9f93c84851213ef8b5c39de31194933a3c,0,8,8
6254,7089e84309667067fd606be395fd46610e264084d039fb366ad67774938c568b,0,73,73
6257,010fc1905814b5ed8b08f17d41639077834657c48a269d80be4756211059e3e9,0,5,5
6268,0fa954033d415250eb91571a62f21354c51cdcc25c18d12ac9fa0112ed37219b,0,68,68
6276,fd69292daf4512e34598678e20c5a7aef2fa77670a0bc74d6c66277b61b4f4d9,0,79,79
6279,f44b740c8e0853c8acacab7fead4ddb0bf6528de182e98189f281f222de1852f,0,79,79
6281,36e9efeda2845107db5e5f8dd2fdbc9efb112af34dc1d69b8c5692899312205b,0,68,68
6286,8db4e51f81ce3b7ad0bebb328f37f42f071f633b8728c9589dd691b4e6dd5169,0,73,73
6298,3227a1297efdda6b594db97736fd10b6674ac01af4d4807b499469294e1d3c9a,0,79,79
6299,157d4f0a07b26e692b9da83b50085a91a0e697af7c102ef52d072de87d5fe17a,0,73,73
6303,07e45972271ce003d2caf751da79a9468da11c777b230df80005f2c6075cc799,0,82,82
6311,c12af59f1d25fb8939e44e87b30acc07d0cea32acd59474eb6352985008a8e19,0,78,78
6314,58767435ec31bda4b66ff2ffe80c07a2dad7f1a3c54615f6c9400976e68f9900,0,79,79
6322,574e8fa488afe63c10af3f27ac0017403fbd6950f5f1bd8e0617731c11bcc773,0,78,78
6323,6ade26eea092e58361fef6204b437aeb1522054c2d0cd36a88f0f4b3dd05d3cf,0,73,73
6334,35c851bc27f307396d7316a19fd928dd07f6f7e3e3f3b5196d6692b0e22125ab,0,79,79
6341,25d654b49bdf38947a671c2b150733d060aff8b258b9677c4cb82c5455f33d21,0,73,73
6343,96a3f5960d26e1ad8b960d489f7b35434f61c2507186405dd6b51d7659eff0d4,0,18,18
6359,dfea454657600306751345d638a59ecea000dc994eb1a675cd13d21ac3d26eee,0,78,78
6371,9fb5d14e733b03af22c0a91272a8f7e5d326f4ae65b532fc2e40d2f73c1bd3fe,0,73,73
6381,f4ea771d29337270effe9e2f3bf0aa32a94ca759c5d6d62fce62a64cfcacc4cf,0,73,73
6390,d96e1edc192a9538759a5e80d27858a17ef4f5872de12a151749f6d1a8b145d9,0,68,68
6395,d367e3535e5888884faf0e109154e99488871e397b833c6de3071f73e97578a8,0,14,14
6399,3e575f43d38bc8df597fc9d4aef9dd6c4dd2492540616257813269e4b9dce7a9,0,68,68
6400,0871349ad87c53b4893bcc1044b468255b88f77238f2fdb29b4060f1e686f1e8,0,73,73
6413,d224d978ece0b17fc1f9dd02d56d45628e45abc70612c4c35935854539f7804b,0,68,78
6427,981e80c896b6e67b61a2c7dc82d487dfc77785608293a05d2789a56e05f41289,0,79,79
6428,35c873563c225ac2ec343431b8b36f24af6640c8896d851a76604287353748e6,0,68,68
6437,17a8ed5416290e2ea972ce2cef8fd3173f222104a8013f675db59fea24236bf4,0,73,73
6447,8fdecbe1b130127a9ebc359080c2be686296829f0f7f0ae6ae07d6a0273618f1,0,79,79
6453,b939b4242e668693729ec20b0be756bee1f5d5d82598bfe1b82337ccd5e9a68a,0,79,79
6460,1946f4ccfa44cab47b679d7b76cea8aa15aee7edb834fcc462c77e3924ad392a,0,68,68
6467,84c68f91b99051fbb458995ad712a0a7959efd7cd7314854ae0e40bf5d3ea218,0,68,68
6482,dc1dd9e3d264dd6f3f5ae08e19758355085e2c3cea760fb9a22dc6dfa57d1822,0,68,68
6483,4032220b5a9087979086389841d0916c5da49dc76415d4b0a2c7fa633ddea465,0,49,49
6485,3e71817fde0397bf89bd3fc2f28a95a3c5a10a29481b070b2491eeb7fd2b7ed6,0,14,14
6487,ed43076c1c144d39f7f1f78cc07add4c506df014cba930e8e4c90af2c9e2f972,0,73,73
6490,38f8d729aa9f7e520929b72a8372c5183c598dbcdee54f4aa9a28978db034aad,0,18,18
6512,adcdee0862efc0a5be351155ff7dea2471f74bd4962b00ecb2199b9cf093904a,0,50,50
6515,9590ccb413bee62f01239a7ed47877e4bb444db7b7cbd66a8cd692c002fd5978,0,79,79
6518,a949393c4f63dc5757a27902f91fe1b1d866a28adbe791e7c725f24529692ecd,0,14,14
6532,37b767d645b424271a187b0e33d94f216af17212086f0632f1e8578053207e39,0,80,80
6549,27c26637939bd7c9080442b25485cd7dadcf9e92a0f7c1bf3015cccdfdd81968,0,73,73
6553,03391447a587e2bd485356ae372db74f30c8a7d69cd35cc18f53fc653874f887,0,27,27
6558,1a31864e684cf1b0bd07b5c22558793daaebd78936d9fc16d1d13a67569175b7,0,82,82
6561,847bccbe9be5e67ddd5876d055310b718afb2172d0f70b1a0160949eb1a968e6,0,79,79
6565,ede65c1b7f7b84c3d13c11bff66ea8753bb8a7adc4f275cb0a33e61b34a59c33,0,82,82
6577,991dc1f4d7b20c657d804f297bfc0ed38961c67d29f667bdda1a6ccd4ed53396,0,79,79
6583,f432cc1e58367868396cd2fa6b8a76602dcab3a73bf520d7915e770fdf893dba,0,14,14
6590,0529b3399ddb3a444c2981c82bbc6ff86fedb31a719a8606406edf83431977b4,0,73,73
6591,f4b0f2b247d66c1560d0b3582811bda36af07ea104f034582494ea3ff10340b2,0,22,22
6596,7925d133f06317f3499def3d1b0caf78e2dc5174cb05856e34d646c584f9717c,0,73,73
6597,8a7ac25b0b0724ca063f23a95f7dff60c202faabd9165d150c447be089cf90ee,0,72,72
6601,00e3814eb0e115fbd5bd46463e9f5fc9cb2ef8dd9f050aeaaa1800fd2231b12e,0,5,5
6605,11fabdb318ba6bc8b5c30cb1e7c49bd810e965e9b5b08a21b2d19462932be567,0,73,73
6607,599199f86702b64bffd0909c7f2ddf5da4c328efa99376d5299825ff28ca9218,0,79,79
6624,e7eed4a82295d7993fe35a625b8e603c111df813cfe37b1d8dc55cbe01eb03f6,0,8,8
6631,fba190456eb8345c30adc8bbcd3ceff175a3ed2d6046bf284db6dacbb4092893,0,73,73
6643,2d0546f76de98fc71abe77a64daa324f7ba84de2c5960eb32c072753c7f8ef39,0,68,68
6647,c38c02db0d3e6101b2b52c6c3d2d10922eda6430fba1750457afac4077b30b8e,0,52,52
6654,8387f92a7c25c381feec92a5455f6c7aa8778f2335f580747a73e256a86c9324,0,68,68
6671,9300ea7eaef4f62c8976010a7339e700f14a0a999c5c2557ddc72bd097a21a7e,0,14,14
6679,55316efb80c2038f38368f5461bba65423e2c7bcbdedf7340f64c77f5c08c703,0,79,79
6683,5afc5ae631554f29299d13a58c1972bf16f6baead1571c2264de37d29080896d,0,79,79
6689,d16dfbcd561013980f60b2bd64c18895f33bb5ec56cd14889309b2ee632728ca,0,68,68
6694,04609bba785bd77a902679a1b6fa6a07685cbeffe68671b75c4bfe18dfbd65d0,0,14,14
6698,2b977a9c92e48813ba3db61115510a295e0c2253281a51b143a0333a5652e63c,0,18,18
6726,550a5c48b715dcf37fe3a071663a5a31df45a979007951c121159bac04cf73c5,0,68,68
6734,9ccdfbb875754e4b07ef0993005c5d7948ee2bd92d5f4e7efbe38d076f15b819,0,73,73
6742,43ba459e83c28e307a0cde3a331d7db23802d3591e48ecb5fd36a979e5996489,0,82,82
6747,612849483ded1c21b0bf68343f38cb289915ef5153ca6410ceddc76360fe2150,0,73,73
6748,205d9d0c4db425e12076d7e297f2c104c1ed77a0a31ddb7d6c58a1a3f642e8f7,0,43,43
6756,46c468a544a6bfc1558aa130f26ad1a8b60f00623f0e1b010e3098e1d5bdf3e6,0,68,68
6758,698be71da13cc8426b177d601f3abf32a5e23b9768a10fb4b6adabbbb9fb6bac,0,79,79
6762,61b2ea686c0e3c4295d14decacedbf6bc6874f32f53e951bafffbf8f279fe868,0,68,68
6769,9df182cd1e1acca277f98db30710eb70b194c8efc9a15b25cd8f9737f8aafe91,0,73,73
6770,068ca4c96fbe03aef4dd69a2364d60f9fd2aa04262014030e6b93504a6208336,0,73,73
6772,2fa5833b1074f8163f751d128dcf59cf232de0479c103d2ad818c5410c618caa,0,14,14
6779,7fdd95d8d4b0a862274e4e7b964971ceb11a576b893ed2e740cfebf29adc220a,0,41,41
6784,d6bcad24e8ad86e3b5239411dc52fa20e5664616fe333f4c39f31d6aeb1bf27f,0,14,14
6787,9b61cc3c0f47336f91409187bff523d4e547c52a57e1515616ca063feaa6f525,0,52,52
6790,3b257e2d4860d2f6b417f73ecfa07a7d8c8bedcd7c33f91587d8079eb54eb13a,0,68,59
6795,e950796516417043ff73d5b7f200ce8e8720228f9975253daed32f35a1ad8fdc,0,79,79
6796,5c09ff662a4e571c7998d4f9024b4a916a1978de6a4e6adf1ea80cd4df15eac3,0,79,79
6815,47ab0b6ba9e317da5b269fd59ea4c984d76e4df4dd39919c1dda721ceee20113,0,82,82
6816,20af1f114f5471540f4ae2d2c92007a3dcb1730402edded27195da134ab84fb0,0,18,18
6821,fb7ecd282d44f83c3f83d7cb3b620074aee294f3480ff4b462ec1a778a4bfa11,0,73,73
6824,9cb663632143231cc8c93ccb8b6d92e0868f031abac845e56397cbd81228f734,0,82,82
6833,c322c1c812503d6e8dd43053e8e615d7eb63aa8392c0a6aeb2a7bbbc1c65ab6e,0,79,79
6837,0a57aeee6c428622a5bf75985f2bd579bbe33406a940b25fec010deed3a1fc61,0,14,14
6839,7a2f7fb1fccd643cf5d965cb004008eefbae0fed882a310f6913be397f1f0063,0,82,82
6840,d27e30069105a1bae15aeb7452346a8a546b7785b29e8531a3926544b5c0f1ac,0,68,68
6852,7d49d7b310e44ba9603aedb15346d8e906b682d8df6e7dc9f174e0fed8a818cb,0,79,68
6855,3598d1a9b4a9013d3ea7fc6d315ee38773213e14a490d8de112a152fb20685f8,0,73,73
6864,9b4537b2c97f17b03852c966e66783c72b3775b98e465fee7f312474726895bf,0,57,57
6876,433255e0136ec0c2364ed3eb53501033e3a4bd930b037d87749723fc82e1dfff,0,68,68
6878,fa39c0eeacf8f8eab83af89801c8963d6df1a0b3d3c13999b227959acdb77851,0,79,68
6894,a6142eea6d3112e034b7a57f83834bad02186d144288f9e88c9190f3778ed0d0,0,5,5
6906,554be6cdc743ac3f812504efa33d47ac6f5dc421e7942e104d01ed10cc8ae509,0,43,43
6908,ff698835be77dddaf10b644f1633647aaf702b37692a139aa7729396723c58a4,0,73,73
6911,ba5ec85458fdf2bf68c3a21fc73612c8cecbaacd85dca01e00e9aa1ec75549ea,0,40,40
6922,3fcefd30af4693e18765e7747bc0019aee3ba74b8eae1e7928d9b2bb20ace85c,0,73,73
6924,eb98f50b6c543628424f0b8aff785f7c10326174e82ac5179f1a8f20592a8287,0,73,73
6927,a34984474ae4f6827d19323bb0895f70bf820820389f955602453616a7aad11a,0,73,73
6933,681501eb882601bd7be4959116a3b05dc0f6b8aec4e0882ad255ff4092259797,0,73,73
6935,5313341368853c613626e5686e125c4a53b5aa9dc07f961edc965cbb58dd4277,0,68,68
6941,9e763fe3b570c4ab26047a1bd627a5350dbdb82e11eb344b611757b40e9ea1db,0,78,78
6942,3df58370b5c4d416a3fe69c741a89807aef924de0dd713d2c7a4cfd782681096,0,38,38
6943,0c5460b0397954d01b46f0b9bea491696205919a29b05cd83bdfaea5f287249a,0,73,73
6952,851a2950044b2c09a40253973ace85301117ee9dc09b6565c4001788359e0f24,0,80,80
6970,4d2d5e6d10f12b364f3f533cab487ba4a0a11fe83d9fb3117588dbbca4f81a4d,0,68,68
6971,c2cc18d5e95df9dd9fae0fb347d3c8fd3779b812b62e420e5fae58acd571509f,0,18,18
6972,5c7250ed873ef9db609e4e47daaea9fa9d6bbbf159b7d6912a683c6f89a9483d,0,73,73
6983,61d53aba38234712d514f96338f647df678880643c20d7d33b78790ab01f0fe9,0,5,5
6986,54ace292c8b6c5c8b1391042c955262632d9202121eeb8301ad959e9a7ca549e,0,43,43
6990,176e30d3b6beb5cc5e8671a8d1d15372377a1e6093d11356eee3db84d00c6bf4,0,80,80
6994,c95bc70c554ed3a095ea21e12f1e791d6f8abaaf54477ef0ae6e264094d1e4b0,0,79,79
6999,894a3ad04e47be24c42da6e828a2a88c1fedee7e5d91750ed0667220d2aa04fe,0,73,73
7001,84755bc7a431be4e418de26eb2e63b1093ba7bb7e26bb5213fb2806c0ea18efc,0,78,78
7005,2682df774d60aa82a324e7fe1835cd5d4a5f9cef4002f4f7a172ed3993c07756,0,82,82
7033,19f3379235e7f091916208d6c363784d0ebb01e02a17b3e3d1adbd005202f583,0,73,73
7041,c64d33d38c6aaef44bde78509f8c8802c9e1bb2b34d40832d1444ce458c53586,0,43,43
7044,446403889b00a0e2a70fe9cfc96cd498b17630c26600629af1d615dc4ead9345,0,27,27
7051,7a19396ae143ecb01a5567f747920c0239d2af88f571d38080e8fb46fc5fc1eb,0,73,73
7055,cc94b23662a2ec3fd059c1d0380cb1a9d0c66cd73dacc960a181f14f7a323f72,0,14,14
7061,d8d1ceff013bfc6442498d8b6296b36b4a7e9f669a545752a71045c7d9e5c2be,0,68,79
7063,b702f3d6eab42a2a7034562c17836f00c1c9cb2ad51dac3612ace8be91db96bf,0,79,79
7067,82c7f71ddf0332e48c61832ac30a83dce89ad4314901224d51b4a560aa5b36f0,0,79,79
7072,2ed197468b4f9400d12c6afd9530784c8bd6e8e06bc1ad33ed5b53018bfa9551,0,57,57
7074,1e3aefd639b45ea591678da9fc7bd1ada1f1670743e0f3b18a3acfd47bc9a520,0,73,73
7080,bcd57193f50e0fdfef674a3009e84132b5f16d4dc5f0eaf0ed51a39a9952f95b,0,73,73
7105,88c85deada911750e830fcbc1fa7f93c6eaa27212a983f464d7d095ed72d4ac6,0,68,68
7106,dcad3f0b2dc4d323bc773744db38da47262654cf52efbe2f45f9a5202250fa1e,0,68,68
7109,8c62fb3072fb04ec577a85c1f1cd5d19403cdb8eb60b9b57ccb6c56510b25c77,0,68,68
7116,44a3a8a3a13eeaf00ed7cc433c4497c302fc3199c0e4c49cb33664c120238190,0,73,73
7120,30685969947cb27362c472a9c92ce40a276ce3cf27a6606db5f651417721126c,0,57,57
7123,f89469590b5edfa9774c44ae2e70dde52b210e7ad916ee92ffb890284ba463ef,0,73,73
7151,583a70cfe6ec87080ee3b073c35865465dffbbef12af9e9f6a32b16fb90a737f,0,14,14
7157,f3e6ef64b80225a8cc3461d78507533edba6db47f3b2b27d7cb95dfbac508b36,0,25,25
7161,d625a3b611e18a016f73e866191c9c1d03e5e3e35e2fe4e60e6f6f3811a46418,0,79,79
7164,f1fda22d1ae2e1c75074d92b3911d3f01fb89cb7124d459f84a5d447dd791810,0,68,68
7166,3a1dda66a7ca652ed784ed3f35382686b3a820435d8b0cef364a17a851ffa522,0,68,69
7177,215e31824af87a7a2b0cb6f619a41be521509cfaa9f4ffbacc61899ec01fbf0a,0,68,68
7192,04a207f115c9343b2730fa38781fc2a382feb72a699a7782535b6249eb49b830,0,73,73
7195,c8da7460b5cf0aa68b7281c79118d217d7974c9626b7119128a658fbe43fc6d4,0,9,9
7206,6b546fb7065d4be6edd7d0c5f4f427786e2b7655c3a24cb164ad5e7137e1c794,0,22,22
7207,2b7697cc5db434aaeab2d64b66a2d8a6675a8d12a3e670c7bfb501b8cd52c5fc,0,68,68
7215,3ba2170ddd794cc6179d80c40f1a821bab916db5c3bed63cdef9e6705dea51aa,0,69,69
7216,d50106e203b412c8addeeffac31ce33eb809ae0c73b1137f1075e7611fbc4290,0,82,82
7228,3cd008098bc89ea316997db53088659ab1e3826b9ac54974697389eb0917d965,0,68,68
7229,0961d7d6f2e34e84ae67924c502cd9a422b45bacaf5ec172c120a7d1c58dc82e,0,69,69
7231,212ffdbe5e68c62ffe4aff7ae3b3adacb3930d617795122e625ebe6094ec2936,0,68,68
7236,c1fd927ef89b926e1362176b587b4057a8c6360b46da3314cfa300724441aa95,0,82,82
7237,7f3d2020c58e6babda194d4b2fe0fa87c16ddbe43a5c7dd8158186fbc3738643,0,73,73
7241,f370a8d7312e9827c7c917a5212fbcddb15988a77d85cbddbcc0141f78666ceb,0,12,12
7247,98ad4622a40211c4a62946a429bf3750f199e2f2b7de5add1b88ae335fc0ccd1,0,79,79
7253,3eb8622aa17780899f06e1a594d42a15a8674681c1c8649335a7347266a49a73,0,43,43
7262,ce73b9fa3f3ebe53e938939575c69efd2dfc08ce5bffd94edcef85eda0c9494a,0,73,73
7264,5d994df24bed672078dbf81f4511e06eeeddef5768282f8168e6a11e567d1302,0,79,79
7271,a65ac613cb785394bf10694d6695e42b009d61eba2c06cf0bd457ed1843a7607,0,82,82
7273,6428218e7e73d39ec67846264636e178436b14df81b4d7f9cd89359c9ecbd5e7,0,73,73
7277,48c0df05cd61716e12c589d0b01d8ac629be769d5e40ac938aa740ed49e13c09,0,68,68
7279,f77be72b615b749f1104d8dc4257f953e3479c0f0c191dff3387455803c2847b,0,68,68
7283,69f9213c2a191f2a0f24a37e66fc6c9f6e773147ee739083e5f06dab538b687d,0,68,68
7289,ae503b7b66d54010e8f18694650ae46f5bcded0dcb20ac32fe5f4277ba9ec828,0,73,73
7301,0b9d40a6f13b476f5091df587c3afcebe1ad6e911616159a15d25c38322bb135,0,68,68
7303,4b7064b3e08a4643dab19a3f00815740513928ac39c4704171a10c42cb4b834b,0,68,68
7306,c2f1bfe9080ce62cb3164e76a1d7176790bd02035b8b797836f0ac6bb55584be,0,14,14
7318,d2706453d97a51b0f7593d9aba1fba55df0b4a9c73f22f3a4e28e806246c0c14,0,58,58
7322,06d9ea70432aa8479a4ae648508395b724d491e031984edac9f7cad5b3a162e3,0,79,79
7334,4334b99c39e8604c25b70fbf1f6324728618470aca32ef1dcaf093902b054547,0,43,43
7336,d1b1bd2ee47fd7f0ba06d87b2946c2b99f461e781e988465fd8fbef761d74e54,0,43,43
7346,10f2fbf94256b89b16679b5dac497bc89889a1558d0769abfe90f556cf600c95,0,73,73
7351,6f2104cff96e15202545b7fb2ab6ed181151bb6d0b506fc3f612c8a4e8f7805d,0,79,79
7358,6bbd78bdf65b913939b4e5897d27f15a6c6cb24795d96fca245da28425b2fafb,0,68,68
7362,2a9ac08e795e01d0266cc32475fb0be775ce2d1ec5d0ceea97320f2833347f02,0,68,68
7363,46c6ff00a1e249e541a422af32695936b678434819c92171ecc299ff76fab029,0,62,62
7370,b44bd0010ccecbfb7139808ac6a724c4ffb74cef7104092c18560af05d81e816,0,68,69
7378,9368fcb0452eb1dc6867eb6c058735aee35178febda1fd5d74531bbad3cd171c,0,73,73
7391,222f1358560bb7ddb38dcf7b485abf65d66ea772ec2ec40ccb1eef8f38e49c4b,0,18,18
7393,719f7aff3ebdac3c7548baf9d581cb36c92dd018f8a52b40a995781fb8eed406,0,40,40
7400,5712954422a40e9f4a6665dfd47462568793fd2e5ea68728d69defd2cf2b0915,0,79,79
7408,a685f227de8b567683c8bc31268114c5af9a3b052b3fbda4d151c2e4ba5d081a,0,36,36
7412,d4556a36a6a4f088059fccc017ef0865499446be7ce5547d841edbcc56572555,0,68,68
7421,dcbc50d2a91614b24510772f2018003d4e078537aabc918bc382b713de3a54b1,0,73,73
7424,5e65e964a4b0c175631f890925c0cdabe4b07172948955594f8246aa6775bfaa,0,73,73
7434,edee9c991b85f1bcc76d8f38b0cde8fac4fabce1c94f48817b3f2ae65b9a860e,0,79,79
7444,fd3ff4f1a8c6349906e3ca37d2dbc581cb7ad076001d03e51d50f463f4247d09,0,7,7
7445,1d60bde256f14a779f808d44bd590d3525cd38f4aecc0ad97e239ce967197b1b,0,27,27
7446,6a65a02eb46d74703fa55505621b15f6752a7f39589d8900eaf0c784fadd8dd0,0,73,73
7447,e18fdd875aacb2ac2bdfd29b858a8fa890c583be82ff6ede832038b65de3a6a9,0,73,73
7456,9d7f5872cac5d0754c9c99335911c04e0cc265f4ad0355c669498034f4f4dc8c,0,79,79
7457,332dd30d6ab23dcb2d517afc3ce0f1808f72bc61d321cf691a84d1dabfe792e0,0,73,73
7484,290b5873ab826552a78a56a6467196437a285f931beef1088d8b04bb61ef2c28,0,80,80
7486,37afe5f9a983a253f041faac196791c327a43c416471279170583fb551a26e14,0,78,78
7494,d024b6cdc369d26caf2a8d57aa1129117b00c87770b5bf7b8f64590dd4a29023,0,73,73
7503,92315caf78312bb3352d99d3e3eaa19f121729ed8b86da01d15a7a805c6df7b1,0,78,78
7504,80c8ff7b833f5b81c37c8337a89d0f6fb95ea2919c1c3358f8737b3d81989b80,0,5,5
7507,9ed1528d0c999b671e215ca18335f7fa3089fa69854ab46afbc299f7c831b2db,0,40,40
7509,2caeeba8a22f56dc39475a7dba3691325381aa6fd250fb9e36abd27e8bbbc21c,0,68,68
7513,5adb3dcd28f31c5aeda4811e858617c5e1b40547c65e641e2607782ba321a4b1,0,79,79
7519,3ea4adfdc5eb64aff4d9ad84c8fe5fbe5e28869713e6a168c408778f8d8144b3,0,68,68
7522,1b4906521bdb2791adc333524b25ab66dd585bdff951b854f598552aef6e85fe,0,78,78
7538,3f5ef185dc3eb51a22a72fc20cfc989c4ea99fed140f38394909f68cedb31ff0,0,82,82
7550,6f64b29fdd983448f9777e55c0e9d67241d764ce94b1debc9f4d46b4f9186c6a,0,69,69
7570,68e8875d3c6549f77c9f3ba74886c2a2be1d8399339e3699fcd1c403f73628c1,0,14,14
7593,f80eddbb4d5ee06c60d7f81acd611c8d1102ca6d1dfd77aa4d34904ec8f2ba90,0,73,73
7600,b67680706fcb9c48bbf32e464df331be0475e8aa4a49469f62c93e99344e30d1,0,79,79
7613,046a0de06f7b2e4685208f2128ee70b45380c3c36c6e9ea79141befe5181ee4e,0,79,79
7632,76110ee4dcad13f80d70161f0fb4ce2b943d0d8a64445d642539b809f5db899d,0,79,68
7637,4f96522149129cf1810eba17b2a39295f61307a619f5f362fb39e780f5080456,0,79,78
7666,74483725388939fcd2029415c130651144b3b4200e61f27516a12abfe332f0e3,0,73,73
7678,6e0fdd787789f0539914aadd3c0476b52142482a333917ca33dbbe973e582a88,0,69,78
7696,3d12a72ed326af7721e59f93344bf3c8524f0fb90205f41f56f5ce8b184d60ff,0,18,18
7707,30d596ec0a74ac004f0c784d7f80a303867b89f95baccdabf4f2610663836285,0,73,73
7737,44ba3da6f0c29039cf03bca4799ac1d44e3ef0c97dda2d1effa9beb33a58ddc1,0,79,79
7738,9427f79665aaf96dabd0d6147abf6f5681fecb1275a8dee7fe6a670fda3a68bb,0,18,18
7739,f3703b5ddab9b7afd6d6334288dcffa463e079e6045f74a504e11116055979d4,0,68,68
7750,9a8f365b0a781f5d48bdd7d44ef6e8e729b2e50ba52d2d127542cc5800256ab5,0,79,79
7761,a8b907c2ff6edc357624833b5272499589122b3e18c926777c5720fc14369a73,0,57,57
7773,f210ed23a8bca8347945caefe915c68c3499bec2abbd11ec4bec51f1a4b51ac9,0,79,68
7779,3c0ca2bc7523f1387d5ec511a59172e9c8056648aa3056e83c1f625edb10a04b,0,43,43
7780,7bc5190482f2929836818fd457996ae3b094967381dc709369d7a2dc25cea18c,0,82,82
7781,885d59f918c39e427248537a7296f3a655b3397cd51ad80aa9c09587d58df84d,0,73,73
7791,dc3602609329fa644879e2afd6f87af03a481a0a119cd182d153619d15f20d5a,0,82,68
7802,754d3e22bdab5e44a0d267e66a9203d18a728e9df2b73293740d72cb888e0351,0,68,68
7822,17911c27d08698c603c3b5350e47ead5cb23bba484e968a3daef9d076dcc2032,0,37,37
7823,97598112a8b6ef827406ef66d3b1ec8d1422f9634ad4bbdb3c2725e11cee83c9,0,73,73
7829,013021dde719993baa7a8313a8e2702ad9b8f525cda4c10de9e07432f588998d,0,78,78
7832,823e955c72a8b68ebdda99ddcbdc5ff85d2bad07f52d4235788ecc42609377f6,0,79,79
7836,77875dbcfd5f845980dcc97c33e98a66338048e50fae7e5913c88e02ef4bbe05,0,68,68
7839,4ad146fb65105406099ce5d61f0f573f8555ea73066775ad3ce68e810356ccbe,0,69,78
7847,6bd66c8a6ddd960adc5f8b4d385dd6cae66f0d8b88e99f545367328924755601,0,68,68
7863,61017d17b6d62a5f0b1dff31bc0b2de5d8a65e7d34317b13f817fc794ddc906a,0,68,68
7871,67bddef8805e4f42df876664bff243ed3147862ad1b013a6069e355c9ef2c5a9,0,73,73
7877,22e98616a9655aafa6d5a612e778385cea336b8910fc9af9d1ffa38c41110e5b,0,68,68
7885,10dc5d6426626fd38c985210c1a3547e36c2db9418ebdf827d8f0969746709b9,0,68,68
7889,321ad8f01527151c14f018401a40325f8a9b55bb7610c81dd51096f6e17283d0,0,73,73
7894,732d6cb62af33277d7e0b6065556e925ca87c3f4bc4a57912199fbd7d6169a97,0,43,43
7898,0aedafaefd8129f94e442b0619aa1a529b04de1bb747bf7e012c6a8711ff83e1,0,68,68
7901,16e98037fe42a72ee87c80cc5d3a12a92010f90690a57939901043d31635d746,0,14,14
7909,00da35aa36698b272be3af6b1e9936e7469f9e051aeaba325d60c76796cd25ca,0,43,43
7920,c5cf587d43e6a75cecd966da0b717a861c17ef1769c5a7c636db88427af0b62c,0,73,73
7926,0c1d61834501add79529f4a08ce4a5c2059f7a36607c10b3f23a12a9da736a81,0,68,68
7930,8b20ee61701c49419afda614e82793119d9750cc490047178a0c43de00d27254,0,73,73
7946,aae19cb41c7ef9db50207f540eca60a95357d4e73584be550cea749c803286f6,0,79,79
7947,26e57d5a6f83ebdaaf0399047acc923d0e9c266c5c4fb6593a147540c9edbeef,0,68,68
7951,373e62ff499ce924c39cf1239e52e9ddc1711772242e0b3563b9c85dd3b4f147,0,73,73
7956,c15422f44fd30ded41a3dd8c12892ea0a03a80b7893bb25e2b5a5969d19adc40,0,68,68
7960,5988b5cd6ea34830a09b7111f5155b87052a68272c410bb02cd20ea2c83de21a,0,73,73
7967,66ad11b11f1f30a0eef3fdcee72ec64d1252e6da47b58935e57dcff2da603bf7,0,73,73
7980,1fb1cae0d57c6e8339053baa1c1d79a0e1e7dc7e5c901d9afdec0bb5925e9426,0,79,79
7981,83deffd5a762452ec7d011e71e94fb91b8c18fc0dea4546753e75d1bde8641ba,0,69,78
7983,71a67012258642b26b6e51b13672c51ed5f2a9f89737d92fc3776f95ffb2f8d3,0,79,68
7991,a0acdb695d3a922160dd075512202c55d4e0c713501cbf33e4aeb6bf04c0c356,0,73,73
7993,d27b7de7879abbb546c9f7354b714214fdb42ace8413452abf8ab91abbae756e,0,73,73
7994,c2bd18ab3781023d1fb84fb2bc093a3479345a6892443e63f0f15994b0a1f41e,0,79,79
8002,c8bedbccf5d1a8fb722db1085238ada9aeed03980387e10f8d4d2d70b7da2b52,0,73,78
8006,e1587b46a6cd404792955602bb4b14247af30827746314d37c5e609a7ae3b33c,0,69,69
8016,c8fda27d8f9f0686735f45621c8f8a7eecf2acbcae43b8c58edeedb7f0dc14ca,0,24,24
8017,3f4fce954112410487cf03ef28c5cfc36b7e39b7247699f9c96bd74366a806fb,0,73,73
8022,15affc5c0b173699f9470d47d197fb95131199d5d15311e589d9c0c535e279c6,0,41,41
8027,129fd124df0340eb096a78e7bc7ab1d6cfb5e6032e914eefc7b5c5186f9e1906,0,41,41
8030,adde8ff81c8d84a30df389aa1336636336c171b87be3e26019576999599c0514,0,18,18
8033,0344e8b7efdc0d4da76dd506823b5e0556d3483aa07fa2ea926c43d8a6cc18a9,0,73,73
8050,86a60c5cc9c0582e51993126b031fec33d877945d077ebcca460ed09afd3418e,0,14,14
8071,831521e399ecbfeea9ce5018dae23aec38085062a2772e6291b167137aa77108,0,82,82
8076,739538a32edf1d0851670b5536bbe62f43a482b6f79fe2025d7750ebe23c618e,0,79,79
8078,679994dde4f00d81a40e3fd3515c77b51047c3c1d783cbd5a87c274122ca271c,0,73,73
8081,d7f18a801d8860c0602ddf07a61dde633f7e61b238ac879bbff5797e39153db1,0,73,73
8092,16e663447388d60ffb1d29f1df026e9e24bfca92d0c1a557fa080db3c1cc605d,0,27,27
8098,58de6bfe0e1af864ef8fb91256a82c806218c5ff39fb8b8eb328ca7910de0d59,0,49,49
8104,147685e2f15dab553d16cf6891244daf78b03c71e956511a2708652aff8cd065,0,79,79
8125,a4f3755a07368ca4feccf88373555cd9749e62c20162b93260d0654148323e5e,0,18,18
8126,c1c7b6f30e0cf790430fc27fd3b8b22ceb438d869c62af7df7c4a46709b18ab7,0,73,73
8128,9bccad5d9f0cec276ce0b8e537c37fdf1f9a9c3dea9895b3c1ac9334ead0ca13,0,79,79
8137,36de87ed5b21d7652a5699e64a046592781a51a45837f5bae79830e0e1c4f0d0,0,73,79
8155,ff7475e684560cbcdc0e8666e0cad6cd111e5d4d325dcd702d7ef48f046a7daf,0,73,73
8158,eb7d79cf418adb48e41573374eee6f374d442c37247fa8d61f0d0a996a0430e3,0,68,68
8164,b52a3e535330c4881bb3fb7faa9dc4f779a36f7fcc55bf655421c51527619915,0,73,73
8165,cee5bd016a10756801e75fa39cb672be8bdc8f43c07ead8247dab0553331c276,0,73,73
8170,0c4305a27ea6e21f7d72b1a859537ef16f81f46379fa0ce9db6594ae0387e5f8,0,73,73
8176,3248926b819856dd00a6a24ec54b27cca873dca8d3d451284816a8d638f7ba68,0,79,79
8177,be38e75800f82d898d6cec769efe66a3e2281d60a57d5290327c1d797207b699,0,14,14
8179,bd978a35513efbcc53c4bed079a36d39ed5ecc13f52ef54be15636e72851ca7e,0,79,79
8186,3f260609fae11499dc85ae0bc577bafc958601fc290795ed79c2a551941f7bfc,0,73,73
8194,237963ff482fa845b2012d3bd41ac7c96cde8931bd17d59b3dca50160ff5ffe2,0,68,68
8195,b472b0bda995ea4e2a36d4fdaeb82a4bd04688684742daccc69c31ee9c87fab1,0,79,79
8196,fc564971d7f1d927de2829322708578b182b4511992ff1f8217f994ba9b5a9ad,0,73,73
8209,163805186a1ac2a426bdda5226e9b1ff323bb4e37e0ac6bbe1629dce849879c3,0,68,68
8213,63add64af8e4084a1903fb9207852e260227000b1a0aeb4f6500ec64b6225424,0,73,73
8228,e23ef2967c98a6b834d972d3da50bdfe3cf798935a57162570dc804d9e2e42c5,0,5,5
8238,879fd63f34fdf7df450a50098c5a7de69083a0b9d6214347fc087e937f11e206,0,68,68
8242,01ec6d7b7bcda14038ccf93ebeac5a2c0ea10ea5e79273f52daa8810a4d6bc29,0,73,43
8260,61f359d2e4f14b4edc0e883b4f0c8bdcac7729743ba70fbbc81d7f277f02447e,0,27,27
8266,168bc9695229e92c0418c7dafb046ecf2f69ccffb5ef25c2876a527659779c39,0,5,5
8270,6d31e89a3faffdf3d7cb36c6f4a5b6e6c8b1c35aa25fc1a053a3ea0df5ed2611,0,68,79
8273,785b518964a0a90ce8413b480dcb4ac311f730270fcd3928830410de1dc15566,0,9,9
8279,ead5bfd292f4510ca4547c16f6828bf5fbc796fb25151bcc1a3d7de3b2a139f4,0,23,23
8281,46154230025781017cb0a1b27ddddd3078693113bd6e8820abc38f8483a3b222,0,68,68
8283,c56fb0a52ae568f70b04703f5266f2c012599cc1ffb7a34f547dc42835492b36,0,14,14
8285,bad74a2e3266102257aa7c58b79cf8ffbb62d2709415cfeb61e8c9fd68bc8e92,0,24,24
8286,5ff1d678614e5de1a056155d81fb38952f85f3c01a268ed660d0f1da8bce584a,0,69,69
8305,5e0c7118eb3fd2c218e5d5d2c315f46aff365b51f5697c6c137b11d88e21207f,0,68,68
8306,54d5010b87f3764480f616987cfcbce57e68e2d9186d49e0075f20e88291f84c,0,79,79
8315,e0b0458c66985893a5b22a0299f022001343fca13a1a98ca039d8ce5338d0e60,0,68,68
8317,680f736b8d12268f5ff143cf9b80bd074e224195452fdfda1d74e3e4744a0302,0,68,68
8327,12026d61d67c3a69d80bc604e860f940c174ed00d5aa3fe497a13d2f7a7ad888,0,13,13
8328,c19359cc63cf7c2f8f65e7ae34f09a6c5466e89ec1c62668f93f46bf44642788,0,79,68
8330,f91d64c36e4ec7436c49546b5b516398881deb848d50e98ab9be4099ed2125e3,0,79,79
8333,13fd2d7a067ec792da4fa083453bca9c62576d933384d89feaf51f3d94256b12,0,69,69
8345,58378fc996fda6182123e709bc87f9ffddd9d28ed2e2aa9a48db7c06e0d16dc3,0,73,73
8347,48b48e890e5446bd33d9663b0e9d068972a73aa7402d4f79a4cb3ac280b42d25,0,78,79
8349,66bc9206d9bd26bc6450d50c02a242f99fa5d2c0eaf39fd98201812c477f2f76,0,73,73
8361,a4544a5f9b9b55cb23919a93ed3f29304ffc978b45f7e4c42aaa42c3a1d5fca8,0,27,27
8373,f0bc27eb0bf9d7b7ac94abbb9a9d0dc95ebd30090a33a233c81925d72895aec1,0,73,5
8398,2a3d0afea6e7a17ca311dff05a6d9713b2ce268fb6e3fdbd1ddccb66721d8015,0,68,68
8400,445570b01b28cdb0352f0b26b12b73e39aa11d13e20d3ea0d21975faa9810764,0,68,68
8403,f9628ef5050c8f4737f736d079801a04dcc5363ed521f7ed0b4db38fb2ac146f,0,73,73
8415,7902b402f6c0ad27bdc70949238ebe5b92f81410aa5f2995136ab36a686017e8,0,43,43
8425,bc0b2d28800466d41278399ea8bdf189977b98a9ba92bf8f2fce0b51c098bf06,0,27,27
8436,d7a3b13816eb110b528864d7795139bba958fa1bad829ded32a284a2c5fc0233,0,14,14
8445,ae1f6df4f651c1a2a1b3fed816d380918f0e07946b914fedd61fe25e6d05f83b,0,73,73
8448,6df5c413b6cc65939b251aba7c564d8cc47fd46ef98e934c30d36cb61335cea0,0,73,6
8451,d185212d9a2112bfc8c8f844897f88255df4bcde9376df634cd1370d4c9ee53e,0,68,68
8458,04a8a3b164c8d983bbd736e6d11a1cdd330553744604ec928ae42ce56cfee23d,0,58,58
8461,896525338cd4a4c72b2dea152d991641386a8d2b1f20734fe9ebe675cb992f86,0,79,79
8467,8febbf895e0b2f4dd1057391eeb58b32a3756eb6d99f05b86b7e8417496b59fc,0,68,68
8473,59ef8c13701a454d9bdc48c391b090b2234f15a10617b8366eb77afdb4565468,0,73,73
8481,e146dd3ee186d3fefbcfbf0f769318a6940e94a5ee1d9e5453e2b5fc0a9d0a6e,0,73,73
8487,097fcf88a76e6d58cb5ab9c71901e0d62717916fbd2cc937ea9a70c62641a43d,0,14,14
8493,78c947a7c4703246ec16f48481d9e609a94a6948ed6852be786bc1f50391c6b6,0,20,20
8494,d78c299ff9ccede8cd251d79a5e462f1e5618d2d042fb4f94b6d2f21b0d95843,0,73,73
8498,c19a2446fb920ff65acdefed252070982e5a7178926d688b4d270beae1b767f4,0,14,14
8499,48c41fd0a64bb74b48627abf43077d9bd0d336f4314be031bef166c3b5157946,0,26,26
8505,ae53ec0a67875604db69afde4268cf88d5a1cc977d8451831d6116fce6b8ec67,0,73,73
8512,3782b6688934cf63447ace7b320bbe2892e777a482a1bbbc2fe3f4ab4eb1818f,0,73,73
8521,bcdc0a6f3ce7577a96426309f5ea0e700a66ca19d7e19077fc62be6d6040e9a1,0,73,73
8534,bb9e107826eee1fecae24c0fc8950711c17908c12fd858093ee9311251f8feae,0,68,68
8535,641c6d7d16902440f2245ac8d57457b68aaf9f14831768e9e4b611a4db3f2f85,0,68,68
8539,eaed4db932180dbcc5ede7a2c464b4029c48bda1a4dcf859335a4d0c3012b28a,0,73,73
8560,e9d83d6344a6a38061255300ab5e11ca0c708167c2192f9aaaf46a80abbc9ca2,0,79,79
8562,f6b7b23928aedba3c58799aac5b44d3b0217a1401207efa15a5eb50004207294,0,9,9
8569,39b617dcb196905c51c2f2359759e29be095762a3b0a3ef89fd3eb6ed275f37d,0,79,79
8578,fbc7f61c132fe3cd7c7fda055f9dca68d755b1f5fdcc665ab0423cc627b28d29,0,73,73
8581,e9a41f6b51e2a119c5eb379aa96e1c8db605ee206c1581c4680530edab42498f,0,73,73
8593,366bdb69fbb8dbf46329c05460e7792de8a4e18ed565e6d6dfa94c1f9eaedd4c,0,68,68
8610,45228acf5b1e669593a9c0407cac0f613e27e4bcadf69d6f99595339cb53e300,0,18,18
8620,564dd6d08f94b61bc74a8abcf09107f84bede6ce6d2167900850b18e6a472f3f,0,73,73
8624,37d8a7636e1894a2fe8b1044fa6a25bf0c8f353720f1de503b2fe9edb4d12f08,0,73,73
8626,6f054461d8282fa202afadebec6f458beea1d3536e8da17e1ce8d01a09b188fe,0,69,69
8627,2e7a6506b3f500d66349a4349f2a5eaf74fbdc16f5903fcf21875a6368eb4b9c,0,79,79
8632,d84c674c8a82dc39b3ae6fa882fba29f3591cf357f5effe5b227bf9a6c72b1b6,0,73,73
8639,b19055927b8048a355e9fc7a5c8b1d4e54a44d4046c306eb9025e8436fe6ceef,0,14,14
8646,7296eedf6ed60317eea708a24b1b73de999445ac23a8c0c56eef94b0184832d1,0,5,5
8653,197b92b0d6b1c17c6b57a4cf824786ee7decd5a17aaec948eb10f1e9cbd696e0,0,73,73
8656,6a3c7efff429e8092e60130bb981ad92de4169ea925035eecd227abd9e234104,0,40,40
8661,0a0dbc8681e2c324bf9fd05009ee73b99f0ae3ccd37e0703aef37e0befbd268a,0,78,78
8664,87cead976058b7c659315125e10a04705452d40cda8152212830f22c6c8c1036,0,73,73
8674,40109d7cf120283cfb849f3392ac580cce2c3ea34ced97d16dce3a52d81cd8bd,0,79,79
8686,b417bd3c39ca29c0d1c20f48319f21811442ba9fbc2fa2464d7e779af8a7d463,0,68,68
8687,322c643d5bea945ddbe3ef497309480ef5a1af2a7e9e2164780198db040b7be1,0,80,79
8691,2f556b8a931a3e1c39c1c00adf585903683eca2741d885718bc46afa560a5714,0,73,73
8692,538570e5d15cf00df0e5bfb3c4f60dae40d15c6d8716626d6f3506ed0991511a,0,6,6
8695,9ade8df16a41ad22ed79f9b98c0d1b79b374fee3e2b211020905d1ff41bbb732,0,79,79
8696,77f829efe8adec65e3227e2ae6c5af5e95133798e513fd2df747600158a0df7b,0,79,79
8700,0a0312586dc29a51075f0d469eecc8c9e62ce4aaa74354eba83a6f9a8635323a,0,79,79
8703,d9ec9ea98c44f772fbb0c5592cbe9433d8a2d262990ee0bdf44d9c3178cc0ca8,0,79,79
8707,c2e1deac039d3d180e040ac8b9f97f50374e266e29db44f50c54ad694cc2d937,0,43,43
8713,d256183b6c1d10f3690fa9e6e4f905e4f4def91437a0ef3ba5a330dbee059d0b,0,79,79
8724,f9949520889bd975d54c537b460eb613a0044aab9e3084ceb18158c54a8a789a,0,79,79
8726,51b62e5bef0dcaa2016e455a2a27f6c7ba526996a48fd3555d0d23ca346f7a27,0,73,73
8727,05299bdb79f9d32df6675704d0194bc6f1a1e83537b69ec6bd1c2fa443eddcda,0,24,24
8739,d78eec071c25a73428db53fdebc6bc4756e2e98f9b26d793b9503b044f93cc14,0,40,40
8745,99fad2fcf63e1b11f280d110e4343571fbfe4832610fa92ec2507b6d09f12060,0,73,73
8746,0a339e8530d9d40d4b346ceb2d2eebf5f4078f57c678cda1baae6598eb9d3628,0,40,40
8749,207a82ad7218cc8ff51f0299c4fc3edaaecd8c7a2da66473a4947c2617ef715f,0,82,82
8750,da2a2ffcda7fe362b74d359a6f4f8024e7824579ba4ec1c07d2986e2bab0a2ad,0,14,14
8759,570f448495656eca5f94af8376ac4d24809f88671f4c9d8c26d73ac439509bb8,0,73,73
8767,d4f8b35b1f7b5b944f80b79a43e089a86a2012eb99f8cbd3203329ee42fef379,0,73,73
8774,220db6658dad8fcb4e04b590f6b84d37c7e84b3f0d156cad08cb8bd272f3937b,0,73,73
8782,0ac43327f62011d9b8573f4cf35ebb8e690d3703abcca6cddd16b385a2bc7ecd,0,27,27
8786,73dfcb59586c4f91774aaef1643f798dcd4d4f7039e74b6655223fdfe64f5cdf,0,68,68
8787,4ae0a39b1504e2275e79c1e1b02dac6d064472528939a7b19cdce4edff4ffca9,0,79,79
8790,2421492259af1d6a0cf419d2cb6c0b54f6b5d99a68b876b7cf47db7bb7f73a91,0,68,68
8791,a3ca2faa382e410360b26b21d59a2486d71f1204e6fa8007b529484342941c12,0,38,38
8792,a23141e4a2d28610dcf81b9998b6037a8c854110390d7efb2ad9aeb7a116defd,0,14,14
8800,09fda38581946b2fa9c00ec134bb06cda9ddb575d8e20199b8dfe7361c456a3c,0,68,68
8824,5c9e38fb727877c9889e49abe65130c629bb2e175b2bc29dee4a47433e0703b6,0,4,4
8835,4685c17d15de20c5874f341c1d06fac5aedcd362bf4c8ce2a8644ad2d4abd710,0,68,68
8854,72806d0bcad43ca7eba82341aa2f9a47c74f688453558cef96290d1d9e0bcac3,0,73,17
8860,c8f712c2d7cb1794cae873b742628c69cf3544723398452b8ae793c896b129be,0,68,68
8862,3852b3e4eeeb244faf4055977052c6440dd73aab242b68cd051bbafa3f197be1,0,68,68
8863,ccae3b03febbba5d0a26886651aeb83f69861bb528d70bdf240b98627ffed2e8,0,73,73
8868,83d82682e81ffdbde68161131816df24817e8bddbe22f8687d33f21f302e9135,0,79,79
8870,5b870940e437996a1f2c6640feb7b60d39d0e57997f41bc8a5b72ded601c7e1e,0,68,68
8872,59cf820f6af7795bf3aba0542c3b0b1d9d278306b3b77cf7b08b1fc2a293ce33,0,82,82
8875,1c1b8dcc44ce6834b91e345eb100b79e7cfa044755c1ac95707c4c87d16b221c,0,68,68
8887,c5f67068da7bece80ca479a2b94bc168cf9553bd9aeed861e74110061ffc1be0,0,73,73
8903,d7c5a71e22ebb20972d60ca9f8795e0064ef5c9546392790e174547d29fb46bb,0,79,79
8911,18ebc152cf6e81625eaa2827379da5a3c1d9a74f4bcd5133ef68da512339c955,0,5,5
8913,3a8bb27e49f80505062a8d9a951f861051766532ad3d81fec97bc3778a7e0a32,0,43,43
8915,82380a9f55e9bda0f7d4159f8ee1a91dc91c87792ed351bc1142f4e1149b6245,0,79,79
8916,53ecb41c038c13755229545fa8a82b2eda7115bcf1e9728c3bfff1e4832a879c,0,82,82
8928,c81e2b7d354df7ce89bad1348dc4d51e6bc2616d2f6207a7e580ed20d4fc199d,0,43,43
8943,7492d1384595c045313e4108e638fb1fa856cb2b642e4f94d34982970723cfb9,0,68,68
8944,3e1cd0a480fb2c585f96fa88857085ab12de0f1da5e96d694498d174b3823ad2,0,68,68
8955,31d9dda6f8d35d152c0d3ecc1c66cf7d9519eddbcaeba17c7354ecf052a237af,0,73,73
8958,bce55a3149458ee2f2090d915d32816857cac8ce07a969ebdb50b2cfdd0fc114,0,82,82
8973,96ce1ae5b8b0c89f4306a0e003385c67172ca8dfb5c0d82f91d7ed863ce5b482,0,73,73
8975,8b3b048dd29af98f2d35875f4c9992550fd0d40f52b26b7367ecc313e40d31b5,0,79,79
8986,d98ea5454510922b1ad00450f4c469f43eda98ba8d90bdeddf3cee50fbddad36,0,79,79
8989,f5378eb54c14ed0cb69a538026c1f68daff8ca2f04f547082b07b9822c4248ff,0,68,68
8990,7957059d1f1920ab19fa56bf872cc93f4d9c331bbd981e37cb5aaa117505bcbe,0,68,68
9000,7bef39102ecdf1ec924b98c2cee40f4da3f94d95fa0f2b6f14d7708ae66d2c91,0,39,39
9005,372c67c31ebc7c44d16480a402e7fc71088911739e64fe86be8eb9549022fec3,0,73,73
9006,f5eddf7afced13083adea7eb5ee3392b2d6b3c667fc70ebb0bda8c0253040ee9,0,82,82
9008,3208c50df4c3f1bf8512ab2664b880c44286696d5569747c3d9aa4c564cc1545,0,73,73
9013,bb08d7994012491745c0fe0e89b3cf7073a85ae089854f59701196d27c3ae6b3,0,79,79
9022,cc0819601e7c0df7bc658a91ef4a6e5e9d11c9c05724bf1c67e8149fcfbcc5d3,0,79,68
9044,de1a7c51f26452c323af150b70fff7920b85df9bd855420b83e20da047d58b06,0,79,79
9064,2274320222dc413f13fe5a36308d667e551cde234cecefe84784b704ccb23ffd,0,27,27
9065,ef898f46a5160ab2110a85fcfea4800c64a9451335d417c50458ab0bb3cd2bf5,0,73,73
9068,fcc08107fefadef94ebd657f45b3ab842dbece517a4df1be933ad337a4b63108,0,79,79
9087,fe4be2d6c890f18dbd3f433f6ad3dd112c7d1e8264dc7270bd9a9866dc0e2bd4,0,7,7
9088,6c6ac11869dad8850791298d7d6b8174146e015093434ffb195e637050471bda,0,73,73
9097,acdd74be8c5d536c873143c8accc180b6f57baa89eda23382e8d6cb28d5d2e79,0,14,14
9098,40df8359ae67f147fe65aba462fd974ca764341cebe8112ac9a375cf76be85a7,0,68,68
9100,9d752942371598c5b2c52bb6a3b19709171a1466ceaadd9d8a8f7488641c1f5c,0,73,73
9102,5928d62d3dcf9e1298c889b521c89b01191e24f3534db20580b4f2334986ef23,0,18,18
9103,6da97616239537072e9156473b7e257bf66cf701c1e3161296bd33c3803b3e24,0,78,78
9105,9082852c244f7604ee1fbeadfb2209955a6c1c4437df3a1390db5dd40d560d43,0,48,48
9114,191b4c96a38e060acf1d460f59d97fa270d029880926f072eb828bcae992fe5b,0,68,68
9116,35ad021c27542806cc29ec48d4f27c1eb4708b4ec20888eb94a18e8ab88b6854,0,73,73
9125,349eba675a6a44d02b42d1d95f46206a6d7a9ff8ef552a5bbd5e94532fac1e89,0,27,27
9131,484b4ba517b174af1b8a6cf2110128cfad4c4766718da604eb9bcccd8ce396cf,0,73,73
9137,f08ad1c4f0e7846ee5909cdcbe6873c91bab61570a1dc5e851fb20fcd7d7e825,0,73,73
9145,f84f1d4acd1526cb738b23637e354e162e6ccbc574fce21fc318b23e696783cd,0,49,49
9151,bf74d068470734a90de55e766b6d36977a8277d024f83e2488953306bc39cbdf,0,68,68
9159,0ccf04a400e8c9dda9045d73d6b6e22ae0943f9ab5e8a25a7a32cf98c9c93a74,0,78,78
9160,cb65048e22ec51e49e648a18320cd61f9e1a58be86ea31416a23e672794f7514,0,68,68
9172,645346888a92d8f72af51a1d2eb4292ed4b7a4f60e385c68a19e38e392f258e8,0,14,14
9175,6fd7825ab3dc6431fd388a75c8d64a68f8089bb6dd10d09cdf61fcf257abb56f,0,68,68
9185,df8f97882f9a8bc26d25e1b37a995a132bcc5f3a8c9da98ab9d05bce7b724a15,0,43,43
9186,ddd23718e74b43610a9d0543f7bd43ff48c29b476866158135eef437a8e69f6a,0,73,78
9193,fca1c8309ed13d64ad4d8a42915d0a22ba12e9a4bf2d9f7dea5b0d9d2b62cbef,0,73,73
9194,26aab1f6bd47872c847d1e5912c587bee1f096d2078e9eb403bdf066c26051cd,0,79,79
9198,6dbceda8e0dd07eee1949a898773a9263aafd5478d54d32b6fcaa4aadf20b925,0,79,79
9214,677ff60f3148a7a07350df3fa0529dcb80d621c45b483cb9ee0cc82539f3cf73,0,68,68
9225,b5f4e358f700a3fcac0d13d671a6a678242e92f21752200754c176c35d6918c5,0,18,18
9233,4ebb16c887d5dc35c830f8a1e1df7bac0e1f1ce0fd1959e7a5656dd0e3ecd2d1,0,73,73
9238,6fb036a385e9c6c0a170fc93ad5e9d41ee39cfe6e8714ddb755ce972ad0b01b0,0,73,73
9239,08d8b721f506700fbf05bf84be8085a82f91f68b40cc1fd0f003b6d92bf0b6e6,0,14,14
9252,d08fef5b3b66920e0261fe7087188a6c23dc10cbdc8ce4fc80126f5a9871440e,0,68,68
9256,6132009aeb28578b963bdc81c4a2accb6a2f993ccf90211599d50b3fe8acbcc8,0,78,78
9273,0b718d58046bdcc06c6bbd400599f78e758aa6dbbdabfdfa24866c91a5697f86,0,79,68
9282,759cea23c0e26f42028e48961162bbd2eee64e40c246c54ac807ee454f6c9248,0,77,77
9284,374615c1f6a251f8329b0f9387cb15631468cb0bff1ef683b1d1ec96eb803970,0,68,68
9287,ef7d868940391840cef9b14154ee472db6369909af85912d349730a21fb11bdb,0,73,73
9289,804123a38bf692c241a8c2ba44970fb37076dd4e717367a2a377439edc819992,0,82,82
9298,245fd154a32db46b8ff0a3a02b29798bbaa30d01dac15bb4a9ea25a44b765256,0,79,68
9299,4d4aae7f29b86844ad6662a827573237321ccd82f4907cc575eecf023a30443e,0,73,73
9318,91209893de621d7473437904f16df4f37ef724d7e5a2d53e26677fe5125ee80e,0,14,14
9323,ddf8eaf51cb57bbd4ddca7ccc6a6081672792e94086ab589d251ad0652527930,0,56,56
9333,fd95f3319e98f7c458faa4e68d5547f4849d219292444e890f61f8aaa3e7fd8a,0,68,68
9343,cdd81ca5b76b4a9a1173ad3987e8aad0dad701c05c9630a51e32fc568347d9de,0,79,79
9344,7261edd8ce4a27363fc46e0c0098cd977c7ec15dafddd59086c10c8120e476b6,0,14,14
9353,57b7d49438cf2593cffc5eb90c7aeaddad8f908d91dcd71173aa38abba274f25,0,45,45
9360,bfb75c648218aec2bc7f2d412195976328cb5ccd3b9625bb3ee0dd1c747a31ce,0,73,73
9361,19589a774b617ad5120ae1629a331b61f2f0f7c1302eb59378f6c228618e5e4e,0,73,73
9365,33de721df8af9eb0bf521bc8b5b381e5a911da9a072b7fcec669582b81bce177,0,68,73
9366,d3b720c4c9a791d4bbdcf97d56c75608a59a46f08cf4f9e8ca3d6583823664eb,0,73,73
9371,5f067d5424a0152a952a699629baf8670d885ae84ccbed7a49c0825ee5435478,0,18,18
9372,28c602f959537af4414ff95daf37c86f837e66c0cb671982c6c4ba481b271c88,0,73,73
9382,08a6669c9718cb774e573b2d808cc237aa504e8dde299fcd72ecee141fff3919,0,4,4
9387,b6ac31e7880c2f736723f1ff221cff60958b913675aa334ac9fcb577c8c7819c,0,68,14
9394,5d9e14f500a696802584ae9c6899bba6e92b308a1ae4c1e9b1985e097412ef7c,0,81,81
9398,7594632885da4cb64b5e99b6bff1d222c9f8ddc72e6cbbdde5f4bef545c101fa,0,79,79
9402,a0bd8d59929f3e6954b6826f9f21863e8a2904d1cf84ebbe3830fca688653e97,0,56,56
9404,9a4bbf30c2bed37510a9e4eaaf920e271169d1e2f936fc9ff3cb4a375515f620,0,79,79
9405,1b5468c580d485ddc8f700a8d5d5c878057955e47f80655e440d70f8c8446564,0,73,73
9408,2e02096885afd81bd0ed13dcc31f6b65bfe9721638dd5fab56132596723b9040,0,73,73
9411,2aedc1b0603478deaa2f1efac2412c7a16969968299f6e5f2f39e3569e32b514,0,64,64
9422,a53c6f77307abf300a9c52415e4fef137be9de7ca6b0ae138aeaa9a26b0e9dd0,0,79,79
9437,577292e5dfb8b4ccac3c3b971cdde217bf049d39f6ff84628b9a6c825e5451ab,0,73,73
9464,ab6e5a3182660406f9b34f4e5a46e6a4fe7547dd8bcf4fb252e70976ceb6cc25,0,68,68
9465,ed224b5fce9dc6e2b758bc1771bff9338fb55fb57ddb19c99b2f2c4928e21635,0,73,73
9476,9d217adcf2cfb5e03cc15470e48d6b6fa3cd83f860f8191e332c0fbd6e372997,0,68,68
9488,252362b0fdfa4dfae8f8526e0a4e2d9a6bb626885d35653d08df8653a221cc60,0,14,14
9497,15edaa34c39a1efa6584cdcfe0dfa43c4136464953facee937d01f491b545876,0,73,73
9500,818359409a1965d460c434071085909868a59d67cd72892cc167e5345284b183,0,68,19
9503,53e9b56dbd9f4b92422b4f7ea1d489baeadd35e4d98e7063b04f3290e9f19448,0,82,82
9506,204d85720a72a33cb7ebf136c81ee8bc0b0e2177f74768b1db6fec34bf6d939c,0,43,43
9508,0f1e8d2881128aa9b2982416331c9d345ac3959d7f3f7f4671531eb989da9cf4,0,73,73
9509,0f6d7296df3e0f4ceac872b75d4dd7f55e0aa9c5ff8f0e382a3812f05c470ada,0,79,79
9516,a279b5e7e8c12f9a0b555ce65401b3379cfca4f66133d231b3537810c6c0cc30,0,73,73
9518,2b3317294b6fd6f23ccc5c7721df7138160bf4c2fda756d4b8712715fb705de3,0,73,73
9519,6b94f6fcc5c691a6b63f85e82bacd187d18abfa740dd2734fd24451586445d1f,0,73,73
9522,289f6b7356782d7083f3973d934eda1c6ba7c3e658cbb4d655af303b72ef4816,0,73,73
9528,e14cb214fcd72add971025163751ce51ed956a50c4e2aac9a501d26ade09d4ba,0,24,24
9539,cc1805de2252edd4cf5f27849b60e9d10df044ac335315818885d4c6d9867cad,0,41,41
9540,aad0b3b65bac017473c6e2d9693f70b850edb9ba0e5e6a73aed929fb8349b2b9,0,73,73
9543,436f90b31d1a36cfaddced950d83ff055bdd3407f2a323f77f680f3948c57dff,0,68,68
9545,c1426f7098eafec046be92cae5296797715125755a1a287e1fc6196072b62db3,0,66,66
9546,7eabb8a6a9c06667dd965da79d5ec0d9faccc19333893a83a6b410ed222f3b13,0,27,27
9550,a3a0d48920efb0359682fe79baf0552c0f941e31ad447815e93d48e74b05352f,0,69,69
9552,25ec9a5ae71fcbad7ca04ba65332fbcb8801149f186f4bbba52e28ed70edb578,0,79,73
9554,918689593e76a5cc4f0be35a00de85d453b4ba953f30b7c679de409e1ce57c11,0,14,14
9555,d8d2173a004e68b877bd56a7c2404aa7ac1dd45d337d78f8adf394a45f27b206,0,68,68
9560,99546bbe8b9aef9b028a543b821b717e9b26116c9733895b960dc6069b952ab7,0,43,43
9564,613705eeabff6ec31f82fef6731c8d5684d48eb7af2720bbc4ef0b203b4de91e,0,68,68
9573,244fb6c314ecb6535d8e2dd0139250c0363c8850db90744aa25df8ccf0f2f5c1,0,69,69
9577,f43b2cca33edc5ae3ef43fa22d06a3d007cc59bedae24a2ff2f6548c1209a3b6,0,72,14
9585,d028e3ce534b05462bb3802e379d42cf754bf74f557a25ababc3bdfc5e87edfb,0,73,73
9591,3cbcf59727d5b2bcdc03d4fb7937377f6c04d4523a0c1d87bbe309093ff43fe2,0,78,78
9602,343832ac80692fb19b58ec14308c4cd30e1fa799c421f2979e8e77082a3ac37a,0,27,27
9618,d186101c45931adcefe6b3f514a5dca9ded1c89578c76ed7e99005f00d6afc29,0,79,79
9619,cca81396915cabac2cacbb0583b1b80fe8b09233de1fec8eb9f95cc5410f9819,0,68,68
9623,03b4984391719a17d3778587542585a1c0cec6a7266be6da153afbf87d41eef2,0,72,72
9625,e53e826f343b48be0edd16b783dd85fa640b3221fb99afbabd8ec0879e8fb756,0,73,73
9636,89c67aa6ecd3cc077d4338eeb4d3cd9bf39ae0b5f931f8fb0546d0c74bc78995,0,14,14
9655,a44a4645c415ff4af248e74f81e89ef69600f5cf6f59de7835204039f88cdbed,0,79,79
9656,6e1c983a66f4c133e71e02bb0f7d5e9881aface5d9a5ea15d6239303903ab7a6,0,27,27
9666,6535356ff852da308fc8b04773c24d14ac85f642fc255056814b5d14c94efdd6,0,80,80
9673,87e4b2cc956872abec26557cd92f0db94b83ceacd0e0a6e8134eb9c5fd17ef1d,0,79,79
9685,f887ea13eabb04be38a49f3413fee90c0d4573bf98c2032594c5e15c87ce4aca,0,79,79
9687,13d217c09f15e94bebb20590d8847d0ba1fdc8b3bcba9aae3079ac07d81e0c93,0,73,73
9692,1c9f022373a3ed8af3b25c5207affb1167744e74e1dea927300228e6a02f871c,0,68,60
9693,cb1a1c0f2f230eda5c95410ac4c1aa20adfd759240426e9e9c46a4f2ff6696a9,0,68,68
9697,ab6a3c87853e1be0091bc7934a2db96afa0be22dea0609bf15fa8556eb8ce52f,0,73,73
9699,c4cfee5c478e3851e7455228aef0b94a5e18e946f9f3b6d9eb006e1eac9f2c31,0,82,82
9706,3b353f3c29992db48fdc758f0df1b1a29f0c294935ce3d56d7ada3227fd09884,0,43,43
9714,3183bd35b9ee41247bb1ea2fa856eecb4fc400ecf58d392cdcf1a9daa7add268,0,73,73
9724,05d49ed93c68499245641a24f7e62d26e527a7bf1b797f74845518e6c0d7da51,0,68,68
9733,954de8a066a180e38699f6553f3060670a3d94ecb691f18b08b96be954f42dbe,0,78,78
9742,791bdf125fcdbe37f88dd441a07db56b00d00c23cef042cc2b3712cb25970340,0,68,68
9746,44e8e42e9485aa6ace836cf53ccecbe8d4a15c8e622d82da37744302031aaf8a,0,82,82
9750,6dae61d51201da8344f182a8967fe1e4076cf0d488082f68845c9f33c52dd52d,0,33,33
9751,cf58b7041307c645be60e366cf27be913278afab8fa966afda3f5757b12efc26,0,73,73
9760,745d709d5e66a0a73c254c4482b2829fef9604f22c1abce31605dc5d7194b7c0,0,27,27
9765,f74b31a2cb3a3a17d3384e543da655e400b700f874122856dda60ab36b5953ad,0,78,78
9768,6c3e45eb740d15eb6a82e280fe5ea73898b828d690f531bb25457c44affd0c90,0,68,68
9790,6be3c051028b90397ee868b810a2105df97566a3b9e288f682f137aa503d9710,0,73,73
9798,bd50bc633dc3a3a482175a32c6d886a33863c93cac1cd7110b25976d820615c5,0,24,24
9802,567e4b1c944d5986d1b60cfaa624443808d19b34e0a94dd18f5169521b92f568,0,14,14
9810,8fabf9c6cc008d9249b3f0984a3116ada13264a6de3a918a62ace591d720142c,0,41,41
9811,c70f94ec55aa4f971855c0c00ef81cc598369584a6a206b9fb6dc02ce6027e78,0,68,68
9822,251fe094f755cda6f7180aa989bf169b1fa6b5133b69407268c9fed3a1c803e8,0,59,59
9823,ef14d7f726007867a7304a8d236744bf72c6d25b50319013b4c290a0731e5fcc,0,48,48
9825,aac1cced48ec3dfa1dfc71bd36619d47b4123db0d46eff300d4cade8e4b8363f,0,68,68
9827,8ef14ef519aab7d176393a9f7369acc00d37fc61c8188b7a75f5b342ba025c5b,0,68,68
9830,ecf206028fe2c0e60a629dc66d51c2acfb56bbf07f9acdafe132bd9105b753fa,0,78,78
9835,0a77da88220693ff245e2349073485bb4b07325285a3519d95e8e3f936f5b876,0,7,7
9839,9917db307e2fd13adc8270cffeaf095c55a6569820bede8cfbf0fe86f48b51f3,0,73,73
9844,5a3e97963e128a16408398ab8551918070fd380ba3b542fc7217840ae0da8664,0,73,73
9867,ac69bcb1456eb022d3c67fe42c325cdf36b55eef8d978184649e773158cc389b,0,73,73
9870,5a5deda6226a9724644773dd19d31f615b533aba8c534a78c4e664af8c9ae715,0,43,43
9876,b4c993750e240717bd5505841f7371e4ff93ebb6836b2654528dae622eeee9a6,0,73,73
9878,e9125067d7e13d2129fe83a4eb5230d008fcb477c6358ba180a7943e9639395e,0,82,82
9884,ca3daeb1d96dd8f9cc39d576b13360e991e21f4feb950f98aaa4d750de55f979,0,69,69
9897,4edbfe8fa2eae6197b3ea32e17e5c61aef150d40a36d6e862f77408c085eba61,0,79,79
9903,041534aad2d7ea70355f0bd9ea796bbc62b80635735a417363ef4582a6271d17,0,18,18
9931,619f0c8d1c9a63f5d17a85760398a49491b0a415ab1b3035f80e412a3926d805,0,40,40
9933,a3c6d22e14752448c5fa77ffad6341c2ffb3023775fde66c59cd8bc01186706c,0,73,73
9935,f285330695594ad7db22ece86fb6e7ed0467e77597739b791b2aafe60958aa2b,0,40,40
9937,e4f008faa811eda3b5ade1a469f3f684a69b41d5b420fd4dfff25135f77c9845,0,14,14
9940,38dfbc82c29f00ec7e7ebefdc3da5a7f5fb7eadb98d5b4d41567ec2eb768e41a,0,43,5
9943,0ab13557694823026c42d2eef8400fbffecc21b0b7e923386102b3ed98c73a01,0,14,14
9945,a0faf0c4d111beee72b6001e1b069db205e8075c871b35a36d9e37d5163f1db4,0,73,73
9950,e2dc21e73f06c89922f1a430fbeb4c84f5f5b64721f1a8082054d8b60379aa7d,0,79,79
9955,1341099e084bd2aaebbbefe2e26bf12c6e7909cf87db5d4b32206ad01f7ce14e,0,40,40
9960,5352976acd445437f97746a6dffe6d6e780bb3384e8b11977c21157e2dd29ef1,0,18,18
9961,c96f56289f157028f25fb63f10d40a1c1cf5c2fb7ee56dcd7bef138b3b16d7aa,0,68,68
9973,7e92df0baa24b1ee521fa94bbdfb0a31d9891331825a5d35909a34ac5511c943,0,68,68
9977,51b7c06339e413739fd6c36441a16a3324fee757bd0ec0e369f3ed764ff7c93a,0,73,73
9985,5a98d87b37cf161b7538bb4200b7217c9832e3addb1c476370ef5da679f3a0a1,0,73,73
9986,19dcf1b7879131e13c3fa0e1d0a19a2a6bf4ddf414ec9e16a4214c4702fbc104,0,73,73
9989,d0eff5964ec3524b0de5309c21520250844dddfe39edc15226a81357c5cb4590,0,69,69
9992,e59338cdec3b9bbffb1d9d05062928c44271a485fffc66a0b6bdc88d0aa8e4e5,0,68,68
9993,48ecb9f138dd986205f6db99eae7a691bd0504a54eecf2574dbb2b45e29a5968,0,73,73
10002,3aeaf36480366969310ecd76776cb0291ca663da03924758067a8a2f9dd8c0e8,0,68,68
10004,5841beb6aecf9e5208a2e7b841b99e94fa74ab8abb3cd5b5e32ed52e8d62eb52,0,73,73
10005,402e53d705ac11cbeeb738a27adee420ad7334170ce49dc47e8454d90ef3093e,0,68,68
10008,25652446280269f137acbab51ada0c2f90c8e59a298bb96ddeaf9e3ad1906204,0,73,73
10022,e13aceb63b989450dcc1aceb31c431f6faac88ee33ff69cf562b8f1de881f539,0,73,73
10044,12bb8fb1f7fa29326dbdd9cde4c73ce49d4700beeab7d88a18ef161b14c18b30,0,78,78
10050,b3eca8dc4c8c3069ae13a1d76e88202f9c4f51855ca5f029de26f19cc54447a0,0,14,14
10053,ef3a967b447de76e84c3973ee2771b90ad8e040d92cc379f58b6bbfa5742cac8,0,73,73
10070,ccc70055ec15d36dec1178f3b8c3a5a895a9d3d39ad941e5824f6d99810dc13c,0,68,68
10080,74a3c7a23965b7463460adbabe82134ea36d5c74ba539c0aaeff55afb722f403,0,14,14
10081,a542cff36ea1ccf56e079c3e913a13b0766f7fc2a6be155733d32cae09ac13f2,0,78,78
10090,c1b96df203a7934ba29844612b5296a6fa6f01c6378aba34eace844983ef5803,0,73,73
10094,44c68fad02bfa807b6d639d937aa853298b7b6031765e83277fcd87666814686,0,73,73
10098,0ba301aa77ab061eb2d288462a8afbb41041c99ca559a318ba4201e85f5e80a9,0,79,79
10112,f8f9c77961e3bd813e12fdb344a8cbd6215ea9ea10479ab026792e1d82a894e6,0,73,73
10120,13b6afc9fdd7663a589fde21a1c9e50179452e47f26ee4bee113ee433b6ad286,0,68,68
10139,9d57ee67fa76f86574d5d19a28c14b24ba1233265db8c4cba4581e06e5f6de45,0,73,73
10140,634a537c8e608d541a281b159fe2002d88fd2c4326dbbbd1e480c272decac8f6,0,9,9
10146,ac385748cc0f831f46962111118e6aab394df02202aeb0870dab100ac1a239f0,0,27,27
10152,37e13c14d19bf7653098736aa91f14930d03a71e5bbf2772b0c55d4c7c789290,0,78,78
10153,4d4a38743ca21a711263ea5ddc09cb02c9f79e16758ab9f028e9d2596e4d1bf4,0,73,73
10157,53aeb6a3c1e20d91669305e34d4585821179941290f45f531bf0e05af41fed42,0,73,73
10175,ec9d85386e1f97e82213c8f122226dcff84d8806d7f50dfbb8dd2c1e4955625e,0,73,73
10179,3496e4aa31f4440514862933b0ad0121dbadef8c7ed8e5022ae8d1b7615c33f3,0,14,14
10182,c1bef71edd67220b046b039e9c71878ec8e1e373decd16ec2fe047a4a0c08868,0,18,18
10183,a0e30740c57307f632c2864aea41033afb875ace2305c18086ccd44a11d2ee6b,0,73,43
10184,a3d77578b4838811d655b5b63c2ffa98b443535d6a966eba7865e777076205aa,0,79,78
10186,f8ad15af1a55a07ea8ab2481e8bef12fe205740c74ef595685b1caa99c4dc601,0,73,73
10189,c42276223e0e407b377fa5639431964b3271b1524515beae7a66d61a097ceb32,0,24,24
10193,9067c97ea174ffb1a818af20e18a57914864ae63550c6dfd47831aee2f82e8bc,0,79,79
10201,5206377123032468dc9afe03b00077f58e92ad4f99e8319ade2bf9e40dde558f,0,12,12
10204,6aea9b1db5462f7713d078ffbecce5a1e739df113801f8dd55471004c97d53ac,0,79,79
10209,32430900865493b0678a5af01ec3db7b0b596d8755d9e61b1f94ece7c6b3b191,0,82,82
10211,d4edbd28d60e8efd7bdf9b24e922174a773a822f0463c2d19d00016da6f46dd7,0,73,73
10219,a31ab5bd5a86457a9dc88bb43db126eb1ea91fd78840eeaafbce76e2526dd928,0,79,68
10220,dc9377b06b6ad345ad8e04555cfe0063705411026643066bb5a38de729cc244e,0,73,73
10223,f00a080cbb4b7fc862886c40c7272d3cb977f112f7260eb24e51e744f1c3c605,0,12,12
10224,6dabfa936beaaa0e4c88d9f97ca34c9e6c265091c17163e352b3e4ceecf18159,0,73,73
10246,d603a0115ddbe9b4a4aba995d6c54166ed1601308cb7d7ffb5aeea58def9cb08,0,78,78
10250,db75e6dd00a047babd0969a35899eb0a54cba44b6b5f5eeca0a2c200ccc2517a,0,14,14
10262,9146b000d9f63fc605353a60fba2e6696ae053ef731b08f8db973c0fde7058b2,0,33,33
10285,b86a7b316c7fe75164ff005cfd4d49e8bc0d6848e5b29b010d1c19cb518a1360,0,73,73
10321,6aacdff2c69d737e978c6327a62e8cc1717ed009a0da0d053d01c1a00a031752,0,73,73
10329,fc19b922549d86130df5882e3cc45d4b00d2ec9a0b6f8c570c380894f76adb8a,0,79,27
10333,acf617d3abeae1eb74bab62794f2cb496ccfd69354256d76c553fdc8e1687a6f,0,73,73
10335,27bfc89aead6a7c746856b421af7602ab7fed7d143d4c77b19f1929d70c21892,0,82,82
10338,99d87884a6657b852d680b34a6c5507c1e81db4682804c8a643ca1ce9422a377,0,73,73
10342,8f0bca7f24b414a14e7685ab73baee2cc7c10127f04f342699e50158ccb8c476,0,73,73
10345,1769522d5db6d3d408cf219e71b06b1c428e7e178a2d24a7d6d388e59d857d25,0,43,43
10352,c345239980a66f470b2aef99d57bc0eaa90f579bf3723e97226059f7c33eeb76,0,43,43
10366,a708d7b5620310c5d72e78d236c05b9ee8a63d37d1462181e33ea603efe6afb6,0,79,79
10367,912efcfc227a0993cf1c022cf5f7fc788d2cb89fb21e2521ed4b2c9565bbcc4e,0,73,73
10374,e4f584c65486e4c12e788ddee4b678901edf7f3348e8ec5a7a84d6990d760390,0,73,73
10377,b29bc5e3d125e99269c74ebd259d5935104a1e4e178d031f6ac528140949848e,0,68,68
10385,e3112a6a0192f4a4404c9ad3f0f4cbdf0ebfd5cbb9755b3aa0b41fdaa2f753cb,0,78,78
10392,2737c5ff98ca3098ca4662270f194c034b1b8e57257329f5ae033a3350827c24,0,73,73
10395,7076607e7caba2f71f4fa8b710711481dad9bb5660edff2d72ea7562ca708ccf,0,79,79
10397,a1b960011846333994076f5213086c3d74bbdc965185a4e6c1ad6fb7369d06fb,0,68,68
10402,8807a6c649ea0e88c9f4e80f169d4f890529b114bd2a809e412ad42610027e2e,0,0,0
10408,541a7ef5ed07d1d41153578f2ce0c9db826f4826422ce043ac6d6f8f2a2959ac,0,68,73
10423,a7610fe1875b0289f48007a53011cb071e77931e34529e8d325aff5ddc138c30,0,49,49
10429,4105a1d3cd0427b47c321cfa677046dd6fc1ed07cc18e0b9e31791e22f6ea3a6,0,14,14
10436,88ae631d3231cdc9ee697ebd15bd677fce16a98774dc479397f4d87cb23b805d,0,43,43
10440,b9aceb98384533dfabe08199690257be222f4d776888b10bbf16d2f8ddfd3622,0,56,56
10446,9dbc757ffe73013d8c5bea4fdff8908901b86a057ac4c62d9d5a21440f5cc0dd,0,73,73
10453,32f93c8d67e732f688ed7a1543346959f57668b2adfe23113d487c14f14e7f32,0,79,79
10457,34d5ca51d780c781b61255515af913de771275607963ce53a7300ffb2dd0e8ec,0,82,82
10459,68ddd7ec9747630b63298d3be38ec996d19efeb4632e8fc65045ed72099a8cf4,0,73,73
10470,f328a815c6f60c95550dea101e6356c7c6366a8d4265e19db3b0d98d637ec06f,0,79,79
10489,67404dfe003c5478dc919625d8fab9bacb5ec6a0812accf6154a217058aeafbb,0,79,68
10492,5509180a91fc7298f424a8ddb971fc50870dec5d955eb50567ff0919099aefdb,0,68,68
10494,3ed19275bf2dd11ab3c5b184266c04a08686096cb86a664661e312a85882b9bb,0,73,73
10511,81e8fae4bee0197fb01f66847c3738ed38e22069af3d37e6a4e450cc07d16cba,0,43,43
10527,f6f35f158068b6bd054048d6da3717148081eded88055d84852b177f61be47df,0,43,43
10533,230040018583e42b3a65e154fce99f57dbdfff92050581014839c3bcca5736c8,0,78,78
10537,ebda80fe828976879160ff79aa73d6f6481fa8eafa1596295ec569cd11e0e7d0,0,78,78
10543,a3525500aaa70006585e952cab1d521a79f5f761fe8f56cad2386f41d42e1180,0,73,73
10544,5ed3ea5c010dadd98f5ab1930b1f30dd6e811644ab4c98e0ad76d0fa728affd6,0,45,45
10545,bfb3241d7487499fb51f1e3b95abbb7e237503c74bbaa1e38bc4b0e8802bc52b,0,79,79
10546,f8d668ea9a84a486435bb53be03d5c1bce3c6220283b1c1974cdbf307ac20f26,0,79,79
10551,47c75e18ac2a915f79be2010553dd422ebe8315f042b7edc25b6e0a21c9282a1,0,15,15
10552,566b1e4afab8d8ad345fcea17061e174045e05846bd8f38f012cb69ee2f8bf9e,0,68,68
10560,deb6e8e0ef537e056fe27d70f304d4fcd8654c82c5f6b78e9c8d974bb384967b,0,78,78
10570,e9ff9105af9a592f726044711495927346ca26b67a2fcdea4d8e94f63cb354b1,0,73,73
10575,3c44c81a704090ec8490e71c2858b7dc981d1e93585cc719dcfa3d75146d84df,0,79,68
10577,f44e9894ea5443e0c4cef6ba5e2974c7ed7a5aefe6ba2081d03dfddd11216f18,0,73,73
10578,b7627c161935d42c271261430424d913c247f7f58286b8f84f64e1ff5b069c44,0,73,73
10584,c8374e76d9cfb53ea6968411b3c79bab280aace7c40b841a86d76f04d4b1252e,0,40,40
10587,c120e6d426fa8114200860efbc30be44e06de7bb578795970d1da76e808dfa1d,0,73,73
10598,6d1e85f1f64ef9905f8912987c4d15feddd35f4c869bc76b678018a61c5adf62,0,9,9
10599,be45e6264e372d0602f9eaaab0e2ebeee081c972a72da9d62a7740ed4d322980,0,73,73
10606,e91012e420d6391f4e7db3e0532ffe1e6ff0cb06e52adc4806f9d874a2e3aa54,0,79,79
10620,d8aa9dfa78b59e7538a5465bf3b1c7663899fdd347fb75a3ff27fa5d2401d8aa,0,79,68
10627,3508ddc25ffdbbbd74a4e8776147ef4d16a26de55390a243902b27c48555995d,0,27,27
10629,260cec6f6ec77b00d2703f68b9209fb02ff7eca7cbecf52eeba57550beb70e3d,0,73,73
10640,441a9497b923eb28c66b26539a43abb217f0d56da9e00b5748c417ac9b76e9f2,0,68,68
10642,ffdccf6ddb283c961f4d1a3f9751448b21874538be4896b1a2f9514d62d8e7b2,0,79,79
10644,423c994575f3cd7f8519dad388b1154bd3250c9e3070dcb4f405aa9c3c23c190,0,73,73
10652,d3fa1c86d8b716c62fe04e4aebf1999daca460886b505b3721623087832a506b,0,79,79
10655,779ed0ed136e5718f8ce7399659c65a9004a9c723f4a41f45705f5ad7e2538ef,0,73,73
10662,fdf73234b46475967199cd1e6c39f356168bcb9d52746a315b6773e06090a6e3,0,27,27
10673,03dad9582c6bdeec5d64449a81a550c7eb122c832be211a92722a0ac57127186,0,45,45
10686,43bebb56854366a95170bc2ea7c75990af91580746763b5300dca780dba99987,0,69,69
10693,169b3a904b829e0468fc2aed9f835188b2db660519ce2dc1b40bca5188f0589e,0,79,79
10711,f72d7fcdecd05528da0cd593ccc9cf722db36dbfd1feb650af93a3a4b3fec3a5,0,8,8
10723,1ac1b2f9088278489383335c3c9250579034743ec57ca75489f02bbdef7538b9,0,5,5
10726,3451d6e9c3d061d9d214db3753549b95f454baa04ae7d10343107871ec594162,0,68,68
10731,cd48aca6f36103d55823f852784ad914ef45af7640d70f8d53ce7cab6e9e5b7a,0,73,73
10736,20634951543398eb5efa25001ae6c695cec7e83a49eff62ed05783b4a3b45e6e,0,69,69
10739,9d24ff3b85c4f82d76c1ec292ff44dbca0cd956f4ac3d13960179a1edbb0ee6f,0,68,68
10740,a1f869068e32367c4f85e6bd6007ac7665b5da02504dddf0a91875bb5e6d5db5,0,68,68
10746,b7c03abb7c7aa37d4c1f7b6b3254cb34468d73e480e53275bda59d7b16ac11ac,0,73,73
10759,081c0dcaab6df02b1fcd2d8832050cfe4ee8592ff4397879adaf4f25507483b3,0,73,73
10779,afb1db4ce2f4c379d803c9ae843fbd19e4d3f2ac24383f4e2202cf64721b65e6,0,73,73
10780,e49ac327584219868fd8f2762b701ff8f3ea20cb5bfe670d9519a5eea1e129a9,0,0,0
10782,cae17f634276e43e056eadb9d228f45dd942af592c863341f429eaf445b21511,0,27,27
10802,422f29c3d0b8adb2b1f633937b03b430a71eb681141bab2b203a8e8dd03c7c53,0,79,79
10803,c2240e554a2bcc3aca03b0fb4a91f74231f31a60db2124fda111736134b32321,0,79,79
10813,0bd2278a7c32b35cd96e01956572092bac1a98c76ee73d7534dfd3917884f657,0,73,68
10815,675db9229b0964d64d61ac380f4c2fe653ab0bf05fa7620f93bd9eafe3a1f07d,0,79,79
10822,12bcd0aab61cf092a2eee26bad60600adfec9930ac12a2592cf972c7278776ab,0,73,73
10824,12ced3cb52ce7b82033e7a25cd25cbbe5c1a0fca19421b342360a7db1ce8a1ad,0,68,68
10827,4f405cda0eb7be00f02164a27ca9387934ef00bb11b9a82e92500678536a7462,0,68,68
10832,2cdb63512133bc8a91da635b79d686910cc0fcd12e57dd15f9792c5b1f6043c7,0,27,27
10837,f2a540be2ec502d580217e474b0ec83707bfe0829e80a4658c687dc62a4d376c,0,73,73
10841,7a60ef6d1fa546dde9e7186fc9f3d125351e8bb4476753562478ce7f0d10d28e,0,17,17
10844,b47fb53e427c39420b12b0da7b1f8bd68910515ed0b3409a1e005d29e3a893dd,0,68,79
10845,bfbf15a792e643afa1823613878cf11dc8b130ef7c29cf93924c2f3ce1791d0b,0,79,73
10858,8da95509bc59713d9ff2647d7c8f2c1f2447226644e382a512f660dac970e618,0,69,69
10859,6bd756929ce214389330eef3df8c1e06dfa13264f9c2a06a243cfaf3d5a17bff,0,68,68
10866,213f080ab382c7b13143602311452e6030b83e9f1b7e7e5571b4baf737f706fe,0,79,79
10880,6332f6dcca9cf036cb36cf1e94d70b446accfff449ddbbfcc968ebce9df0d2a8,0,68,68
10881,526250d2a8193be69e244398553d1c1425b3a8bf754fc01b8b2e93d0270adf29,0,79,82
10893,6575f6cbb5523ffd0edd5653de9ab6245f60291b0797c92b126b02f94f0d700d,0,43,43
10895,0f940f05ea4eb2b93a94cd8531227153b5140ad622418f26d5df1c85417f81d9,0,73,73
10899,7e07f34965be1d296d0799e1d3c32befdf03aebf008208e7214437de8fec142d,0,68,68
10904,8fc851bd9c69be751b2ef64c5e7081add44796d5e2570f6e8f857244c4c7cadc,0,73,73
10906,4473bce93f2fb8ebe27a452414cf7ecd8a3c19fd060221e9d5235fa0f6862b9f,0,79,68
10914,4088b6bf11f01578dc04c36c9b05d9c0aba1b1a5d566407d1599260f10529aa0,0,79,79
10919,31145eb9e74848f6a06b72048a080266c0b110da04033e8aa34afd2d436f7385,0,56,56
10923,899bd80a34c30cd302b90888856cfb43ca7b446ef1010b5025095f8ee00b85c7,0,79,79
10925,ad64dabea375f9d9c8128ee6f9c1f5f966478d99b4646ccbc80af515adc110c3,0,82,82
10926,1a89bbaa83dc7b32b6f60bfe00549e4202895bda7d7a17546ec8dbdb6e40b2ea,0,78,79
10931,aa2e2635def685a239c3b921e0eb9953d19c386de502d751886e85a0c47f3099,0,69,69
10933,d9b8d39263c5272cccf8c1a5c2a986a730b26412d7d9a2c9cff54fc747cfed40,0,68,79
10934,8df2350e25bc7b59cb21262041452fefd0fb8424a960a5e8abde4331f11b5c8b,0,73,73
10937,090f69cbc3638a8e0a7329c64933dcc356161876cef82d4737831d15a635e920,0,68,68
10940,b111059cff334b9cc887e329c798875947307288d2f9ff29bcabfc8aac9d4da8,0,26,26
10961,68c6a96dcb954bbb0f48b532661c001d378d94b911109e2f7a95ab2f290f64e0,0,79,79
10964,bb50082e172dbe92b5e191e6b70b9fc8dbfcf59da0f972c75d389d845cae9635,0,14,14
10966,bb757835e3d8d59775f20308013cdfe890d94cb46ba72d7ca855452bfb141e24,0,68,68
10981,85579fcb669c950286c94f0670884c65459a4a210fb1fa969c20d10b006ad8e6,0,68,68
10984,e00b15c9d6d7e5c409dfd5991e57812b5d502e2191cc43701ebbb72ae6c91adf,0,14,14
10991,18fdcddbef8bc4974bda9084dde09a83ee815738f409591cdecbae5978d92da5,0,79,79
10994,4fb91b414e151f2949e0e6e740aab7a2d6f3de019aa28356dc58e455902e2e79,0,14,14
11012,fbd1007d3d5cd72d900314e74408ebde2343f961c3d670677ee443292713cfad,0,79,79
11021,ee791a9a550c3c920582fdb85ff09a6ea16060ac469254902b22097304f06440,0,79,79
11028,60a4c31862c88ce126856d34016e849699938db26efcf96b787f1a0529f92c95,0,9,9
11031,c65b559204129255528dc82e5c762c80f16fbdc9d88d4dfd833cf33d6778080c,0,4,18
11033,4e28bc0b958f03fec92168b794e90826a392bb1d467a09e959f5b7927075ff2e,0,73,73
11035,80b0bdaed900ea214cb4e3edd788869861da9dadf2bcba00781242689bd834c4,0,69,78
11038,493458a5f52233852e791604342754244db047b6f08aca2448d5a7ad02171ec7,0,68,20
11052,0c69b53a24ed4864bc97427ecf8599e3288e4c524bb5d7189a4b3f7e919cca4f,0,68,68
11054,94d0e6b9ec144072703a931884f6428b293c47b675f6b530f3e05becfc78db19,0,43,43
11055,a0e7d5ee2656cde425ef130273d590314491ab8eac7c218f09c5c0a65c444405,0,69,69
11063,4b7b3e93646cbd8b8045ca98c7e81cbc7cc0c6fdc310f5adb4630821c1b9ca4f,0,69,69
11066,1be5686c6604bd9de72a2137e0be0f44e9cf596dc4043c2bea31945074e703b2,0,68,68
11073,8f13eb67d8f22e4b33c08f14b48bfd6cca30d58388456e99316e2e753e9f04fc,0,68,68
11081,5128a175f6e7f6659d7670d2fda51f14667d4f6f9b7a9e683b9296fca4254fc4,0,73,73
11090,130ee210cff0a3147c3c5c78531d0b1f4d51a2729f4dacc6c0a709d80378a953,0,79,79
11098,3a0451a16a18cd7bd77426a1389f70ab49aaa0917a06b8f7180e84bff9b0bd8e,0,73,73
11123,1ad38975d63df63e32c4d4b37d5d8d962b793aff86aaf105dfc6b7635793bea4,0,73,57
11132,7d6bd979c01f190edf4ba0159055ef270cdd1cab95e86c4ee4ba395251905694,0,66,66
11133,b4e7fc04987e7fa929fe6c3416981022daea3f5d4ba0292b0f89fe5ee0cf2e4e,0,13,13
11136,db10ccef5462401b9827c6bf4e15430a537cd1c8122f62809205ada1ff288f13,0,37,37
11141,49abae4a1b5b0cb2e136f933d00a65a7c3428c81d1f5d43abf568c3530ce27e8,0,49,49
11159,7191831d8da358c9fc181d36ce980d53865cbfb0d39593846bfb9f8c21b240bf,0,82,82
11160,77bbc811e39927a3352e12e546a19ed1dd8245993d7fda3202cd95839e386e2f,0,73,73
11176,52c0a13d1a6143075a33d0217ada6617f6bd9caba9462bdacf53c3c35e5e3b4c,0,56,56
11177,bb3a91d7ccdf73d32609c81fc089c70c9875fa229e60a8d2c10cf8a4bfd941d8,0,5,5
11185,31d2c3ae7483d8c71c5b04e438b5586a1a460d4bc400c268109e27ca1ba3ed58,0,14,14
11189,8ffe753f432b0a40f3fc29d0ed1904a8cce110706a7c9b383f5822ab846cdcd9,0,78,78
11190,b5e5dad26b3690e47ae45780bc4bc0cbfa19cdb1eaa07beeb499e773654be7fd,0,68,81
11195,ce9d2db02d0df55bb371ccbe2cf3c402bf2210d8c865dd88d9b710e623aece0c,0,73,73
11196,8de6ccbdf7e6bb93a9e0d338c35275919fffe3fb07675dde24c7e72683570565,0,73,73
11199,86d5a598a699234894bbb120f8857f1012865abb90475b7b3b3db8759292397c,0,68,68
11212,4e2c8716fc3990b7c10a0f4b6ae8c2a815ac62234c48a2a215da2659c42b4643,0,78,78
11216,bbb03b5192578a4c4b98ea8d193c2fe54dcb5b9d0073c4e0a2faa1acca5d9785,0,79,79
11219,125f5637ec1c90d3833ae5b8203e6ee3afe384141fc40b46832de9c56e691137,0,14,14
11220,bc850234aae46c99bbbc8ca6aa6879f4c8ad62a9b77c6bdfc3128d3cd7aa71bf,0,79,68
11221,a185785b3f758182a867fe6ea502b415e9c0d73eda70baf2747e201cc7d676e8,0,68,68
11226,5f929ec8d6b0f3f80b28683f52726ea2d9a80a38f110e81bfa9413d8068bb328,0,68,68
11228,63ce3ddb9b7195ba3275341116a0a08245ec5afe55ad066dfdada5ac84aa8eee,0,73,73
11236,792f35c380e0ec76be6dc0cf35e2c51baa6d83649f7b9f5aaab520ba899a8bb6,0,68,68
11244,1bd07a8cc77c27ac95e5e028e4a35c2c8c0553466a30158ff1c61e0c5dabec54,0,68,68
11255,8fa7d3ae012fe92fb76cb2fae7141e2a90978a2470d1d8f8b97819158c20d52d,0,73,73
11272,10bce0b2d45a1c4cde95b413cfe51ca44ed46344b3abae973b06694084e2fa42,0,68,68
11276,9329dd51f7712255d10c24c67e3b13964571d1459a348bc2d9b2d90d0ef1b555,0,79,79
11277,bb411cf779375a3df2005cc42fee43df1f909906596e03607a29e976792ff474,0,14,14
11283,99359a58f2b164ccdbe17ae7a72592bfff384666e6d6eef598124e8c33c6a895,0,33,33
11285,c89f877d6ac912ca198c61f32002f6d18cf93fa4336b07cd2656f563f8baf161,0,73,73
11298,39e15c9a701f3f55ad5232e97d8714aff71a3e5626789d1808ac17f689c11c32,0,43,43
11301,19cb8f28bb888de1d17997c797e963d475e22867b4f04d7c0ced54618675d16e,0,68,68
11306,c7795f9f9336ed4debb33ad78fc7d92b6745c81f480aae26d1ae227238c14a15,0,74,74
11307,32c080258dd52eedd492dad2c40cdf626ace19e621063f8a9b784bb203467b84,0,73,73
11324,020d1a23a3eb22d48a91138bbc60f0171706b73ece3ed3c7825bda88c0df39b2,0,79,79
11337,0d530ba449b3f92ee415f58a10566dc15654a0f13c6ca287ca03577117e43787,0,73,73
11351,7a7e2626dbc15ad45a6556f04f088da11a3e975a4e79240b6db8b707f251168d,0,68,68
11357,46c9f766908f83193c5c66c33ebe1ff44a4c0a718009ffe2811c4687223082b4,0,79,79
11358,3e2e5f69df9745cc8fb3169f6941d73e15998393f5ed6a3f2f7885e389409859,0,68,73
11375,4ba6e0cb5769bf38344f76e18fa42505f89e07e1725f966a5cf86f865d235bde,0,73,73
11377,83183762ef9e22c0962c7c1b24741e0001cd04c8b973f531f7cefbc255783bd8,0,73,73
11381,9e4ece79368d92a469daa53e557ceb209a2615cafe595e0e2f2191744d358018,0,19,19
11384,3f4fa88e9c446c5355083894cf1783ef589874e8f7656e836e4c1c5fc0bd58a9,0,43,43
11388,b00c85e5cec31d5909ebc2f3971a5b8d46359b9e0a139e7b82a85ac096f8580b,0,73,73
11398,12c258cf133dd1c3c6614eac00ca2a9a2b65b480bf7d0f044d55ed87a18aee3d,0,73,73
11403,921c6ceecbd9a074d4b79c4a5cfb39cbe77bc936b7ccce4937f616210979611d,0,69,69
11409,ea7934181b8817741903ff49bfb4ebe3c5522f3cce44b8e7e04f47fea2a7d838,0,68,68
11413,6d23113cd66d376d020c96f9e64c95e8ac5b1fe26322e878289a548718377988,0,79,79
11421,dd7b966ae79fa1ca577d9b6a7f51fb66877cb136538649dafebcaa917e78663d,0,78,78
11423,425e9c2d3e5e441814eb6fd5a89264dc5eb4c55bbffd6ad0f6471ad0286217a7,0,73,73
11433,4836124055666c9e29997d46a9cfea5762cac11e9563d2f16d454ecbbeb4caea,0,79,79
11440,7772978d29624ff3649600ffc5fe47a95201392fe7746b416c25ea811a4609af,0,68,68
11450,64bb007ad7fec46c498914d031476b430b94546a3ad1d54fc27817fad353f855,0,68,68
11453,4d44304650d05bcd1f8c3fece02acf885a3a85d051d7a5d994a377149596accf,0,43,43
11454,b4d40b922526912580e04e90275ed697e55fb7c7bfd6dfadb1fd3ff7462a1c03,0,43,43
11468,e9da7379db5909712423355f3384f7a8d4f2526d2e2a2e2493b306fbc0b84a69,0,68,73
11486,999251ab2c2c3623d93225425fbe748c8ec007f0e29e7fa6466cc824c3482ab0,0,19,19
11498,57c3897ab6969c3aabe591ab24537253e2bd0f981cc74831fb43153f0c133a7d,0,73,73
11506,9d738ce226e4ee9b504983331a31e88c18f13b5e8c2b19f92012f693ade49a6d,0,68,68
11509,f3cf904c077bf4a62cb9e09b3a3971d4e8f97874f75319f6d985be08bb5600e3,0,14,14
11510,fc596406385a75881945b9c9230a53d905161f70b047c6221676e9a07dd8d1b3,0,14,14
11512,bc8d7ec5bcc186ae596f0febfb9a8cbc06b761e49ab4e8c90c156e49053198b8,0,79,79
11517,18bd5e2adbe5c7b24d0670c22ec7618f3b8b3a096fd1fb11cfea3c708e35de62,0,39,39
11519,cb596b77084d15e5eacba98221836e54b4f10670e5dd253ddb74ce5cf2be0526,0,73,73
11520,cd6ec3c9db7561cae5d81e01e5a659954b2792d541f455c6e9eb43f223ea46bf,0,82,82
11521,b09b4531610fc75269191cec5630ff9449bd090fd668688b1cdf9efcbb40e772,0,82,82
11522,e2d4a56503b17177d8bbed9b58ba199139044359b4f8d91dae9c0604d846250b,0,73,73
11535,47678b7bf5f1fab4cb08bb4aeecb249205149d7754802808cb130689950e04df,0,18,18
11540,ec0a9ecf6216b05601a20231edf7299c2b5191f8dd80b3ec5619abe5ab4c20fd,0,5,5
11555,2500388578cba88b4523a3eac278f8a5ff27692fcf7740ea4e821d6863c07574,0,14,14
11556,af87178d9cfd75c1454a3ae6198a7486e56bd1bedc232bb54ab6c716816aa950,0,79,79
11579,9bf6683b21dde9e74cabdd52984e6df9fd3bc918602996a4d70208a8dec29a9b,0,82,82
11581,aa39700fa64213329f8f82d85b05db176674602ee76fc446a68785294cb3413f,0,79,73
11595,1fd2864f3f02b9a8b29e04a7088d40601e5604437df96741fa058dc6101c9dbd,0,73,73
11604,16b29b7f63190169e2c45943625358396fdb3a8511101775da70bb261280256a,0,81,81
11607,93983fedf23eb59564d1e3f09e5d810b57d2cf3f0254650fe9fd68ea22feceec,0,79,79
11608,b813743e731b80ecd3a81ff0cb9b20473d94c95db89c541f8fcd00a500da7574,0,5,68
11631,a2cf10859d442f4737e6f531e1245d2b968f02402691b3e0d12b04703577cb20,0,14,14
11642,31fd3406de4d6fa17fdfe099c1f5502d3a447167c3f46ac5f013f327fc52cada,0,73,73
11646,ba65bf49b391dc828cca922450593f683834e202a99b42d46a64396950e2200e,0,73,73
11647,e1b0aaadfd0784d04b6b6b72bf3069037a0006a9b4e5699338bdd33eb6945ac8,0,73,73
11654,af41b7ce4cb3b111a6d7928e6f0e4060cc2b27747f4abdc50713d27d0cc8b2ff,0,68,68
11663,d2bc1d87ccf664b8727b2288cf4cacd73858a8c2d72af86f3e5735e51cb203b9,0,73,73
11664,2ae9525cca5eb7a028e93196ee955be6c366dc4566d41344e6deb0b971a3e2b6,0,68,68
11665,e3f179ef36ac8035f752470416496cc0780fe24ccd6b8034f2fcfaf78b19e6bd,0,73,73
11669,db699e093fe022f44473274e713ecde64ec86c8b8f9e7ed4d2bab1b32e40005a,0,5,5
11680,a5ea75cefcf57647f1b0b844b16773e20ed9dd2420b696c6809dfcc4fe173880,0,78,78
11681,cdf702e3e4fef8faa46d712f3714d426395a53e69a8b10c6886a4cef303856fb,0,73,73
11687,34ee0dbcd10ecd5e85f0b20343fe53a8c6307d38c9c59bec8bebe3e4a034cd6a,0,68,73
11688,56ea32bb2a43b18caf637c298553536f9043e58c59fccca9220559f9a46967d7,0,73,73
11691,4c9f65f8b6ac259873890e2e3dff66fba6c127b3ae090ed0830f122d67803bdc,0,73,73
11704,374a5e9b3a6c96a786cef09b5e234d1452b2226565f1a72e7f1dd6dea3f9e16a,0,82,73
11720,65ccb464b3811e29a6798f62c10943db055219ee1d1e70bc3736eb578a2a9a83,0,5,5
11724,0f85981f526541f6058dfd1f48e52ba72d2f7b26b49c82f7f625e1cda641b296,0,68,68
11746,38fa102e8dba39b7a1497cbdc1a39260593044a09d9691d42d0a02dd4f206e34,0,14,14
11755,1946081cd52b5e89cba2a54cacee9c14b98ef8a189f515a66202ae21754615ad,0,14,14
11757,26c41920b80a3fa5692346b5a0256f2b7ea8dd380eff98d0f79a775063d367f9,0,79,79
11758,31ead4e4db4725e4099f461ace25e50bd8e709b04a623c671f3e7b40e4bece09,0,73,73
11763,8f47b67248ee10035ecaa25dfb1d9e64b00af888d04410a94ebf0fe9064027dd,0,79,79
11771,ec00990938f01c5e300c1c875a3bf575cf55aa00d33eaaea161e22b63340c467,0,78,69
11774,2313c3f44ad4210ba336a3faa5810430e17c4815a8ef9f860b12bffc73d4bdd3,0,18,18
11784,aa44457ef70759b0e1f60e7f0c8b4ac1ffcc2544dba22a4114c9c986fc4ae254,0,73,73
11797,f0a6bad3980d3137b857f17874c7ace7b219b1b90d28e82e9eb41cf4e0c3483b,0,73,73
11808,d56f7eb432ec83ba2a72a787b5cb36bf4fc9b5f9dabc5e311bcf4f184c816fd1,0,25,25
11820,9b5272888f13648d395166fc8c086126989a73bb4668cf8c187da7aaea866417,0,27,27
11829,248461310d3aa315df9d61e483955008ecf144284a36844ac23f449275c79621,0,79,79
11835,7dc07d50bda40483a12aa71e3343a6989d181d9c19a26bfa5f6d44d16e2ab1bb,0,73,73
11840,b323959e170768e8e1d50eab843c9b3e66972ab21a705df4a9fcbdfc574fb119,0,79,68
11841,43f1048d1122f8eaa67b37ca041e39c1215e9f8da2bd58692b033a90489d0937,0,43,43
11852,14b51620948ae6d15687b5faaa4061da2f257a841e7906df0f6a2f2f0ec2d0e5,0,68,68
11857,dd83010f377ccfa45adc8764a4fe97e1cd4921b26b1fc44359233d050ce023e3,0,68,68
11866,f22971c19c2ebc8bf73ed28c53a43161e35efc496fd6ebbec5a8685ef6eeae94,0,73,73
11869,6e8ee230a73e099aea29dfd7126bca42381809d8eb1aa6b3b77085e1a18252ca,0,14,14
11883,b4d84952f5987c145c9c56a90c631b18117dd8f501fe20dab5cbbe5a53ae793f,0,73,73
11909,b5a4f4401d6881b34c4ab313de9cabd7ba0b770b2f4daa5bc39f6f87d5f537d1,0,68,68
11918,da0bac1003b0a93035c836f6ea07f344a3980a2dcb99e2423f7ea8a86f3e53d3,0,73,73
11923,bceab73ca07e106a398bb0c1783b0b389957f0f5f8f72f708b486a98cd16060b,0,30,30
11952,f8045b559ef319c45696c632ef278eebd453ab37080e44a60490f7142af66d5a,0,24,24
11961,31aa0cf8f8acf32b2c6757c6a3454b1f56b80ff2622cd688324b3070077b3696,0,68,68
11962,52eec8ea8bf3305b1a1540fbfa7ba516a5adb6e7ebcbea8dad0152ffd334730f,0,73,73
11968,aabf12a68a78163042ae3134062c26c6ca5f421a80ef2e7fe8aefcbcd73720a7,0,7,7
11969,3294f3f8cec14d046acf3397fbaf31cacb7f415ef0e599d7893d6523ffd2c076,0,73,23
11971,146f5ac216179a9dc2278e87dec9adc742cc507cf20fb400fdf84ff5671da64f,0,68,68
11972,f0641d9712e048a4e5167c34da99b3ea7fdcb760b8984b4788ea61dfe0fa0ffd,0,82,82
11973,84baab7c8b03102cae97fe7164479c77f36900cc80b06266a9e2e860dde17766,0,69,69
11988,7e52981fc30f9406e9beef0ad7122e00057b9c4b1a538e6ddd71837589f1b1af,0,68,68
11990,37bd993998a41d78c99139fcfce6a3dbe56e363f330a6d8ebb999395304aace3,0,43,43
12004,083fa7098f9f50f73e7b196d3780618775fd5a6dc3521eddc6bc73d2b2bc559c,0,68,68
12018,a379829a5c56bd6c1ea739b75be0b5733c4005e20ad6ca7d66722eeedbbc9a7e,0,73,73
12019,d21146fa8d006d5ae34632c4320643ea2a9d23d4ea0904f38696ea53d768f3d5,0,59,59
12030,b49cb173f387a7eeb0daeb36963456dc8b724cc95a710424d91de546c3e89ad8,0,68,68
12033,f78c69628c435e667c775f7481559086362814df4fbe4de930d7cd00557f9c1e,0,68,68
12035,11f7eac1421bb213766603b5d48f693302a2a0305672d24d93f6137f4aa9983b,0,79,79
12039,6e95620cc7a0889eaea1c4f39926b370c66b99b146f0bac55cb88fd3896588ad,0,22,22
12044,ecafe60ee7218e74d5898428bac479dd67a7f50c50f1e845dd546233b9fce05b,0,68,68
12045,eadab02372297900917580a018d274aca1932fd1d50660c670111f07e14cf9d8,0,78,78
12047,4ca66fd7ab0075f35ba1eaab26eb1c53b21b8fbe3778b6c91352d03a5f26d896,0,27,27
12049,e8b183100ea27aec0778828224d10eb0c73cfc2fac7673de0c5c884cc91f483a,0,37,37
12062,e56cc9395adcae498c53255fab5d972eb700e931fd6f7cd720c668da92473d35,0,14,14
12079,1ed5363391a7ab1e24a7aa89cbac8c1a0a6c7b245be77fa500559e3054d1b65a,0,79,79
12088,48a41bd7919f1b644236ec4871ee187a3357277430c87d1cff37bfe09cd5ae56,0,79,33
12089,c30c31be71333e37521ee6fc80d4c340ea468b673e835cb357242fc8241dc95f,0,73,73
12107,480e303292004674ca85adf0543a955fc69a197b06aee430398614ba50fc46bb,0,34,34
12110,aa52fb37ac94e3cf369e0ab0fd477426ea33ac9c5d422fd38c1b032da5a3eda1,0,59,59
12114,371be8073d40f02d96c363f77e1b33bdd2ac303fa945d7581c7a2a1e810005db,0,79,79
12122,bd72f28ffc3a8833d7f5d6af8218b9552a9c0cb7ca99f96122a7fbc080e83eb3,0,79,79
12127,e2ead9cb83f4f495c3500d9f58d6dad5eda19cddb2abfeb14cd8f01f333503ee,0,73,73
12136,4f00ddbb0f1ed1f3f4532113c508b983f0962980faa2ea033e3b99b4765ac4fe,0,79,79
12138,1460ca1ff5fa5f03455d64393a6d5d437849aa12181118a179eae5dbc3e85040,0,27,27
12153,41f3acde47227a3657f86bb2e890513c7b6608c4da9da7ef60fc690a25f1359a,0,18,18
12157,46f58a7b3962c415c074b4b21d017ef269609c3b3d20260ba7ced23a125de7b3,0,79,79
12159,d7017e3c14be637e765cbf46b3d6032a50275ef0f64e25e6d1df06e54cfbbc7b,0,27,27
12161,40bec1b62b82f3a2187fac03a7d3131ee9223887ab4945bdd312aad80348d827,0,73,73
12162,112fa6be8d166ca7a5fe455cdb4942d794e703e363b354fab31e444bf5e50d21,0,14,14
12173,20ad3dcd59875984a27b0a3dbca0627d319a3c490a79c1a3e5f19ed10d27e52a,0,18,18
12175,1348a20a74f301e8ca7ef36d068761883689917f87d1448cd1542fe4c2ca6898,0,73,73
12178,7b38b0bdcf8fce5d22718161c8c9d867a21a718db0909621a48778e6b8a5a751,0,73,73
12179,ccb54fca460b9033e5524f2715fb57852589ca2886731b7026c3fba81a7338ba,0,82,82
12188,13b2e36526ae38bd4818f83a633caa26addc196d850d7a9295297bb7570009b0,0,79,79
12204,faa90d5c4c93cea00318bb4d9861e713164adcafc44c4d188f2c295067b1eafd,0,78,78
12215,4ea391ba37c7bb56baf6c59458f55a2d927c1d0f94c67d13eb9171127569a523,0,73,73
12217,9b9507b71c10b7747b6e9af324b9924c9c9045327c1545b98b39c60332fe962e,0,27,27
12219,cc2d68a6e332f22670e0727f09959bdc55b745dfe4e8a2bb3e25193a8248973d,0,79,79
12222,5778a34cd256567dc3644a70d886b09edde430d50c924316c32bd30f7a6359b8,0,68,68
12225,51fbc21d6a3430de7a09a74156013faa08d6e3bbdc76b1125ba3576c7ad1726c,0,14,14
12227,df4d6a236182b3dd4636b00e36bc42ba6e6ab071e5b94d4eab0c06845fa6fc57,0,79,79
12236,0100aea83800b20c8b64cd1d8d865468348b6282ad45c0d36276529419f8bc0b,0,68,68
12237,b2972792fa78f776867a32772a07db8c2ce20b4200c8d036ee797e5d5bcf972c,0,78,78
12239,c38291c17c1dc3f743ce6e4e8bac90ebe339a384484f9457fa81843bc38cf585,0,82,82
12240,3473c3eace1dea877fe29981112f4478a66f873b5b2bf032c973ab90734ba506,0,78,78
12246,97f92ef89d7e7c2f0fbd3fc2bbb1ca9b0538235ac70ac1dca315617c5f2752f8,0,79,79
12249,5693632f915d9551945c142bad75da20915ce6fe6308e906f3cb8b309273b8f7,0,73,73
12250,845ac9256288f3228eb6e3552afd7b9bb713189d9c8edab4d8d6caed2c86da1c,0,68,68
12255,042f9a1ad3c302ece351c1e0a44cd9a69776a1a8f5ea72afa71666aac6fb2830,0,22,22
12268,41dfdaa88bce2e4d39014ba165e02b998a0e63a28396446e1f09b43cfdd47576,0,79,79
12274,09bc86075d4c001e612aa4e1c4c072e6d062e7c8aa52a3902f388691b9d5b3d7,0,57,57
12276,984ecd1f166270f04dbf6c8ca80c4ad428c716b63aca92c7a25fc6ff491c3740,0,79,68
12280,1fb059763dd50e222c70484a94a78e6d275ad598d61f75d0d90df0e17629f87e,0,73,73
12283,50735bcc847e57e2f4715190c1d07cb89340b6b6f5f2cbd4e469b8807e796367,0,14,14
12284,7241115d247111669833f46a2c16baf7241f44cc6000b14986eec011f0469b5a,0,68,68
12292,7a604e63ede4dd60d3e23f0dd386bc18b868f376f71b955394d9cc612b1f8517,0,0,0
12293,b2ed5e6e6b27e63dbf1a4a227810392165378ddd110e6cac97038c064af2e68a,0,68,68
12294,a890d5a354c17d7fac7d3842a28fbe383ef16b85bc26b554a40484bc9e2b3d59,0,73,73
12306,b54a5d914bd04c4f3ed5b657a242a5e2037c9f65e16b05ee225f02b7942d0ffd,0,73,82
12316,a76594d24553e3bb11df85c4cfc32ee88b6c2e0d4ebb522d87b784d91d0f9fd1,0,25,25
12317,b41a3464a61203c58d85057635af64cca419c2b0ad90e32f006dae028bfc7d72,0,82,82
12322,98a10ef459a6e5fb8a3a1887badada366bf52a90a82a14cca6607d7a49b2cfe8,0,79,79
12335,657906a2dee120946e611fc373388c9a7a9d60dc417192ae8cedb3667c992c9b,0,73,73
12341,5b653075adf98f3daf866d777a0233b71f6029a442d5097face7eeef07617318,0,43,43
12354,3d17cee21a3425080df4c39d12975aa8b5bbf5535733698bd0a980f69020427a,0,18,18
12361,4e376320aef95ba82500b1c24797c50ef0857d21cdb0c546f5b955f9a7953cac,0,27,27
12362,f7ba48165952afc1e8eeafa9707ec14be65ed0f6ac3f3809b76f5d3be10dd8a8,0,68,68
12365,ec5aed4427652d277239d1b21ac6e2067cd25d82808203eab8b8d35e961022ed,0,68,68
12386,54b07ce20516179357da6c340f80a4169299de7020fea7f5a28a34f9503a464c,0,19,19
12390,b92bd4b48129007c595aefbe3b7f70b1e69f028ff386b53d49e91bea14c18883,0,27,27
12391,78355edbdfcc55eaf033ca84a07bc19ef62e8516d4686bb30e01123cedebf03c,0,79,79
12393,4955315cd76d6290640658fcf6f38f23d66abc5aee9104cbb691df25c35e26c6,0,73,73
12394,aafd8a9233b9e00c5831536c82c312ae871851d7f4d1492b64c825848ee29a78,0,73,73
12397,61b39970d76c6a8531554d635895ff97956b99e352f80db606d261655952f958,0,16,16
12414,103fe0ec8c48b6d10cf5b41ea92944945e9bea03d598940fa397ad99fa25da11,0,68,68
12426,00a56a7461328e59b2696dfb13b98b5b2e89e92552ef33bf83d8061aa4c29ad6,0,45,45
12427,64b9ef26e659f98106a6cddcb28d6b6ed2649cbec3340bb535b8a2a334ca9f90,0,82,82
12431,40df9b6cf408a42c4c93a1a3a6ef66e00a4506ed2ecdc9bea0c17bff0f0a9c5d,0,43,43
12432,f378edba2a8af37544c8fc324ef741dfb2d7177cff4e19e6f4f8748ca2fc235c,0,23,23
12435,d544a0746e1b2056ddc4109d472b0ba7613263b4931e2b353888ee0a6919c761,0,73,73
12437,e752bcea8fb9a6d336b35ea767dc0740bb44d6c60f257d5755e804b410ac5d27,0,4,4
12441,d86b127283244feefb6d6fc4ef7a7f2ae1042055e08eb93a3edcf3bd4f1f9997,0,49,49
12444,4b3cbce1ab95dca0c9b72002c1ddbfc5838ac25b6e301488f044360a6d92cdab,0,73,73
12446,b79efa4e2aafda0a670cde11e9702544df93ef9171c5c1741303a061c46beef8,0,79,79
12449,5c15cc1f20a0e7e70bd6b885c60b8f299eecea6b465b877fa3c96c805ea3b662,0,18,18
12456,6722bc3b4d46de1321758e2fc10508a08569f57293395dd09e1bbd22d644a75f,0,43,43
12474,a748519a66d3d35b4f3e73bd28768c84e7fa3348d1a3ef2f704a2f31b115832d,0,27,27
12475,ea0b70fa755eede0de3b7cbc9f2b06147294eb7984022fe94452e8df4c47f7a2,0,79,79
12486,9a2bae2ae8e3fa5054b88f0c2bf9e9e6af74ba88a21c4470310c488dba9e7d67,0,73,73
12487,d3242b16998ff0858e0a0040ed1e4ea30aff1715dbab051390b08db1ccd447e2,0,79,79
12495,7de5035749643d63ca398aaab8559cc47b9647f2babecdf74ca6b83ed48e99ce,0,73,73
12500,36f3197d22fc1014deae078f46084f47f9c60d34d898e6fbd51a9cbbb0203bc5,0,79,68
12506,85f7044924c8ee1d035e506b487206a6bbc2dd37c75a51f1a5df174448c1aab6,0,69,78
12545,46d2f169800094c36b320d53036cb34eb97e85481ed7922f642f49fbb5279a69,0,79,79
12547,351ab3e2b8aedfe9970dd5dbea505cd013bee5e0aea561c2751d9a4edabc88a9,0,82,82
12548,a26b8ca11594ffbc07f6296b8f6307ff07a12f160c205d34ca6ba3e98e52d97d,0,73,73
12551,39d98c1d61b31879132e29bf369ba0e75683937dfda3a055859ce0511b26c4cd,0,73,73
12552,4bde1af50eb79e5f5c2be28b202941970c655af64babbe04fba37008f017e82b,0,79,79
12556,dc135642bbc75f82f26cb0b29faca612467e3a8c7da9a65ab51b8bf7df050104,0,56,56
12557,34095a46e96ea3601bc872f7d91ea9e9b15a1fb84f3868231073e31fc9a5f6af,0,73,73
12587,b32424a2251ad40942135c01d81a902495cf500bf2d9ce281c7c88a3e2b1898e,0,27,27
12589,ac0ac05f6216b4ad1de903905fa6a074fe73db4546eed2defad16ebd930607ed,0,68,68
12590,83c45df3c4e0467aa04755e7df0e90aae55eb1938dcd7d06310237964953d51d,0,27,27
12593,262012bc43c6ebe01e5fcad185e18545ed0e9d9dfa7e84c40fc52c7a3da28205,0,14,14
12613,af272bbab966ddec05951deac9e2936ddf3978c8d10637c42acb635cfc044522,0,82,82
12618,bb4e987c8cf593100493b2a85bec0bdc16a9a56c3ed9138811ed52f8f1ef9e77,0,69,69
12619,8caf8241a36537b4641b2768e685eaaea8ad1af66fca46ae51bd47bcdee48d88,0,79,79
12622,9c20ca6eaa77e520ccdc1a260f1b586dd93db93ec9d1ec9c5abc1fd62f040156,0,73,73
12633,688d28aef704166c25a108d46d6e968532d681b573544c5ace958c426fa88a1a,0,73,73
12636,dc07934cbe6d099179dfa268cc39d46a4285b35e9a0d9f06694eba7b4301d4b8,0,43,43
12637,a9b7d0aa16a20d56d697202126dadedc83aa9496cdd713e950c90d8cde08810e,0,73,73
12638,ba00ed0833a0c81f2af1766c44df7880a1ea1d781df1744a6b9d9696f39f628a,0,79,79
12644,f815056e0170e84b4b5a4a9b7d7d0e8d2d7596725c573157fa194a4f622e4df9,0,68,68
12651,f28db8541da98c027b7e6d7017b7b5f69a6befe82acfae886569d277b917b22f,0,27,27
12655,622e16a01a00deb67c84649ddfd51877a0f66fb8e50ecef002e1f7da80ce8877,0,68,68
12682,138dd63f80c0424499d0777a4474137062d07689229270a0a9a2db819b2061f4,0,79,79
12691,95ff1d1f6f6a74760cda9cdf5a3c287feabc7be347eb293ab4ed0eb563316d38,0,73,73
12699,46dd1dabb74f55c4251cbe8e7293fa61384362b64118d9912d264af74fafe11a,0,82,82
12703,1586622dd7f0d839b96bedd65595037e75bfb6d48f2ba83131fc91e51b67e2e7,0,14,14
12722,06c1400b384bc2e19c9219f216795f5b9cb6aed81c4b51899c5ef8100013ce51,0,73,73
12734,24ad8a50f9e7b3e8e40ce85f0920e8d1fde8bea4b58127d5cf9cf00caf656ad0,0,78,78
12746,e18907e0844f1cc613342a5a011af5be561e1dfed0da3d0788eba7e27486aed5,0,68,68
12750,d93755c4bcb514ad2789f8b66c6432371e76a10d0615336df9e9ffd4eae1335e,0,68,68
12759,0d068639eb4568656fb2d6ddd072316f87e66899749561c1b9ffe8b25bf02d37,0,68,73
12766,0e392689b51c49389c111f3594ea6445f5a3a25939221c9d536ee1664d0f0f69,0,43,43
12774,8ccb862c89b5d089df32af73c26050842cc1f8d95fd5d2587b7d0a2dbedaeb9e,0,68,68
12783,3f1ca6f19ee9fb954baa2382e32e641bea58d4c082a37e6288f05e70bbdfc6d7,0,14,14
12791,e44e4948044763bcd7f386e1db45b372374d23256e05db5741e590332f0da5e7,0,73,73
12805,25bfaa471ceb141d840dbe02aeb6b947e64e44d5f736701e2bd85ebe9883b2f6,0,14,14
12806,4a67e49354822e1d26236df98df023d1b3020d3de63ba5a9354b3c558284bc54,0,49,49
12819,ec31fa0036a6e2a9caf21ccfa001e82eb2a23b1df601e6a7a24d0f6bb388760b,0,14,14
12831,57fec3d07865fc1d4e004f0999de8882eda7a0c1375a7d624463ae829997ce01,0,68,14
12837,c63b412a5f49f8224056c915d7de0a577eb08439242079e131a78223f4660564,0,68,68
12846,a927ef809ad34081211d0b9b03123de649d1ae64476714b31bfa133d9775098a,0,14,14
12847,39aae88675a13a838683fd8c82aa983b89d7bf7be45b77978a830cefa0475696,0,73,73
12852,eac59c2f16340ee0fb3db54af31c23d23290a91dace4ec27739eb3a872e1e7cf,0,14,14
12866,f6ef637c93c5332e054a62d7e11962c7e4e7cbb6070ba6c4895ac20d0d59fdc7,0,68,68
12870,c9cb92471e0eab33663a7529beb38cf45b11fb414d31d2bd9ba5e3db2a29eed2,0,26,26
12882,6eeee5c3c1002a2b9c9fa57fbd6dec5954c19a8fb1cc1b4725da027eb786904f,0,27,27
12895,0d0e48cd6bf0a9e1f8fe30a0528dd759effae75359ad4a633a5b8213c335fd02,0,14,14
12899,fcdae7066ae34e8010508c9e5ca0395eb93bf5039b8ebc70578e3e73da65a0b4,0,55,55
12902,f436b858b86ac5e34ac795b68d22377d2f38498b18dd3d6cbb7c469f62cffa8a,0,73,73
12903,2b59b018d57be16fef54527643bd37152500aa2e21bd46a767a7c469a2d63715,0,43,43
12909,d4fbe9d22fb4ba6e46ff333b4847ab027a94115e2cb8f66101432c499a20e845,0,7,7
12910,1022ffe54d387cf736d1c6dcfe1053e384ae4c41c35fb407dfcc029a5f2e9add,0,73,73
12911,f78f728d113b6835ab6ce238a205ba77e7ec493ec1e1f1e60d8d4a60ede49750,0,69,69
12916,4216dd4ed90c7c950d162a0c6e95d6fd82b5099675a85ce897e3416ecee71ad7,0,73,73
12929,c49d70fbd6152c92873dac2c17b9fdae6fdea31563879326a0c068bfecf06794,0,57,57
12938,7a608f160cde906b80bf80acb64fcbd3ffae1aae217929ad8d2070642b3a690c,0,68,68
12942,8040b2b652d2bf37a05d87ac744915770f2704e3174b8ba7b9858ff5a0c1b09b,0,14,14
12945,ae4dd096709eaccf0064408cc2dfb451b4ee33b39f02e4162cc450e72c4a73f9,0,41,41
12952,a2935d87976a570b97530c77d8bc05e29c2056f9934b29782785101cf3c1efe7,0,73,73
12960,32b65e3e661d73379dfd3af04ed49eac41fcc48d4c54590525d381258d499804,0,68,79
12963,5bd6eb8b1dc799c6cf35921c1436eb84d4cb54eec7fc4a2227fb17dfde80e22d,0,73,73
12975,e36b73f5c5dd00a30a851a1f3e5def77e9469afe91643bcba2da42c20b91de9e,0,73,73
12983,0238f194db47fb075d565ca6eff1926ef57bce88b61d72917c4323ebbbb3275a,0,79,68
12984,317687b29dd3d3fccff60fbcf4dae05dc1dea794688f5f32079d2102c1161d89,0,68,68
12985,84b861ffa76fc0ae77c19191ae5f2f681a40728fb8b06c9b0ceb80507687e89d,0,79,79
12986,aa9471fcdf97d99a6d0497464cc4d7a933a2f58aaa382f85fb1b59e11af21fcd,0,73,73
12992,595c70247952e1dec4142b5ef9f649d0ab26384f45e94a161b3b1701b9c3025a,0,68,79
12995,9761bc714c111290a440332407dbe043744d9bedfb6e31c62c027106970b823e,0,14,14
13000,7eb5ac16f09fbb01dd11e7033a7421c6cf9074892548476ccff4ccb2088effc9,0,73,73
13004,88bed5e8f93e83d05ae15f6e1fd4851769e5a1eceffe3109cad9976988320382,0,66,66
13008,c3779e1203d66d7b8c1e0b412821baae532d03ab4ba39728ea4d023f79451d62,0,79,79
13018,9cc3747b5e5f04ac1d1c04e715555cf4069ed02e35b1be7e1da72ed4c2c1264d,0,79,68
13020,296ee059c0b7d1a2ce14fb6f257ea9e67dc41548191f503c94180d3146d99239,0,41,41
13022,f301b9d6912d03f96645e666d3a78d183dd1d80b68b81e0a0f86f2c1e745eac4,0,79,79
13042,1302449407fab4d61728a075d68bd427051f043413df3dc96359bd004e260fe0,0,73,73
13044,4606a98cbea1f25ba2f9a77dc0162e607a4f3693ef7148b4dd33047bce56953a,0,73,73
13053,84f37e83be110f600f4768ee19cb7a1c1e2f8f3d42132464ebe023e8df98f371,0,82,82
13056,796e0f2eb8a8955a770b105c4a344ba261fb9aa2a6b79c34c1a7c32b3f82413e,0,68,68
13061,6f899c0afd1bcff3837f48387e40cbf1758d49a3b73eb57512f0688079d1a45c,0,68,68
13063,3bcbaa5641a011783af0b0c7adccb7775e7c473b2ee0b3dc456e41bd5131946c,0,68,79
13065,2532d52116501e611f9eb75df55cd5f55db018926d218e4337e3e61557226fa7,0,18,18
13068,12e32cab8c9509f8e2fdc31f4bc9f57753b6d77a5d2d5b867d93385837e83b53,0,68,68
13070,78a5b0d83f1a8914c46f5e43a78219e05fdf78c829b1f32421a7065475095036,0,48,48
13071,8637f346385c7144e2df24876fc835396cb572c26cd0addf03cc7875520c6fd4,0,78,69
13084,7940fa54e29f7fe53360193cd044444b9bb6cc5f6aea9f2586265e64c7cd1214,0,68,73
13086,61ae04e2cde9a20db6f81451172dde233348cea425b5baac276d6e1d6c7d00c8,0,73,73
13103,a5805560d91e02ae5b451bdd99af288ce8d330e57c360bcde152a3f2caba2616,0,73,73
13105,45c2c3ed372fe7943e62a50b19177fb102ce07aae49a65cc9556d6c101ca12ea,0,79,79
13109,3250fbb3146a67db4ff968def772c1421a60c919e62f23d32a4a031e42893cef,0,79,18
13118,1ce591d69d42d2f5c4093f0a11350165572cbab061e898fdce6cae5a7773b745,0,73,73
13125,bbeab72237c0360da5539aeec17e244b1a23f7fa07c892bf9e19e0fa788432ed,0,73,73
13131,eeadc1466ea010336caecec0d647a2bc5711419edb2f0a18f3cb4faf883fb618,0,44,44
13142,5f8293e40dc6631736ea202f9915c47c514b9006f34d5583115ce75f5a15b3d3,0,73,73
13146,aa35eb5a0c406f97f440e363a2f185caa858b241f9c63810dabc8bc63c369904,0,82,82
13147,f8814a08a5abe6cc463d1d95c469aff974aab41ce2f7dc905364b8ef06c87937,0,79,79
13148,b73d6b2a9f9d3e1155b93307c99a366fc685b4b409019d8906b302bf43c17321,0,68,68
13150,7b5601f44df8d5c63d36526d88b8e1553584121f27ab7f875c11fc42a7c25ba8,0,14,14
13153,3347fdb77aa9eb96b7dd1ca9c128ee219e218564ee3414eae07ec734189456a0,0,73,73
13154,c7e268a590f274d6694fc72fabad881d16b50f5d6319264e12f02a3640861f72,0,9,9
13155,0747e5a36b60cba08c3a0694418dbe433ff6a72c8593e8f3d1b871ea83bc7ffe,0,14,14
13165,3803ec6ce552e49c73d05a5418367575efa65f0f85b772f34f41398ddc937dc0,0,14,14
13171,f999702b7a2d462c4278e04e32c3b7db7de80581f7f309ac6febb13f7d783a91,0,68,68
13179,f554a6df0b085ba5662b485db013b444b27db7277abcd8fe2103cd8569267954,0,79,79
13188,a53cf68e85bc88a94a649e5ff36b9962b2b9b30ff490153d5dd6ae7a3f27501a,0,73,73
13191,9239bde8d71b3c0990b2b2c61971b50cda95ab2ccf247cb9fc1132bfc8d8b94b,0,33,33
13196,375b331afced7f12525a57ca57f9e6720e48f15b0758b264f7206f612ce16bc8,0,73,73
13197,49950033f6351611ca7b8075f36cfba2712f4b93251a2d92331dddaa48fefb5d,0,57,57
13210,0e1a221240245e8d57e84064d774fe39e900ef8307b941213915ea3a13b2fcde,0,14,14
13223,a35986887fa75d9019ce1e82b366ec68c566b4b39d06c49d6c6a7733b6fbe13c,0,73,73
13231,52b5ac53a17307e91d0f37dab3d88770c6123a46a533983f287c1b0365660438,0,73,73
13237,2eb49a4960a41fb3f8ffd68507497ca99987b8573661cbdd646c0b887a30354e,0,73,73
13246,08fde0c93823bb4e75c5e3a6214632376cf2c71ad0111eee9442877dc1628973,0,69,69
13255,cce29857773f6504fa54f6de11302a18fc38b269aaa5a2a3369cc1ae031735f3,0,79,68
13256,dd5b646564513d65099311a5490185be49845365f49011d25a5a1811f8e14437,0,73,73
13272,8b26ae2cea82c950c6c960ab73230c5f81bf161cea19e8b59a700477084e598e,0,69,69
13278,0d0a3d2076ad1769a8385c37038d8d2a4c024e48b66c9c29a35fcd6f9d112f48,0,73,73
13283,610bee03820141c1c59e5492d2908be5fb3df57f17f0d10bc36c8e3266254b03,0,73,73
13293,bf5c5d7c8145cfe73f1251d7a1948678b9e3e9af131697adb72dfc6aec374dfd,0,73,73
13296,9ea0c9b0c433d321f2f35d30156fe026d167f6bc926c8726c9c45413ba852483,0,73,73
13297,e2f7c54728379f85e377c42d59ed18b4afb48fcfbeacc8b0aa93e67378e51ea6,0,6,6
13300,88b5bfbdec4cbe54e1d9a6c2fec160fa9f74786ef54da23d79783b51cd6d6b3f,0,73,73
13313,c86d516fc0fff5e11f5d91adf0b5e9fc9c502a14ae9a79c39ed1ea31d4e15312,0,14,14
13315,265a3d43313611080c3271e41c413cdf9a724349124f463ea9218d60a33c7188,0,14,14
13320,72f5cb776ea490731bf522536bd3e910f95aa707c8d00cd5eefcf0606a8aede7,0,73,73
13334,6a1b58bfdcd993e6d3c9186ff1b69f610ebeaf778b92590afe8cc8d94bebf9ef,0,68,68
13339,248767dba13a07c544110ef6a0a472df5644aa0d89a72b6e0d6fee2c1083e4ca,0,73,73
13340,d5761d41cd77a451800eec8e3289267e225727898efdde2b5a26ebbc76fa420f,0,79,79
13345,ae54fbf148a2f35153d8065df8dfad71be5521b370940016faa5c619b46868a4,0,82,82
13346,7965fd8fe3f065929dee7ba38e6301a817c9fa899790b4d126c42b026f595b3e,0,5,5
13357,755334b2a2b0da57d1d43da51917fdc5124356511052627cb889b66434da9944,0,39,39
13364,c0aaa1bf1f45e6f8a324a175a7cae25841505e3edab441d87e32cfab63840574,0,68,68
13365,77838243b26cb1d6c82ad4533ff8f267d81158adc283d817f312fa65dc209bf3,0,14,14
13374,90217c6deda952240d76705f7fa63a7ee0cb8ba97317da1d87d8256b8b76346c,0,79,79
13382,863ad226586113bdf07dce0ee9a923945a8924d4a61c29c7a5205a01bbdda5fb,0,82,82
13394,2f18327bef4cde0045aa0d11014d4e8d5361d702cddcf3ad3ddcd8e2e5f82282,0,68,68
13395,2c13703151c354005f0758bf6d722a009d0a9ca714f3761a1dd6a880a7e36bbc,0,14,14
13402,20f87d4aeeb42da0b4a65f94d97cee7a708dcb353d0f63b739f66e4db59876a4,0,68,68
13410,e13399f78b6134b468b76922b554627874857769dee07f5d92d0450617b788cf,0,57,68
13413,fe1707324fd3b3f14acc36473a10ed08d03ea13b5e4da68707f5ff5ee511c5f4,0,14,14
13416,d7a7e26d29c15121013992773e295da7ccb22bf394d1cee55ea36fd2e13680a0,0,5,5
13417,159c188c4fb3d36db4c8c9a3a94a771e0c772566d7165823249f881f3ad5917f,0,73,73
13422,97b939f30cf3574bc1c1afc475a33cc3f850c55d7253201eea92525b49332b61,0,78,78
13427,427c5340d2f169a23c27ba65d8523e3e349b7b17e3ebb842b35e1f1605f479d3,0,82,82
13445,d13d047b97a3d239a758696bd1a8ed9216400893149c33a11e8d3e8ffeec25b5,0,79,79
13446,a9fd7c65294e4a7166d34078b3d4a948c8eecd5242fa620f3ecba8c06b3ad4de,0,78,78
13456,250ecb0de4bedc90b34f095bc4d26d2b82bf31f3e78715e9797e0028fd02e95a,0,69,69
13457,c763131bf0cbdff05662738cd14a814c8a60ce89fbb2d88364828bbee14e5ad7,0,14,14
13458,77f1771173c2ab218e9566741ef1e89397f8f3758b6fb66846bc051830bc024e,0,73,73
13463,30a12388975cc1f9e83e3d293d333eb36025e3e962e777d2ca125c285b3a070b,0,73,73
13466,06c945f24c99459ee22e29053769f8e0565b92b18b9c0b15c3a7481820d1e9d4,0,68,68
13468,375bfc64fd7e331cf289c6d2df12a953b816c84be53f45e2ba943994423632b3,0,73,73
13470,0edac6266be763c6e9633ecbb73f1595ed17c25337835909be7a5b7f37c461e8,0,5,5
13474,8bc9878d6a0d7b952edc9c0f97b638e631d1005ed32445e126204246f9ae8578,0,27,27
13480,be174c6b883c2433422affc05b2976c4561b3928e5e495163d257de5a6e132e4,0,73,73
13481,f9da7e32ef5a9356a54f933364ea22494b3ee0eb5fcedf65dc969f9e6e813697,0,82,82
13488,33f52ae0ee5c0c1f5012312528ac782b025fc48290049827a13b9755f8631b07,0,79,79
13506,206756317e4e26c2e46efe9ef019a45a4eb8782cd64a8e8f88ded457ec466220,0,73,73
13516,ff027ee7245002241a57ebc70c30cee3a35b87f53218fbc7849e5fb23b5fa878,0,73,73
13518,2ce3273fcb07cd5b4a9d65943d1e62efe254716b3a833ee3a60b686cd5a4a205,0,18,18
13522,5363468dea9b8c67d9b147f0d07834f3fb53cb8e35bd869debe0f37824e6da1c,0,73,73
13526,dbb62ba8a80c3a8400efc656eb4558395115eef43277c6a03e98e5ab2a309210,0,73,73
13552,187a069df9c390af1c92c90ec7233da92e599a1def1e095eb9d17f9fdcea2b74,0,68,68
13562,b90dd37808c2369880b625c233dd5e3c42d6fa70eaece85c02739b1ac5eeda86,0,4,4
13566,047fe165174ca2eb604399c5afa349efdef7b16e3cddda0b63947b9a91719a03,0,45,45
13575,fddf98c2ad61c7faa12b3825a558fa0c63ecb341007a15c178d8bb5cb0308035,0,79,79
13579,44b438a805974c28e49fecf221b235f020651fdd2eb1452bdb1a4918c9b9254c,0,78,78
13581,d7c9c932ff229759c7117e922953c66e03764782428501fe197b0ae1fb06f3e9,0,68,68
13586,8dc3a9c862fb02121f569d06cb3d167a5fe9ebacbaec75bbb6b786b63f6eaf88,0,14,14
13589,dffd720bcd5fdbf8f7b0284988e309a9ac3ed51213c0797074421538210fa4b7,0,73,73
13594,b5020f87dd830e6579795c44f54267b669597a8511ee0c00dcaa1b9e7df67842,0,73,73
13602,19acb21dd6d872ab44b49b689c85595bb4679bb1ee25bec1108b6309ec395341,0,73,73
13610,e2920b1309f25c15738a627e4ccc0ff586581b1cfe7cba5e9acef250a3fe86a9,0,68,68
13621,c39fa34f529dbffcf0b84ad301545fc5a8587f36bca42a043fb0a06d1623cc85,0,14,14
13625,9b62675691e9686517cc36f1f22db8e419f26b0c650d5738699f6270fcb09d60,0,73,73
13630,c961b04df4e4cf9a9ca5cf031f32978fd297d3b10a5bd64c1782a7e893ea063f,0,73,73
13633,b97cccb3a33a249d92e33610f70d17442ca5e3d68e54f6494046e5c2888e53aa,0,79,79
13643,05fd7bea4b2f7d841ad6971f7976ebe02a506d8659fd91146230f53557228930,0,79,79
13646,d1978ced3506858901a084cd73637e5878e85fe945e8f112f26c35f84187dc50,0,68,68
13653,614955dd96e71ec5dacb8c40331dd20320079df26b4a924a2a54f9b0501ed70a,0,79,68
13665,8378b297c7e7b1f9d441444c6119418aee9402350a81bfb9522cefc437a27912,0,27,27
13679,c137878cbb0f7b0aae4b3050b3f80c7c8e0dc61d05804a4c1ae8e174a8eea979,0,27,27
13686,26e6d02fcc8ff821a750302a9ba0aa3e5e1e90e88f6303d705750b19a7b1f3df,0,79,79
13692,1d7a595351531767f2c0397e72cc2c17e873826820458d4d6d93a5313bd18737,0,79,79
13701,39b3943d82bc9a0a979d2eb216b3deb9c8d1c4355729368d7ed668626ed3a427,0,68,68
13705,8b4447771bd4e046500b4953e2238997f3dc81caaf70e4cccd409fcdd7365bc4,0,73,73
13707,2fb4ffe6f889f2700bfa7b773ec65f63cd63c60d93621fe81636b854a46dc8c6,0,14,14
13709,9d5939386d793a7c16652a3a9f8c2ada0386218ad9e4dc02c6afb44f3b0ecd79,0,27,27
13713,7b44d5526288f3fe0e8c3239a9e2dd191bac2b80f934cb1646eac12f2162750f,0,27,27
13717,6cb74b95f63ba1b621505c4f01a278dfbbb7e3c97c2ef4afddd4b25eb3a64415,0,43,43
13720,32f949aaced6012c1fbaf72076344f9458b3fa7084ec9a7ee169fab1745f7dab,0,82,82
13739,6abffad599662851c028442eadda2a659be365c5e2b7c6b91f9846be9f0ce9d3,0,78,78
13744,8821924ce5c62efa3a3d7a59e95184f8c58abb985949e9752856555f092c5674,0,73,73
13754,06bbf0c1d6c72d08cb10175ac17952ff3ee04d9a1c9fea2071f93a9c14025914,0,68,68
13755,7703fdc7380f3714550b3bdf8eb847a7500a3940db96b9bc27bfc90d44325cdb,0,73,73
13757,b710f3aee27566870589d6b575d753b7a1e3986c333f679ad808ed343749d11c,0,68,68
13779,ab2bd1a3b7830baed6b008f0b17ecc86a000c81c5981d5ff0a26e47390ebb851,0,68,68
13787,aad4c1ba936671844be920497513fba7e898c9d917468f180a8590ae244d80a1,0,14,14
13793,0e64b1ba3e6d4936234a00d962cf027c4cc70b9a426e075166e1b6de18464047,0,48,48
13806,6c1d6fa5f146e49c4181f99e18ef5e13cb4f10439e978ddb222847cbd6c77aad,0,73,73
13817,381fbb8d757fa04ff403360c11db87e4fa2d05adaeff06c7939ad3a27e81a124,0,73,73
13824,2bf81a3b2964ed12cfbb3475a7829980a4fa17f944db706abe30f40ecb4335e2,0,73,73
13837,fc88e4c4ae6a6ac6fc0652c0e0910a43ac1223048504712c3aa3dff4a8bf70d0,0,78,78
13842,634060df9517b2e3fa34a0b26aa64e028db04e4c123292d8661f56609fe9c3f1,0,73,73
13843,49c05a524d1fd8c4243d2c32e95d682edccac5dec5f43012f963f37abd1cefdd,0,5,5
13857,4692e42cb562df202625aff0e3865fe6291ae67d9a05d9d5667cc52ba9e6e0d7,0,69,69
13869,b322ae97f7addf53d07c24759a63e77cda79362a38dc6393c35ad6dcbcc8c18b,0,68,68
13870,74a78f2bdad9a7f2b76b0718196802365dc54b4ea650fdfa6b0f7c255a59971e,0,68,68
13874,bdd3e26292dbbf635961064a4bf86cd6c5665ee3e6ab1527d1e8ec2d1d83b4ed,0,73,73
13881,f18087ac7a18dfca4e1f33ad02ccef7fa3b6d780bede105fca9e26a1f6da2666,0,68,68
13888,68001c5d987b601b32ced0788ccb6fdd8de945a11baf8f29f937f1ff1b3f22dd,0,43,43
13890,124b6580c9eac938c5991a646119ac5b6c1048d0c09440e321fb03d749cad243,0,43,43
13902,27259b72bfa692e2d32ee6e686cc8bdc5fbb6ded6cea0b14079a0a10ff95dc04,0,14,14
13911,3c61857ae154be82a86f49e47021709d3b80912cecfa7e905f198060a3c83e1d,0,59,59
13919,96e6ffb9ad1f29f7aa752dca8053e8039c5f92cff3bcf149d627c8c4f9dd4f66,0,68,68
13932,c725afa736896b8de2f90bd93e6b17e06f756f299a1f1737b7b7fd3c59ee311f,0,68,68
13933,67a8f878d9f9d88fd12a87bbd86487d47c90add30c2ee100c29210b18669d367,0,73,73
13934,810a62bdc4c01d719c39514b57550e66a56642861eaf2ce8b53afdfbbda7ecf9,0,73,73
13937,0f2d1cf48c8855093f74e2acdc12577e665ccc6450ce1cb809547a22ca1f21fb,0,80,80
13939,fcc3548763d6a9eda90da47aab8a044ba519b133457ff1a2ac826db0938295ba,0,79,79
13969,e235a4660fbe739c6b9e54b553ff058bead665e943a66385e79ec3eca5b938f0,0,68,68
13972,84afad582b03fa26ffda441c01d9899d11037324e466af6cc7a3e6adb05aadd5,0,68,68
13977,214d6c4ccd7294555a94166c828aec2819d0ed0d4341b635cf83eb485c461e54,0,40,40
13979,5d8347592fafb3f12e70c572e0e17f5fe9f2aca48a1575bd1b30d6128295edca,0,69,69
13985,1b8e321d18fe75ae15a4b4169a30f5e0066d40f44c8dfbfeb429b6514cbbdf55,0,14,14
13987,289c245b0ec701e086130cc2ffadf820efb41de568626eb26a6a69d3b83d28c4,0,73,73
14000,c4ad3e76888b787388ed2dcab5a7a78ba86c6e29e18a74b80240e17d11327965,0,73,73
14001,b7ad136f4be37ca3589fd26cf1f4e81293ff7f1d6538f532347b2205bad209da,0,79,68
14003,44430748f730d089a6ac25b8890ef6210c36e259aeab0ab4536ebe96cc827bcd,0,73,73
14014,20a1dda1d14185db50232f1f7b6c9586896e4d5a6330a8393bb4608d68142c69,0,82,82
14015,a5e7520379becd8e3a81b5aa643b55a795f0b085cf8e98917a24b542b73469af,0,73,73
14017,5b284a56805a3073fcabe9ddb00e6706f17d294d07c8aba4c45fa46811fdfd05,0,14,14
14018,1bc4ada457fbde7c424502a7cd2748c3960d78aa0507c6efc799a48b2b597d2a,0,73,73
14020,2151acf7ff645d1b4ffc3cf4097d9b069c766367c45784ec51a52a72385f5f82,0,68,68
14024,2983440d99a7fafd15da622e12bfbcdf85f8907ec040367690e81dd88a562675,0,19,19
14026,a5744656158e09333c41f91c8e214e035f0ac891deb0d232276d7dc91bdfb274,0,43,43
14031,671c29ce4f85547c46d80a1b6618a5cd7033d1b6e62b565a80b9f4fbe2a05272,0,14,14
14034,3125d047a74190c97f831f69a6556357f0548f699689c63aab6e9099c3fbb9fc,0,68,68
14039,01da9bcd001ad5f90d324baa0a1f6e5630dbf2098ff808974ce59874f118e1b1,0,79,79
14044,ee1a0cf3fe07bd1fbe68e7841138df6d2e1844febdff990b03eb4678282df7c3,0,79,79
14049,d44fbdbd328ffe73f3d38c5a575be024c7e6c292f168466b257d4fe7a836e0cf,0,73,73
14071,45bc3380753fb4f8990e6909fac90158d2d7acbb80340ab7ede576cd4baa9f0b,0,52,52
14084,00636b4971da2f6a507807054cd8d102e50a258012a88347e6e6fd5840a89cba,0,22,22
14094,e08f461da36dfbd834e3c0e24cf2b6995248cfa6282eb658106079c70b43a930,0,68,68
14108,4cb4bec1b84ee47cf7c16918f944d10064a4bb6c183fee4b4f3be93e8d528aee,0,69,69
14110,52508ee714673906e4afc2c0357e530a11ddbef563708b8b1b65c28b48ba2c93,0,73,73
14111,d361b89d0d755c852364406095d8a0d7d2d276bca0f45f7036d9fdadff83bc53,0,68,68
14112,f705b621651402af82f2beda1aca6aa75790027eabb2e9f164440ae657719db2,0,73,73
14116,a3081c38d6167d4c52203b85ba94c2ef167a7f37f7a1daea53f73775c68e4f20,0,68,68
14124,916b5a7c2a1b3661a9e7d256f0c3d051d3bad9f0703171232c2fa62f1c98dfa0,0,73,73
14125,e81e5a1b2b6b2d916dc3da07e2a16d170f7e8216d7d5dd4c1e9da9d6a3e58cd7,0,73,73
14135,67dfb8d3887968b34845284a91aae7f845e1cb3bd981ac2b2faf1150061aa068,0,68,68
14141,8dfa5d4f40de53117e4f07bc6aa81a5c3594bd0ec02515a88485c3ab0427cb4c,0,68,68
14146,0a1f7f7922dabdd7a31fdb1a464cf786a34286493a7a9d117376bb700219d150,0,73,73
14152,20c8508242e865ba918cddfe7dc0fba253dca22147606e6050355582dc36411c,0,79,79
14164,359fe2661950ecc9cbfe6b2e3622a804892e25d4ba63518977f57a4169cffe85,0,11,11
14165,50fa1d6042c9878a83e8e226a47a25a38923df9681a4c3e0aaf2ecb604f477ca,0,73,73
14166,08cd1043cb6b6bd744eb4dd42cf3b05864d68f12554c7a3bc927c36017a001c5,0,69,69
14172,7e28ab48fa26544b4f1c1f334a4ae7d173f23ecc67b21e3da67416aa8cec8abd,0,78,69
14177,880c16165e3da0c6229945a835c02392f2179548d106e3184cb99db1553388cb,0,78,78
14182,9bb62c5d75aad4c0530d0f8f0951452e24171e0b7c1f2ec973ef131835ebaedb,0,68,68
14191,acd1db3921330e8bdba938ec63f993a364a3fa351889fbccc854d5e08f168467,0,73,73
14194,7b5f6f478fdcd9814b4c4347bbfdfaeb11c4ed9bcf25a65cd8b19b442071c1b2,0,68,68
14195,6d46fd0b442cf3a403d068ad40cc02174a359313d4fd05928b7ab795cc404760,0,79,79
14200,d5a12eb90cd6009698749f3a2ce5c3f968ee2b9d2500019940c6bc2b7acd1b24,0,68,68
14214,20366f97a01fc93c1950fc1dbeb8cba945c661917d21c1c1909a2760ec8ae953,0,69,69
14229,610e79f6e95381aa7f97f05c583b047282c6dec3fbd9d7a8888b9e7aa774a466,0,68,68
14239,32808008d060699cc26edc5912dc8c33086c6bdacce4b4d43fb993970e5dbb65,0,41,41
14249,898a3309965e5ca7f7adbe661ab75d523a11513e0979e0decb60b348a5ddc4d0,0,68,68
14252,fe2704f087e6370e666b735f9616948b028aa242234251ec9267201cd49785b5,0,68,68
14253,af82bfde3572da64c44babbefd5528c47e243380e4db218db945a6ff085b94f4,0,14,14
14254,3728559a0e165f397870ea3304184eaecbe82342cba6260a40e7cc0eb7c05b13,0,73,73
14260,fb6d8497a29cce4f3cc8fcc032c69f39dd48674d0972482915805d1c76370f22,0,73,73
14281,03f836ace9350a9d9a3f0f698fe53d8ab1b5f97b4b93cf53ae879f08bdc1ade5,0,14,14
14286,110ba24b582840a6540cdb53a247b0ac94132af6b579ba25ad3432288ec1be52,0,73,73
14291,b599a2636153447f98bd6ee277386372dae0d22da4dd5f387929c05e66ba4336,0,27,27
14301,683fa5b40cd160372d73278ef7f2d421596a0bb33b07095577d27e9a194377a1,0,79,79
14308,61d69f256957ca27a8149b869c65a685cdd31fb89c04bc000819dc1a78683025,0,5,5
14317,d0d02efb0be460ed236831ef4092719fe9cda4534d911f1eacade73d5ad25e60,0,55,55
14333,becd5cc259d4ea300f6c822898a9025d053101149439687183684badda1bca4b,0,73,73
14339,e33da25560033071c141cc119c865053662b2fdcc12f2259bffec36f9a66cd60,0,68,68
14346,3103110678a30ac4494966887da087de04e2e212d3f40c1362756e730dfd22d9,0,69,69
14357,426eb19bc0bae9f45edee1bd879db5b5c735d0e7cb3caaa38430bf3c55d20cc2,0,68,68
14360,6e77ce4f0f82999c1bfee1a3dd4aa155c76e3fd6a6ae3f7d697ff0a94954acb5,0,79,79
14372,31bbbeec083a2de4e02682cd6a0b57ff2d169d11fe1ec50d7c77824439a6a865,0,78,78
14373,660a9b3f569bbb8c1c429e5134a6246f95ec4bde8e95e996a04211590973b02a,0,78,78
14377,2447990e3424b4dc36b7ea7358aee25b29ea42b57f327a8aa55fb4a5990f3c56,0,43,43
14379,0b085e54c2509b9306793e4eeb1da02e0b5d529fc26706405fc2be2be972f007,0,79,68
14391,e8be1a935e464b6475622a7f67b3961863e9e1f9295bfb74faf0973977605f03,0,43,43
14392,4286c8f45ace4da78d5ab943040074ed5484984a0fc477d46bcfe40cc01b0510,0,73,73
14398,be438446c2cf5c82fef1a5cf685787d0966e8e86e6686464a8eeb4e30cf5bdab,0,79,79
14400,673956a5210f436a37d11ad93259189945c461e15d5b7f68b69325a2b3922d90,0,82,82
14407,64fd03c574f5bbfc50298a1a0ee31a3c6ada17b0db576eb26c5fc41cb9c98e03,0,68,68
14416,06c0a84564866b103ca070171eff564390298f66193c7765810ae3a80dc8b853,0,79,79
14419,d319a2485bc628c33e8fbd4782ebffb37b221a624db77fa4828a63f0953fe829,0,79,79
14421,b950538493a0949a8ee9e5f3a6be3ef212f88bae3a372dce0523816dacf39baf,0,73,73
14446,5625d666638f4c365f78e2c0ee3174a64c2ffb0c7f8bffd37f8e0a7bb419990d,0,27,27
14466,9beb2a29d603fdfeb6f59dfe8519bcfb4547de00fdbe6f55359ec12c0576fa9f,0,68,68
14469,e46f7af308ef965626a83ac5687a2b6c93ee61a96272986f91fb53215a12593e,0,73,73
14479,af03b2f37bbf41f943fe78a18b56536a26a202c495a0d052c9932181c7d2098b,0,27,27
14481,e6b3bc4d88f8055008814b3dfe689d54a704bf82804c514b67a6fefedbfe9d07,0,73,37
14495,46e9349fe1428d8f5e5dc0a7950c17879061210e502db7484071a5c349a48833,0,68,68
14506,053fdbed5b9e998e46e5ead273edd63acecd1db4590e2733efa1fbc193c8ddf8,0,73,73
14507,bfdbbdd0215700aaececb332d2a32f401dc7f6b9bee76692de7f36332b51a950,0,68,68
14512,f8253180751296826c2924b340b870905b688c890b53aa2bbcc39d585d69bf70,0,68,68
14515,40529fa9b1e672359d0584d1b105471e00aa1cf55632d3324faa5eea95f42308,0,43,43
14521,de7b4afd98b5b31e3ee371c87e2a24fb65e4cb0c8e040013f4153a7bf6eaad00,0,5,5
14551,953897e26fe67ee270e2ca9fcfc5395f2017663ad9f16eef9d0f8cd257676d2e,0,73,73
14556,3286a2966c9ebeb5982a220bf475f9354eae77396fe468f47712cd6dc26ab7c8,0,78,78
14563,5ecfb77362b361cacd0f5a9062b75fd619fb4822723e0fd09dc5d1bea440c6fd,0,79,68
14572,95a077395d9ea9daad78fe315221d41f3d7be77845ed8115f2d3a87a969b7cd0,0,73,73
14575,9234c5d59eebb51bf89f10d0e4e8afd1fea8325990812c62b1ad320663df250b,0,73,73
14580,ed98162393e220815cadfa198e9cfadcef1645f661af8f5fc36f58aac29697fa,0,73,73
14585,665475f4eec69ddabb54833b01b92215635f2be76ba8c665ffa89514d4cd34cb,0,68,68
14589,a1b106f6a1af1898fa81a553dbae4e348496811d53dccbc40acc3c6b6cff49b3,0,79,79
14594,3760b6b897a3e5d82552bdccefb185962e5a870fd6342d278458306c3be8ef60,0,68,68
14597,fbbaded6c892c017f50a4dcf7b389b84ae1eb46f7bd8270fc93aec8a6c957d9c,0,68,68
14598,3b1b85009c1673c7e56042c402c8825d87d8c083b0e4f28ea4e2abf4f3e4b835,0,14,14
14600,4e4be5ef5f43c7624da3aa2e0d621533b053d8268a93d22fdf46e2e5f65f0a6f,0,68,68
14606,c642e3ce07a30ae9178ed4278e99c29db04937b89d92237dbbf5b00b6ff9f264,0,0,0
14611,a6395b462e70c1053abd124f215c1ff9de2f9319634c5f86e2aad66ace6c355e,0,73,73
14612,ab62cf31acf512cb7caefbe18e8403aeacb46669172b4a3e9ffc64b9fa3e4b13,0,79,79
14619,8256587d939834ed0c00f4ddfa80f3e53bc9bd19dd5a7eda01f7aeb1bc8a4020,0,68,68
14620,4d2bbab20a27d3943e81750f6a2444e393b878c2e9ce58b0be1d421138bbfb57,0,73,73
14629,4ce7678045d07b910eeea9a3863f683ba316d97789bdc2c9358d7252e8b29e33,0,68,68
14631,7547a936cc1ffc406592e31a46503420498a581f3dd0835fd830fa2bb133bf4f,0,40,40
14637,eee8ad9f6ba4156ec6397c9e9421f0d4b0ca38ceea7fa4dae3bf213ccc932e35,0,79,79
14641,53b8d6f86fc089ff0304803574c1da1d52d304444a92d8c73772ee75238c5d9c,0,69,69
14647,6e2fe75fd3c97445bfce7929ccf6e6e65a9941920a01032b4568f53155a1b233,0,79,79
14651,6aafab8ba237b0339594a3cef1ae0793968eee912575d60d9ff3c25d48c93d4e,0,68,68
14658,6b02bc0c16909d2bbe8229ebf9f1cb30ba25f469e32855a1252b6cde05295e69,0,79,79
14661,d372590240558fcccc1398eaa255a97c4f7b31dd50af107233a6c73c0c085ae1,0,73,73
14668,e45430cd16b4fb8b9fc96afbb7cc2180b42c04ccac5b12f7eabff5d16f686602,0,73,73
14674,1c7f6dc42d5cc81dd22349b67abd8425310b4bc812aa3818d43b17057c69d8e0,0,14,14
14679,dc226b08333dc5aafdb9cc52c988ba5aa551c44619dcacdaa153756f7582245d,0,9,9
14681,d99b5ab99510153c8307edb4aa4fd7ed84cd0f25c347b90cb3bd8599499ee25c,0,79,79
14686,96cb68298e1f9b159907116a77550e5f27fcf6c7a5e6704f3f94d8f76007add0,0,79,79
14692,a6d848a49ec6a2e76124fe56e58dff2c5ed2d6a14948f40bc0515957299d4d4e,0,79,68
14693,e8240c299026daf053fb67292a55e9774eea0bb7561d54d620f46b9944fd7a7a,0,73,73
14697,ed88430d1b6d58c8ac1a93ddc2bf13cf93aed0456ac5506990b22b0c327dab3a,0,73,73
14707,a1dc923a14e204ac04c89f19fea23685a6e51541d28a96d901d10a0be1688140,0,62,62
14709,ed25b5745d632744eea8b708012f0d37e7f3a37de5623ab0d373de0f6089a026,0,68,68
14719,1609b5e459766d12fb72bd1e9c70cdaf23e73186e17cf624bfeab7b9ab53bcc8,0,43,43
14720,fd791486851652cb28314cd04d36349f4b63bbc8e08e7f666af60c1a01ff5cb2,0,73,73
14721,6cbfcad024928a5924cc843482be46844d45f40df297b9dcfa4ef697e97ce593,0,82,82
14723,74bf78e67b0fae18332c8808f76e3a7a5ec30031f3307b7864df8a1617a327c3,0,80,80
14724,ebc45995c9ac01fb347f9d3f09d0bf2e431898439098d0ee7a7996508daf560c,0,19,19
14727,4bc277f23966c86f9a6a0fd0cfedebb392f5d2d2e8df6df467f050c59c84e1f5,0,79,79
14734,be5995356a4f89e95105658a7d35421508e9fc165e2817dc6e557bc2fa1e1abe,0,68,68
14739,f21754d263426023b4b4e722bb7bb3048b23c44aa29d9d0faed126995b32cbef,0,73,73
14740,4f7f679c96547f86f14bb81b30950e2fe69b0164812ce7e0e91464a5215241c2,0,68,68
14741,03fcc9acfb4f7e6295b9e0dc4e039b6772b63445cbc3334434ab4d9166cfa9d1,0,24,24
14743,6aa65f27e51b9fcc2b38f277d6beb5310dc85e8e9addc45f91066379df086fc1,0,73,73
14748,3b74412b8287b2fcc13ece26a79c783f466547be2593a828b90f04a282f1a7f4,0,69,69
14753,f7a62bfa67f420e6e71f2648448b9f47776f0ff0e9a282c32f6ab1d458258bca,0,73,73
14757,49185c0b58758e1798cdd9eeab120ac40b15e76aea25de0e5f53dfce94755fb1,0,79,79
14772,bd90a4da96c9a901e6001a48356b337df5b69c1bb9286542813e0baa9cc26e75,0,27,27
14803,e328b60277bbf624f1457d5c8af2be122337f44be23f2073bb001eaebdae8c3a,0,68,68
14806,7a554e2e3a0b5fd83d0f7fbac1b0218be560d26f25c954d6f126f56720cd0c54,0,68,68
14831,e3cc46238400b58a6eeba160346938f5c9b463ccb12a4b1f6b4fbc544c6c7c09,0,79,79
14845,f970077e507e5be7b7b46cfb9f42faf2de676f0b180ca6e32464721b74e7e8cb,0,79,19
14856,3502e4f68387ca43f09da373349b8ed0787fbd0782679a9d80ba5d91f54db99e,0,68,68
14864,9da85d679db9729ef48516637b760b54fb4e9ad10963f0cda7d099a5747c0137,0,78,78
14874,1514186169fcd3e349dda873a35e1109dd29c2a49a8093f52e11647ab74a184b,0,43,43
14885,be665cf85467af94dd5858611564ede4cd5f120551168e3248d871a95d0148cc,0,80,80
14886,91420d1fa1cd440e21f0c9664ab243101aec91e9f1b3d3484bb066e94e8c893a,0,79,79
14894,0f00dfeb42228bebb5cf0ea4d8851d1bba387929b7dadf125d80b8a0ac759b96,0,73,73
14895,34094821bcc531e2652ad7bfaaaf746b195fc93a862f6561946955bdc96dcefa,0,14,14
14903,0e0e50f88a57c3e49218389eabd149b1db7e80b745fdd5bdd92ccf8421be708f,0,82,82
14909,ddcbae72416cd94a7827856541c88edf026919562674112ea4f4fb646c642b8f,0,73,73
14911,6a50d4930586c14a60c025256a1594bd2078365e69f571fd6dc43f262b7e3cdc,0,79,79
14918,37868bddc6807cdcd6578d8a1fe177e1df82a1cd9f796954a770c4d0c1f949a5,0,68,68
14927,1f5b7b961741a30e8b0add3f95244d6559570d23c05dbaa80c5513c3223290e2,0,79,79
14931,760b53d68eca7cb82486a34c0f0e34b08c396c59f666ce1b3388b3ca4ce8e637,0,43,43
14937,4981acaa540d75d766de599cc7e1ef7a36b8d555aba1d5be25637d54a22f4466,0,73,73
14950,f942043c93a8b68aec5b7a304bec64ec0b22614a7444925a9c3bd221b9b48435,0,79,79
14959,068d1fd65874fa35e592a4db0e0682ba270c142e0d2d57a1d86ba65ce9d4cadf,0,22,14
14962,0d427462452fa1ff05830e34e899c1010f09a719748cbc18eeede6a4f15727cd,0,79,79
14964,7f6e14f12905db3b8cd7da73da6ab27034f591c462716f6d62b8ccdcdd595514,0,7,7
14965,d6d092423a6ae039274b3a74e90e151ad004724062c6511ff664b3228e8186af,0,73,73
14977,ff37b0cc82d6cd0614a6c17a0c95c1f9cd4c4a842b56c794a539fbd8cc04a126,0,73,73
14980,f5732d64bcfefd18cc9d59f39b66ec50715cafaf9be5f387451876ba1f471c56,0,73,73
14985,256c8dfff75bd6bee7f4f8bf257c97a494fb21b024e9de9d0a2ee194ce33501e,0,73,73
14986,632ef7cccd8a907781bdce51206323f2cee7e0950f5f9e81a864ed67342e7b56,0,73,73
14989,530e392d481e46e8bee05edc20bc89281b8460a89308669410a0b27d66cc7532,0,79,79
14993,72b5d65d834b4d7c7fe450ac2ee356107a7277233f89d26c107e762cae481d0b,0,73,73
14998,0a32d88f3c57b977e441821fea23fdbf85d923f37d9853dfbf742f795fd55235,0,69,69
15007,8599855a4ccb54f535671a4a664d7e1111be191ebeeac988610951697908dddb,0,73,73
15011,8ff96a314c78b094a4cb98c63ac74da19fce6791648ae50a2a91ffb41b2ea1fd,0,79,79
15029,3104f345de6b370292f9ecec9a6b1e038a8f6f0f2614cb64968595faf4db9b8e,0,82,82
15035,acff695bac3e83b6b2918b419e3fca6083c7e2be6a6b2a1d7c5b0d4a427eb77d,0,73,73
15038,c87333914abfab24fbe1e1dc1006e8bab3fbf9209a0d9bda3f6b2b21369b8ebd,0,73,73
15044,492db98cb6631ebccb662730667a0925f890c9e5ca233ca0a54bb9bd55cc5c49,0,82,82
15046,62823e3645c8462d6c5e4c566a11958bda4dabca0a7030d921a3bf9e8b88e640,0,5,5
15047,7cfee358071bad32142ef4784030255f9b01edb266c3a8f93de9712dd764b171,0,30,30
15048,d7503fba3f22efcb0a2b280521212e81433c4566dd35ac378feb100bb752857c,0,73,73
15054,9cc23b50cd963f971fd4b13243cd74e4c0de188bf4843edfcb0f55a068dd8dfc,0,79,79
15070,b9ec3f9ed6d526d57713c764a540d0823be3bbd51326b7f7e79e22d2327d5ab4,0,79,68
15074,efe8a9edf19e2b9c1cba02da317557ab5126dc79238c08d7b7cec2b3d2178c27,0,24,24
15079,3df6341978122208938dd17f1fe0e89dc9810cf36e5afc0a2fb666e1f90894cb,0,79,79
15080,b2bd92f51c68355c6f090ff40049fbd7596a2837dc33cd054a198a5d79462454,0,14,14
15094,0f4045fd6e72e878feeaa18db573cd401153519d20866c4e4e81041651c90fd2,0,79,79
15095,5131a70a604799aa6020e58da3c94b269b5b5a37b1f79f49962df3fda0bde051,0,0,0
15096,f3312ee1ff30c7b38c800179bd8f2c946664efd7bd61504bd7ca0a7d87d09914,0,5,5
15104,589745a97c10a9a1a5f5447515d4187bab0d8abd8f521f01a0cb8009fd202e84,0,69,69
15107,626609dac9e8a70853465ec6812a4d7b8c715327a6d1832eaf5bcd163adbea82,0,43,43
15113,0d0ef81b0e122b9322781f0e378c7b897d359604bae39e915ccced32c7e91635,0,79,79
15124,a0437e4866f51c80038af55bc315826d07e5afa9aec9e694ad2052de71a5abba,0,43,43
15130,b943b4e8e0127818fd92289111393def427929103589447e0c7a665fdc1d7218,0,73,73
15138,e78c9f32662a1f81e4ed715b73dcf7607e985ec37a612918756799c8c296d509,0,73,73
15143,b204e5f57d97b540a93083584c854a14e2c2366b06209a8608323313fb8b2ba1,0,73,73
15159,8182183585d7b912dfa99bc1ad733799b4034f067eba04f3fce6dd7aea2ee413,0,73,73
15169,22c88c6d914893fbee40396abc047d73d1514f25f2486770db8517eb082e40fd,0,48,48
15184,dbfbeec4ef01e7ad83642456863301b5485a198ae7bb27a7728addd25eb70f3f,0,79,79
15187,ec160f29def058cb9ecf0692a3bc57a7a533580df9e618495467498628f26538,0,68,68
15195,292311f4e833d8f38a22ecaded6bd5ce03aaf6ff05e10df9a769df849324eb87,0,73,73
15205,d4972b6281c70495350ab67b753c3b80857fc66678cca8b2b445431b80392afd,0,68,68
15211,eae89f277428de2471e5d11d5957b51c284534f66b1078c43ce55f225c7fcf43,0,82,82
15224,845cba78d128f5b64edb74fbf7b7ffbcbaefd5610bdb429496514c004a3dae95,0,11,11
15225,0c4b4ce4b41c8e548915b42bda962409f8429711fa2883b66e9f87f9bebb6c39,0,50,50
15229,97b80cbc0b3171890de076ded0342252fe8725450667ca373cdab3bfb99e2931,0,73,73
15234,3a481ab8f1fdf55e03704807def543651b6915111d0d82f514e01df9c88fbed1,0,18,18
15241,3846661531319e10262464cbaff501e514b2fddb9e19983e59ad1acece7318c1,0,73,73
15245,95c954048dded17169782f96d4a7a3e38b8915c3a7faa93a4d1d07f2ccba594f,0,68,68
15255,514a4179bf70f4e5e6a8f92d6f8c392052fa690769eb670ad202c036b3dda0dd,0,73,73
15279,18d0ce48894b7196ec6f641af9c30ad6d783e77644673a362f2d981bc71fdd58,0,43,43
15281,e3ee8800f8409607f223c3506e70e188a6fd05cebece7371cff0db48c323d9f5,0,68,68
15285,d3180e226cc87c623b3329d128141bd791f161cbd61c3b85ad3f79f8dadd4f39,0,73,73
15296,278404df9bd16bf570c2e4df83742a93d5999ccebe0b66824f2a9014ff67b818,0,73,73
15297,af6a60af0fb68880a8bc9c67fd2211ea1a64c88555595627533b65b7384cfeb0,0,5,5
15298,a767d85cd777adf0c6fbc3a76107219a9bf088ba02378dd4ac12e3ea18447ea5,0,27,27
15321,913bd6147d7e0b8cf935ccafa83f116f8bb669da6c24507c99dbfa40e49dfd9f,0,79,79
15328,7cfe171da75656ec8e2e85c0bd9d8ca6792329e29e5db70a2c4ac94015e3fc07,0,40,40
15335,26c6b5e63d520cb2aff8a17a7f6914dc1f9c1e395c6c6924ea0377a15b91dbb9,0,73,73
15341,ab9265b0aaa6e35663e3da50c71bf85ac6fc2fc6bebf3ec57e812b8a80bda368,0,68,68
15345,4fc61e3a1dcad13716d7cf9dd9ecf395474ab9f392ce1ea76077e8ad55d34c00,0,79,79
15347,3c01d7d959ed8e8849ca90e29d3aeb9385d18aa0da8bfe3c1ff8ca1a21ba6730,0,69,69
15352,6ebc46b2d78cf1aa0a1786f500696865d337b0c959a260409e8aae62e6753836,0,5,5
15353,6f87dc663fdba6efa939e4ca06e045b6955ee9aea32027cd0214193b45c90604,0,68,18
15355,5efe9ec43859e0a8f8a88b54d187567c156704ea9e3ece8e23961bc8f7ca3021,0,79,79
15363,50f3608e6547b14781cdad5be60e58ce58ac54f558c8849ab56dcefdbd627a9e,0,68,68
15365,f5ce6cd20e068552a8956c2ff513d7dd7d5be6af992724500e40d2b16b78cc92,0,27,27
15374,f3b36866802b016f62355826c49d6e0d20b047cbb4b7e4d6e68bbaf6cd2bba63,0,52,52
15377,bb69c03f343d3193d5ca97aa9c0ec65b82b15a51a58c67aaaf39c1d93f615013,0,68,68
15388,c9ffbf653ce17de441516c07c1b5ee92697aa5756b56cf4aef192459893b5053,0,68,68
15390,92c4039ff87f57270b1684beaed23b2e94e31e524f487d6441a814b9d6b9797a,0,40,40
15404,0ef221ad3d97790b717b6ade32b704a905387d52e18967a407201f21d6d234c0,0,73,73
15406,2a46f55867a3849ec1256635813944c10eaca1f891f2de6f4a3632d4e21670b9,0,79,79
15411,252e396b170d2cc5fcdfd9239f3a4fbdc1f9fdd982c87710326719829e8a2135,0,73,14
15415,7c56d58698179d84a12cd743fc6eb4f132ce2293702e74e3f5ff53ab31b76dde,0,73,73
15421,4363c96805443502922da6159a3cc749f47f0a862b0f0b626128db4dc6b52f7c,0,73,73
15434,8931a70df3089ee69f5c02a7198d370943a2e7986de0edae3b2f2fd6b8f29bac,0,14,40
15436,ce7fbf298b356cec3964925d9822cc2055693543b457f4a9a1a310763bedc559,0,18,73
15441,1ebd70f4c00eb048d8c1b14bfdc9236b14ca1a712268cbbdb2884be7a62dd7db,0,81,81
15445,eff810197e62c7f1ca29723b78254cd7dcc6c51bd154dcf873eee6d273b102c8,0,73,73
15453,70bc98acfddfe0f8895b60128aeeae0ed8cc69e8d52a1a157a732e4d23a9f89f,0,7,7
15462,6a488255eb2a15e7495903677859460df79e3f1f2b477493b7f999320a9b96ee,0,79,79
15471,d2b9db47d4ee35274745e32ca9f40de7862e6ca44a9afb816fc94d934c60cc8b,0,82,82
15475,6be5f1225dbb892f3a8bb818e1b7a02051a07ff23c05eb50c6d421aebb53d979,0,68,68
15486,7ec6a9164d8ee3c6dbeadb31dae0ed4b565150d0e8c083c301bddd6dfd36a910,0,5,5
15487,f2fe7d35dc136f92bfb9a4d7ad76917c215c8425daa6c6a9688530380459a172,0,27,27
15491,467644bbf28eba773ad554a6fdb38cceef6040ea04dcfbfe6b50dfb69ce28e1e,0,68,68
15497,fb8bff6fd1b401418584d26e5794df417f3a88f433af790ba927a5f82bad5e5b,0,73,73
15501,ca4f8e21a82bdada3227b1b4d3b3eaa7eec4a13096efd3988ccab83591012730,0,79,68
15502,7f42b8ed03e979c4fbf97f17714e1e846ddcba4c39e59fe63e848c564baecccb,0,11,11
15506,4f2561b33b051b57deecf4c5f0f6fdaced97ce17ce0088a2592d01ad21d1839e,0,78,78
15510,53b706c486c50db613a1c00d16bd53e40238b26f68f062bc8eb8a3750ed65280,0,79,79
15534,f21779abace2b93af5a817c6ca7e1ea7a1d93b89b8e6694c198eda8228c18e35,0,79,68
15535,ae9ffd9d592abc30b2b34e65f0b51b40579e925e99502844f2820c166be97544,0,68,79
15539,a92009660f442a54d89c4624d036093fae2e9b87723650f48f7885b2f1d17872,0,68,68
15550,aaed86b5d7df850a50d19d26998c1188655b81dc586175d492f961f6a8428628,0,79,79
15561,820bfb8457fdb86bd48f22c88363ce94d0357eec3191df51fde6d13e51270c8c,0,73,73
15563,42392049f7261d1f3803fd9508d777b739df30c3ba71847120e8ca84db14d7ed,0,27,27
15564,6ae4319dab8bc192814cd9d19050c1eb169dfa02c5a0fd110c1e77cc0f3b275d,0,68,68
15565,bab0830b0d3fef9f3318c562cbae7cf7fe2dd8698ae032a9753c8ebbcbd863d8,0,78,78
15566,a0ba2414b5bc007be09d69202f20c56990ec92eca5281f199f725190d0336936,0,73,73
15576,d9fab4c7daa77f3865174e2841fda15eab9860113bb0f747de0ab0b094bbb0ca,0,68,68
15581,cc8ef1c732b1022cd18a0bed2010587c2699d55d42154a6caa7fd52d4efe7946,0,73,73
15584,6f6f52b124bbbc87ae0cac1deff77fe6f3f4eb014dc7148f3a9e5ff0bf189d25,0,5,5
15587,92da468ce9e97fedf28d87e06fb03123d5d611ed3326feabc075ffe43fa6b2c2,0,73,73
15588,93297fd2e0c1d880d5ecf0f756d9c797d202002c85b9383c05f6cc887b8e6edf,0,66,66
15604,94ca963b66e4d583340f88917e138be72d4c1f453751b515a51225760f9a6048,0,73,73
15612,599d93c1359409047d17413f685bc970c97d0e1870e1321b2688d6f4b91a9857,0,14,14
15625,aed326a81c6c864b39c9ddeec036c24d6d01c49e07c5a12e036a414d5e6b4e17,0,73,73
15626,8ebcc5f3cc899ee8ff40385fcf3b07364f798582036b6813e9f52aa8d8f439d4,0,68,68
15627,55ebe95a69304546acbdd0bd690a01eece948db83e8b4e6c42436d4ad7b948b0,0,38,38
15633,1a8f019dc0c2df3d596cfb4ace0d0a998245ba551cab981b178cc90ee0fc0be5,0,73,73
15636,e07e844d75cb2661c435427a0f529e2322eecfc2c958af5b9517964e26c9094b,0,73,73
15638,5b7e2df30597d2f0a580c6c915407abfea0a7bad2fdb2ed24ad6e3cf45522a61,0,68,68
15647,89898ceb637782a02458da401ae3793a17b6bf482b4d51efe6033f4510ad386b,0,73,73
15653,68c309225704e10fff3b78e75f6992fcdd867cb0abbf9d55d0e0971a3db00d32,0,73,73
15657,1ebee78ff7d3be54849c9f5742ce01f04ddb900e37bca92ab164a8272499c297,0,73,73
15664,3eeb0ff6c43bd9df750638b2b2871817d3ba7bc2da011aacffe191e4a48ea660,0,68,68
15665,da77dbe338804e45326f190dd4e8eb0bfece16dac2e1d7fe57530786aaf178c8,0,68,68
15668,56492f5afc1474f237a81a293bd86639a95d653d4abe02dd3f15e604e98501a3,0,73,73
15676,e73a0d8ba68c3e4f86921d543b8f52e5360c739554de9efc9db8e3376e97715d,0,79,78
15678,124c02aee552090a673a241e139a359505d7ed62c3b2aa00197d41b938c352ae,0,73,73
15684,b506715b7804c81013874ab9bb54694f860a6b43d62f537cd22c2691dbeb0a10,0,73,73
15685,ac819a1afb6242a25989e2d5820754b5acdaf4ef724de780b36d20d17c285473,0,73,73
15708,12b546aecf5040d0a23452678f0aeb8f05c5fb246ac608176ad984ce100abae1,0,73,73
15720,94fedd878b6f4881ceb5f9bb27ef1f74f0f15700431c5b47ea5fb0284f9d5f6c,0,73,73
15722,8ea62209295c40a9b99377054a2c3e1a9d578d10eb4537c5c109b48d6072b8eb,0,79,79
15726,29f8d3281a8bee80efa5a351738de20164cf86ec5ed143df34a026376b38c145,0,73,73
15736,6071d3c157c27d5202037145e9bef4dc6f998eac75f252eb264a99a1a287c515,0,14,14
15743,9e8f2ada17cf6d221dc2b6bb56262565f2b8be550f855bb9ad5eb048fb55df20,0,73,73
15749,64d8ed536747e7a2ddcb85b7eb950abffc25c2e0da687eb1257fb2dd190a45b6,0,55,55
15759,a77748d57092a502dfa42f7852b388fc9b4635459c687e769159a8a57c8b15cf,0,43,43
15770,b1a4a7fcea7b7af7cea3a7879591485188990d8edf914f5e63403335b745f5c5,0,73,73
15771,344ce39cc3a614fd831525093f9be4737915c68990038b6043fd6041545ebf9b,0,56,56
15780,c77e4c59bcce90523ceb3ea445d802fde3a0f1eb9e77c08cdc59c1bc91910624,0,78,78
15787,4e8274a6617bd7174d6ed97d437df594b3c9e19a632864b98baa2c3fa30b157f,0,68,68
15788,7e532c4e87df47f3dfa384eda4109018c3a356a4d97f5bc17ef7e7bcfe5a4e18,0,68,68
15793,fbde3eae5c828a37185bce109853ffd786dec5291e8d38a91b7ee137270ccff1,0,82,82
15797,2194854c9219d0047493bc9dfc10cc30dd05cb4704810a865fcd7fc86c2886f7,0,73,73
15799,d218503023c146e63fd979ef009f04cc4272d82e17d38e1559a5e6d171435bfa,0,40,40
15802,fd55bf8b1de6684a00d5fafb4c25d83ed1cfef908bd0d7b04332be6f2ec54e17,0,43,43
15807,6dceae789ad2a0d9f2b9625f410f7d559ff42671e87b1c400aef4f971160e6ba,0,68,68
15817,e250d297ac649b577063e1d9e504c8c414548d1c30b8952499a7c072d775c8cd,0,69,69
15818,1ccda8e46f591743c5acbe49691d38d473272b100acf93c1e76c05044f429a1a,0,73,73
15820,5503f2aef35e66078eaa130f4f18db6aa06a43760b2c364b167468ad422665c0,0,79,79
15824,8dbc3e5b6fc992721174c6186ac1a970c1b7fb70d013bf0aec41448a9c82dea8,0,73,73
15825,6a82673cd04ab1e50f6171afa3b83ba0ac3f98a8332016b891c223a2b674c18b,0,18,18
15833,cc0faf905fc4182c26ed13b05e699b4e905ee46301480f2b1831643e650b5e07,0,41,41
15837,dbc878c5756cc469f67fdcf14600b0d73b626493b4219f0aae3e1f5ac9a53fec,0,73,73
15839,27e63dfff31bb8fef2160ddbbb44ea4483d95d0cef70fec644fa9ee72747421e,0,19,19
15841,3f59d4c1de561d4b56e25095b8dd09b82450492a4ff222c54d54c181a3bf94f9,0,68,68
15849,38bb79fb68a9e09a8955c404e5d3f94d85005f370f3d1bce2c35aa937cd9d42f,0,73,73
15852,1c361ce649b49c7f654509d8e67948f261f0d4ee2a9020eb70bf14112b27c82d,0,73,73
15856,bd0e35b7a2a98abb536c44f05d4638e3cb162244a094964ee4201af475fa49d0,0,27,27
15859,9c01186fd99486fd36ec8dee98c0523e059e0132977f4d33b1c1c6b165a07d17,0,68,68
15861,4dbbb835830c1735c2ef8965e5f3c5eeac05f119da03aa35b58d7f717b27f124,0,18,18
15863,4aeeaa469901b35da91446cb559ed63ee4ba096e4d9e0b441005be76cf090cfc,0,79,73
15870,ee9ec934f3bf2e8c15242940264f34a2ac2af8d298452521071fd2af945c0f68,0,82,82
15872,eb82dd868ab14ac8c9d642e4b2ac3c8a2bbe403f8a28a6aba4bad6707b4ecbe6,0,73,73
15873,1c38dca948386eaa3b4de75b54df4c8e1cf5f01f603c2da151627819172d7e64,0,73,73
15882,e48299d840347b6693cdea9328de6e47d5aa58189ccfe697357877b91a753ccc,0,68,68
15885,b9b3228bd3b09b6df3b6bafe5015ba27e63804eb71c10eb0e52b1335e4fe9dd1,0,68,68
15895,89cd5042ee5c69d28087d8f987800bb9c1808075570d7c3188950a341ad64793,0,66,66
15902,b03780a9213682e9ace1028c65bac58ef85ee97c5dfd716f7e3a56a44f16c8c9,0,68,68
15904,4036f6d5fb889ed00e3189fd47e865889c05422804b63d203a8bf95136841f32,0,38,38
15909,81cbf60c586aaa4f6275f47c5ca78cbc29a61877bab20018f0d0a73ba7b50513,0,73,73
15912,b7355b651ced4d9582477c661d14e4fd890872fb7581f41e3f21d34d62e94598,0,73,73
15928,fe048ba7c4d342305dc2ef2b5e4adcfa9666d10c1486d90cce1918b122976c63,0,68,68
15930,9bf2f28911f2a95b60d8ac554308110b65948c384eb9cae0bba9f05d5e6cd19f,0,27,27
15938,637c81a524cf10c0b9da2262f5ea159195903e665ad66364cfa9cabefe085c7b,0,57,57
15944,60173f81638ab412b74eb61828cb61836cd23bedb10e524f9e3a1f7070ceb120,0,13,13
15952,1c2d7b2c760b88125b1a70ae9ef0263fff713dd1a97dc0dbd072a671d96e90e6,0,73,73
15974,3f2b16b2805a1131e0629bad1446d928f44b681a0d50c87b3a9f3b15ab4cf47d,0,68,68
15977,a9628cc5b0b89791a9b04e6cbf883293389b4914497fc67bbae1c998079d7e38,0,78,78
15981,8cde1b6566ec5a91fd5d1d18989ef690b08752d2bb04bd141bbc889e91cbc855,0,73,73
15982,1d9da38252f9e382327a6363368d6579155078c7ceabb1e4affda6e63cd99e33,0,79,79
15983,df1d00469ee5c4eab85319527ae2a39b9cdb9a0f8ee1d0e1376d4eb27d598918,0,79,79
15987,49d3eaf6914d8a20dbd73a2d4638eef5f3b1ae7473dcdc708295c8063d20f958,0,68,68
15994,83c792cfb62cabac9f0e757dda3a354afbf9d491452ac30c3f13eaccf4121407,0,78,78
16007,1577484d07a6d3a8f9e4da2f3f289a3b812ce3ae51213bca5f6abc29a5506dd7,0,43,43
16014,9e497bf36441b03d6ebbe227a9951cc98e9cdbb8c9270a6d408a7becec7a7bd6,0,68,68
16048,50cf59974edca08990fa9f87e61f7f2cbbb9540f89ea57e14823851fb7aa6418,0,73,73
16051,607a3d97aca2f51045397da90cb2a452bba4a84a81a56f3ffba78100bf4f89c5,0,68,68
16053,34cf13386c7c37f45a2841106b6aca3beff61fe587859167c0e0b1c99dcb5903,0,79,79
16055,d81d8a56c4561905cdb30a2d4272d618e98405dee092e35e3f44829963c385c8,0,79,79
16063,e2ccb28f0d2db62647131bab2124ad703a96f48bcb07dbb49d467281953b4487,0,78,78
16066,1eb3aee561b5a4ac9d5fed7e2eda60247dfa6aa33220522744dd717963888e64,0,79,79
16071,3e3d42fa310ba1d9c25d31291c74fd2600b849752cc33c6f543825d8e07d94cf,0,68,78
16084,ca14caebca8356cb05fffa93caa4a81030ae52979a18b63fe3d6965ea17bffa5,0,73,73
16095,3a99b2842b3a4c6ecfeba1d1b0a8a8326d42c9f7f18ec3a1c14877700cf3c075,0,73,73
16096,41036cae9ec8aaba8c08de04caf979bb9e39979e173721eaf7d011ba4ce4e512,0,68,68
16102,8ed30b711420b07dd4b38278d58d6a61cba5b23ca3f1e0cc54e0fecb3c74be73,0,78,78
16106,25342db6c129c6ef6b247e0a2962f75be57089b37430fe878a987e5150a4ea22,0,18,18
16113,dddb10b25249bd3f17dfbd59f692386b02452af48db9542a0a3d242c50e162b5,0,73,73
16131,2b084590f8d617a9af6c0aaf30b38c3ed6ca97f8c6e45381b868b5819cb8abc2,0,82,82
16137,e977974fe1b64e6a74fd62c7db15baed479089905f468b8a8f7ceda9bb05beac,0,27,27
16148,c8d3ade21d68e7229674519c7ffe35dcbaa55a426785108f93f37deee8d538d4,0,79,79
16155,9da02e01e01c1f20504645d8be92b06bcb7dba999228fb4af78bc2121d013bd4,0,73,73
16168,04f5c24eb6609bba43aca54f0be5a17c0f0d3c2b23d15b6830c26a9bf6bc8986,0,79,79
16204,b5d072f9f115ae432ba5b305ddad6bf0fc891268e94b6c978429485af15632f0,0,12,12
16210,0409204ce9eb935c776e0f3d058d9353453c491eb4bbb89320b12eaeafc501c0,0,57,57
16215,7e0c381f881efde8dbf0904c8cd42f879ce2e1fd7d5e3fa701589cdaaf141e53,0,69,69
16216,2bf9d6d22d77cda03f6df5cba909c51ebd3d180e565ab81b66de4b28e388b00d,0,68,68
16221,e7fd41643d4a279ccb6ac2407199226e1ecd3cfe2d6d1582d146ef6375ae75ce,0,19,19
16226,231eaf45a8d226266fbd40df78583f0aba8d32e0a5892a59bb41052a49dcd1a3,0,82,82
16231,45cfd447c979c6e8d8eed45029ebca44df77003016658dc2e8f2289e4e978377,0,73,73
16234,226b5095907bb12ad9f3d9fb6671309c97356165278ab905fc7d808c6e48ebbf,0,79,79
16235,d9af8aa7ec2d3639fbd63d31115c28ea9c2b75bc1a523c730a5858f2a638d09b,0,73,73
16245,6c4379c2218fb749ead5e8d810b9215cfa33f074f0628a361dcd55c98b7c3e8e,0,73,73
16246,3cec8d43da0133b894864ebbce0b0647df5565abad546536f1688888542a03da,0,50,50
16251,e5900993affdb335e4dd67968b6a5ee29dbd0b4c71c5aaf9f96175e0d99a4418,0,73,73
16252,247fe58baba5b1c7c642a153ce5e88a2631eb0b7bc89663a8e3d902db2843e36,0,79,79
16264,cade17d881bad9b3790a5dc704341e9f5905ecd24f5a070803fd40ddd2c3a89e,0,73,73
16266,980077a586668c8dc062fb99231e99ae02c7fabd853851dd1586ebdcd559fa29,0,68,68
16295,c96af0ece22d26ca9078d6f01bc3f9b2c9e23f703d8318d7d6a2d6617cb20227,0,79,79
16299,b373bd36a5e80e7e923f39b0c9fc0d5e48de88ee89cf81005eebbc2422f6c9da,0,73,73
16307,9a6f3a3da269c7dc72b66022255d8b7f2180aab9f51d23e471444b493cadc968,0,79,79
16317,b8accda4460ce39a2b48a2d89f12d1a4305f350fdbe3ea7048b0a271ae0a4828,0,82,82
16320,1537f5fff82204379e5c3e248c9f3979d9338f66905a309d2da0335224e89eb9,0,73,73
16322,9bd7460d8c10901c4e6a20f06fb15c710a8bca318447e2837fc1d111ece4c217,0,73,73
16335,d67faaac0dba2d6ddf867de1986557dab68395ce9bc31d9cdc89b9ba4e72ed90,0,23,23
16343,b284b5b0a18d1d58a4fc144f70d4b940e090c3f1e67a83d24ca2bf0d0f621c61,0,78,78
16348,6d9167d7f6f584cf8b76b826ec174970aaac0232baafbe758da9c2e7c315a2cb,0,73,73
16357,2eacba784746ee1a8b3e60ae91e30e3c2df115a33ed5909a15e16985d5db9854,0,43,43
16375,42175c6ba275b8b4a4f3a272708c5e3b47d0d044e93ee9f1aa97605e0d1c23d0,0,73,73
16381,4d69ae5cd7664020f32d2539ee6f7600fa07323299011fa595d233f195884656,0,68,68
16392,e0b4bc8fa22851cd5e695c406378b32833ee08d4459e4d4e08034ee20a874bf7,0,82,82
16397,087677718eb058ff6a5defff2ce22b0aed5a67233df9b2808f43779f5b3c86b0,0,68,68
16409,695bf5a98f878ea3b4ce86fe58957e41301432e158b4de3a50bf13a6d033d9d0,0,68,68
16428,0363728eb92cbbb848107de3c20f4be99c5e989ac859578ddd3e2a24b5f8e4eb,0,73,73
16432,00b32f041880d3ad489ac6d1e48b6086765610f2713a0710548e23715332558c,0,73,73
16434,c9a208e587c9195c5bc2137708e4d43454733c2375bb2b06cebeaefccdeaadfa,0,73,73
16437,ddb7737a247def85c8ff1096255c6a39c4913c2928d227f09f318cb04a1a2669,0,68,68
16438,72360cf6c5fb136e76fbb14131f3de0d8cb7c35dcaf691faed73f2a08fbdb8db,0,12,12
16451,5e39b109e66b95c7be6f75317f20388d2960b70dc8c61db4f97a129b70d78b41,0,79,79
16452,34169c92b84ab4a651df62ceedda4349fa4ca8f4eebd14fa9e56054e04b2f40f,0,78,78
16453,570997d8551749d7317a74454c17e688a41db294f0b50d9240dada03d4ebd600,0,27,27
16454,2f6348ff60434a151345c69fdf2f8bbba773f15198d7c95315f3c20f3473b0f4,0,79,79
16461,8f16c2a44bf00f26943ca2c3403b0a82950df26c971d61f2e621bbf6b2283461,0,69,69
16462,8ae8253e90d30cea45437dc79c7d78fa6fa8fc3228ef3ccc8c60bcf19424d8c2,0,73,73
16507,0058f0f56362a60b1410a33e6a6bcee4b668762a0f91583caba9577b77a66bd4,0,38,38
16513,166469161ff02dbc4643401987f23dbb178e6bb8cd9932b4876b95f90c66e755,0,79,79
16514,9d0e6d1d74f4a12fe53bf353adc74d4e0e30d016735487192d1d70505f6f8c19,0,68,68
16516,5f37191e73b17571088a328b676c639fae7827bf08a82a04b561d02c3860d7a3,0,22,22
16528,b8b687470520f56df46784e0b1d2099bf37073fe02f3b5b925d81509da0f55f4,0,11,11
16544,fdb7cee693db0c9f1fd553558bf4a0c268dd1e3308aa12733f49fae45bdc9e22,0,27,27
16546,ca7235274d7a60be387c0234e9501cd41ea55e7b7292d09ace9d474cc5e4644f,0,68,68
16552,57fe76281b38a8b83b5ace2cf81ef7bbff47ae183c2e2a4c256dfba437d39a7a,0,56,56
16561,34027a3b547f1a12717e54f5006e52d85f1ac80d43e59dd5a292200bb992916c,0,8,8
16565,a85cbc989e96188a8743f8815df8c6b3e27b9e3796b28218d961f1fe88ef8d54,0,79,79
16577,f4127a9bf52b660cd2817f51b38510b781061cf7e632d66f6ae7f76f86a0d48f,0,41,41
16579,2e39cd940ccc73cbb138aa0ed7883243a69bcd32229a74fd77182857f446f4cb,0,78,78
16580,7d8fe1fec8755625a8c119281342c1656775775d520638e175d545cea8061296,0,73,73
16581,b37d5f72464f20ff70d79a7504a5e7b95c87d5ec53683728d17201bf2204e46a,0,68,68
16584,e1d97f74a7d164e8cb21ebf1f50ac36e929f14d0bca8d04fbc31fb5614103e77,0,73,73
16586,39d1010d5eb3b001dacce86e3b869e1b10d99c46693b194bb959735bc3218833,0,73,73
16598,25b5130d273c830e0d8cb13d2e95abdaf81bb0f31f4a6c7444aa4a2f839defdc,0,68,68
16600,73bd655989a58872dade12256e0f80c2d8d6c25592db5866e5582297c38ded7f,0,73,73
16623,221b1f5f2d1121e785a29ea7158fe42940c8b89cfa914ebe336a8596359228df,0,68,68
16649,b6d6f037f5bafdacafbaee9df8a9e6753811edb9d9eacd60aab01f512439e86f,0,82,82
16655,b19366922670fc451f06cd4dfa851b79a94dfc960027e62527435c10103545ab,0,73,73
16660,3aaf6951b1183e0df53375f883c832be599555c5704c1882548aba8c541bc943,0,68,68
16664,6dae41b418ee6b4301a31f0516c614bb2eecd753ec6337b4f45a3d8b9f3689d2,0,43,43
16671,c80e4f93e30f093390b0c0e6a0f127924955aac8e1c4660364516ff2da112de3,0,38,38
16677,a94a7b7df9f2775ba9041758233dc620f50c672548eb9e9163eb6e055813dbec,0,69,69
16687,eb8cf4ac920d8daf48dcb4b5cdfd33a90c448e436b3c3eea4fc9eda917846ec9,0,14,14
16699,069ffa6c1bdbe1a145acebc468320d5024d236ab49285a091261e57dfe255b8f,0,79,79
16701,a792b48de61fff28be05e63625dbd4940a1e07b9dd5992abef2398745fe95ee8,0,43,43
16702,630a072b07fea188c4e22a7713daa21258699b7d572beeaea8850bcae942f87e,0,73,73
16732,0ff0270b30fcf0102708b9f2ceecb9e00a5c9399331834ba64e745aab5aa9ef1,0,26,26
16742,f0132d8448c8b22c3d81ba30cfdcc6f4440f40944840cbda99c6b3bc4437285a,0,69,69
16746,cc81f9d9490fd876bd2b6ef5497edd966cba7ada693d75f70daac0cc20bebf20,0,43,43
16754,df45106b81c7f9c1891eca994319298cf2073d0a620c3d597ee86b8c0c20f38c,0,68,68
16761,c02be361107a2784a05ebb4b467f8cd806cfc5e7bceee557b882d97908e2e0ff,0,82,82
16773,4b3ec4e25c4f6a9a8735343ac514b03deb330b56859087cd36dfacc6a63dbade,0,68,73
16778,b495470db84144853bced1767259475cf3a7e8b19d412f575ef305e66946bc39,0,78,78
16783,a2982f8bfb256a3e738099f3cb951ad8ddf2c842b15dbdc0dbb12c96d84acbec,0,79,79
16787,c687724bbfb6f5f039b1ed0a9a4cf7fb0fae67794d3aac037d38d217b9e65bed,0,73,73
16793,e67339b7989a540b09a33514220dabf6a656c7c329e9b2e9719f9ea13ca88400,0,73,73
16797,62060241f94ef953d2c2445600457ccbc3c1da0662e8e9171a8ceb01ddb3620b,0,73,73
16805,24897f9cb4f077de0079c7912daba8b1cc539171574096f37f9002d4bf4a3213,0,78,78
16809,089b0f4e784cc8011873635643a139f846e2417f7fbbb5678e211595a2aef5ce,0,68,68
16818,76fccc63fdd50639b337528bb4a918756c3b2820de3aa8637d443adb2214b8a0,0,73,73
16824,01f78650b69e03574692639d82037f3b5097ffb48a7be06ae6948a19665b0fb5,0,73,73
16831,e501bb8c9026ec02a70bb6928f0db3f0d8799e36773dec88e5f90f319e5f0eba,0,79,79
16854,9662e56094ea3b8cc07bd056e4667a0bb8d51a0bd359651e84e6c9b25906ba18,0,43,43
16856,2600f0ad01be41cdfa589be75df087ed062b97c1c5c855145bf7023281ce1dcb,0,73,73
16867,0f860f453c6f449714f670fc8bf3ec64862189a0d991c8af4b0cd126bb6f1621,0,82,82
16876,118dab8c3113e839ec31ea10ab73e9062209b6e59543458ed4019d067b5e381e,0,79,79
16877,139097aa21acb26cac345e0f6432a07b5eaae70ebc3201ff20455a5f5f2fe1fa,0,43,43
16880,7c23dd4fb5894247d8aacb583f92bc0f9fe614d23b2d653fdf85dc1db09b2d70,0,79,79
16881,f358f8a1da4191ee278b7e52cdababbfc92e60cbc26348ab3a515f5f1381e7c6,0,68,68
16890,5d9cf8a36bfb2b840f016f050bf5dbd0fe7c3ec324f4980ebf3ea21bad70d35c,0,73,73
16896,6196abacad35063873a41f32111c3ecc29714698d63b2a5ec495e820742184f8,0,57,57
16901,5e5210adabcd98f19c74e497ed44190667c7196f2475e4b4cc4ff3648bdf77cf,0,68,68
16905,7daf7f7cc1a611657e4fbbbbc405188e290ae5d8558b8f09ab7a5410dd7ce55d,0,79,79
16911,fbd51ce23cc1c162a701d1107d1d8e3031b89d2ff449ea9bc82c43427a48cc53,0,80,80
16915,82638c7105b5d99006008d70e91c18ae1a0ee03bba65a06d3312f8f6daf378cc,0,73,73
16931,454c704a4dee63f6d77fb01cd673dba775169ba9f634ea31e9cbe984f55b4c58,0,5,5
16936,ad5499817bda08620b3424ed5a5e7cb8802a2eb695132fe72a229c99aa889742,0,73,73
16937,ca852fe5b60f82c1fc2ba6c679b373ddc1eba628fd679942e14036dd487b8253,0,79,79
16939,6c5bfe8ab0ae21a1a8f6502da4c11f3e2c3b293be70af4e9868758e7256c4f96,0,82,82
16943,932a7360d94edc4754e92a282a7d6831f1378c8e082db71e48ba17c8cac8e274,0,79,79
16964,03af38b2a7c8aa3c5cffd1629d1a36747e7f240fb2d24b3edec8a6ae8808741e,0,66,66
16982,baef631dbe5b4491db4fa3a89a6956c1f9077f92c953f78e03c4a5af9ecdd69c,0,82,82
16988,1249e255aa0e7c80a49e7d0db9c8173e7aac51f23d65a8c2977f7529cd3eb955,0,78,78
16990,2ff2216710ab555e20ca047a1dc2c2c96e9072f2b3ab5a46127de1945798b2a0,0,73,73
17008,3a6030346a811aa09a94b84e106a1ee5a49b95d9a739ad2a6d4c01831d61d500,0,10,10
17014,0cdff76e3df334b63bdfa2afc4a78e7e02ebc2f8580eb84f5b6e8e2214a6bec8,0,0,0
17041,a507243c0567bb48037463e020df1d33e24e5b6132b98b765470cd1f1835ec77,0,82,82
17059,41f405e72907eabdc08c5e92e268327ef761e1f326dcac30850b1ecc1ec0efc1,0,73,73
17063,d8d2a051ac9a142b08b260852803bce17071a6e6f08ff3bfc7ee4bf08144f860,0,79,79
17071,fc24063f8b9ad8e879e679ef1a9a72c341bfbce29ca54b6fc62dfd82f379d6b4,0,49,49
17079,d7be6b7a30591607c494a3442d659341dc0f1697ba7f27d0975238c1da7304ab,0,14,14
17083,0fe98e5d03916f35df8c3d05230d96bb35d0429f98869a9da454959ffdadb49f,0,69,69
17086,26601ae42ca8d05dcf23ca98fd7430b3cb4b384a28804bcdb2cac952b7b1617c,0,14,14
17107,9dd3bedaf9db637551816883280e316c15024b636e5ed116b0e487660b6fe42e,0,73,73
17113,ab10d9cb216e4bc2a4c963c6e03d409b3eb7785568e783374a25addc3d6daa37,0,73,73
17121,d8575670a4da88c84daa81475187c83548698b6dce3338d88a987b57bbd12019,0,79,79
17132,c88acdb9cabc97b58fb0d5371a6558da7ad65322b7f69df761f7ca03e4d20fb2,0,82,82
17147,0e4c7d0052610c6fecbbef2ff20a7234c5dfb6457b562569bfc54cb0e1d1f860,0,14,14
17159,ae516634156c22ef280728eb14fd55f90ac53323ae7c3bbe420cb9b22a98553a,0,40,40
17160,ed3f9f227043fa49cfd36898788f194ba3c586db2faf04420f3ad69d4bbe4ecd,0,68,68
17162,7dbfc4a53ce3f063e0fbb6c836075d4d6a7c28042e00cb79aeacca9accd0ed52,0,37,37
17166,00788e1fc6e7988243512d7c550a8976aa5c34512b55d471278659acf7a1a7c3,0,69,69
17172,369ad311b29a89287707e089dc958774cc308239b340dbdc4c00f3039a565337,0,43,43
17174,764643d3311c072b8e0327aec942f144c9e22d797296bc505ee36262684aa9e7,0,68,68
17177,26a57dc42cc6b7e121ead153507f600dfc25c3f56446b8d2c77d97d5b1f79719,0,79,79
17187,c70b6c353e71b74661f64eb945abfdd9c627dce88a600d89e2ceade0188c5941,0,27,27
17199,b5b8f36c1096bfc79450c653fa5f3a032a490260766e0fa30b59167e5efa8810,0,78,78
17201,d830b67e8ea0b21a353cdd862df200968dac78a724dd3bec4c71a6f43994aa83,0,68,68
17202,9e1410bb31469884f8a93392f85c587829b0dfe7ac612dea0399becbdaa54540,0,79,79
17208,545374b93985c0d2727b9916e56dde2e4520593a557c4c36108497580e66c6f5,0,73,73
17215,01c6689a06ff079d67c4e30ea7510a588e987ab689ad17ee003fdf239ccaef1b,0,73,73
17219,79d9327da66a71e43bf384faf46f3762b7a42b9d8a7378f83bed2d50b57dae8b,0,73,73
17226,f7bc7ca5c88c76a46de914df155341812b5f60e783e834c68c3548ad86c36267,0,69,69
17234,73da7320151901ead69423c0c322b3cc42ab34a2427de57a6f72e391d689236a,0,69,69
17249,0c894cc6bd915a7cb49d98a98618da26f5827d949ce12c37104ed1736d5b26e8,0,73,24
17256,194cec05d678fa87aab8d77798bafe279ccb0b71e5a2e8fc3fda18364d2577ec,0,68,68
17257,a5a62fa7d45b6d9fed567fea5c9c5bfde472c94fa5aad11f214ec372b5dfa2dc,0,19,19
17261,350f2de13495293a9adb725f95252c184e8b6db68dca53c48cb7f9af799a2e31,0,68,68
17262,9679104856c75f529676cc81a797d01b4bba185d26462af78cb8f8caaca64223,0,78,78
17266,15f650340712796ad7c47645f3bad01a0dbbe61d3ed721f07294715ccc7c0f93,0,73,73
17269,25fd39d30c608a71d9e740d9240ab3745cbeb41630c7e14955bd495cbbf2a040,0,68,68
17288,ac9becdd830819b86a129f90294a9814da70118589034b981511c299f8ad7a6f,0,73,73
17294,9463c13860fe51d0699e471947225db62b20555d6c4b6fedfaf9265f2ea98924,0,73,73
17295,7b76ab12d04468dc0d354d98b70e6bd6afd9a22026eeed62f7d5a94a269b232f,0,73,73
17305,e4231de17f1021c694c251b817d823877726fac05595b854970a8e6403322d7a,0,27,27
17322,67fb667df1462707ce02b303e716452c5fa46971b8474f578526ebec14071e1b,0,69,69
17337,24b036a17441e69461fbf8a0c6ba9305190e44558ae2d5e981dbd1d023aa3941,0,73,73
17344,f8bde8ad4b89a6da6754af821238ffecfe977bec72db04db9afe7ef9326cb21b,0,79,79
17347,95954ec4018b30243843383ac19e0d3ad3f9235dfc72660094de9a2440d74721,0,68,68
17348,295e2fb151073a942ff9fa6b6714fa6757d5451ab246c4124622fcb9b67bd2a0,0,27,27
17362,70d4c084ab20bf977cfeaf6d96b952bb1eb17a8ae0000ac6b89bd3a7817d11ab,0,79,79
17387,a7d09ff7bd4df1651f8a2889640135bda715559bfcf140cfc6dc2ee801950b83,0,73,73
17406,5841b13745003820840d4baddcab448a128a628dcee81878149087163c687a27,0,18,18
17410,9f2fa125193ff428cc3946839050d12b413e78663942043fdecadd9ab8bf477d,0,43,43
17418,9611d37a0055bc405be020e504ca2a91fb6387340f2fb8b95c5a73cc2523aaeb,0,43,43
17421,014b4e08e3d89ab5d0e0034f65ad369cf0cf90f17a42998617a77d9f93acb986,0,68,68
17438,7bc6d39d145668a64bef1ae2f9e4c9d590eddf59aaf9b3c3f9af5568f382406f,0,82,82
17440,0a9a1a6cf551ab16588a9c634ba4da5de580752782b2a64721fecb34214cfe01,0,73,73
17443,7c0a61a0904862e78ae6dc9f250b43116ccade91c445fbde8b49a65944403ca2,0,73,73
17446,bdca543353af28dcede7a3ffb91ee7e7743987884c68b8b61275c01ae22b2047,0,43,43
17451,20b4ae6bb59961eced8c6275e0371d7ce1d4b95e14d33f2902b23d84a9b0fed0,0,82,82
17455,78b44c024f3db79b75564f2d3b226c0d15fcf334123cba49eaf5644d90b57d32,0,48,48
17458,bd5df9b2a2f26b7118a964a25753f0b27f6436bd4c3c763da6db0743a587d3a7,0,68,68
17459,a7f2648d565a032d7f2094ca445c6952d3aa113c4150b8a2ad3c392e0515a458,0,73,73
17465,6b09ff5cc2a99f3eed533467d25f7958df96e11ad9dec9ee1637c4ce395c32f1,0,14,14
17470,b581b4db2ecc8c243bb25d98cbcbbe370135d2e0cba916d73d6d5b1a81aa3271,0,79,14
17474,02f9e433e9ff95bf7d7c1c906da94c7fcf392f05f640982798efdd314a458fde,0,68,68
17477,41d207cedbe8a6f61b63c282478b32a356799b613f84f296a851a043897a0f8c,0,68,68
17478,f117b1412e9ae7851f758186ac4a3878b6103f733194ff389d2fe7fc0dafe493,0,68,68
17496,10ca49e08b8d71a96f096994cbc1fc3473883a6e431332d14c59a4f82a6dac49,0,79,79
17497,f34966ba0d67ad11e2fc37a5c1971faec46c6f467a398f744417035daa4f0f98,0,0,0
17500,e88eed9cadcb4535b582ca7bb1a20d042c2e94f198544c5a023335422effcb76,0,79,79
17518,b120783f6ad8e1371953c3c72795bf1d7bc2a8c26737edcb4b75700a257a336f,0,68,68
17537,b70fcfb5492ebc67e0dafb1a1d1792b03735fe5eeb3a535ea05e899f210900cf,0,68,68
17539,31ad871e6119e724d2e40df0f5d8805d01b29837b7bfb830abc2fea5ecfdfa88,0,5,5
17543,715c84bd91b66fd80e042baeb39683e3cd290e876255f27cd4cada6fe4af4e76,0,79,68
17552,6cddca3c70d24be0970c1878509fe3e1c6cf73f49d07728f711db1d0de71a765,0,73,73
17554,b8900368139444c6dc1f8ba0bde95e6118a9ffee3f32443a64c9e7655145f0af,0,43,43
17556,f4b2682cdaf4d61c1629c26cf27b0c5ac44992c14850fe320aeba8627e231fa4,0,79,79
17562,e90927c2146ddfb0d0e95f2fd3ee02b829bead2a43fde72ce3fee597e279f1dc,0,73,73
17571,230656e459d803e543d20198e2314fded85e2e1c61166205d8c94bac2353266c,0,68,52
17577,b53a21d79a48e8c1de5e1426555188c1c214b3a3980c6015f46cf4b91d95b6cd,0,68,68
17590,6da0a6233446ca26e2f63112434e69fbed4c0220ebc8862046b5e923f4183cc2,0,43,43
17595,3d636c443046fd68fa44bb814749bff250a1059e9eff5f1ffd8d5977b091bf85,0,73,73
17607,d4003b691718272edc1befd496e3ac1919849e36bfb0926e6690c4bd8494ce4d,0,14,14
17614,6ae2c28c55c692fb9ef4a492f9d769c01c0a59674b3adea5d0c98c53fbc3a693,0,43,43
17619,c83e428a638c14ade9780c661daf52998c7ff2af14e319f09416550375f94034,0,73,73
17634,d3e95c04530cd969f9b07f3a214324a8a96ab7b079853b0911513b1348ef3ecd,0,79,79
17656,42cf49869b0479a961acb052e41063b17c652bea486cba9b6f1b3abd864412fc,0,79,79
17664,9fbd9fec0cf1091794a53be750bf63d1cd0a357c9d59c4e868e9f031c855b140,0,73,73
17678,a430c1538f594571085694564a881553e40ef5136fe2bf7ac83bb0a46dabba79,0,79,19
17682,94aa3873bd3aae25388f61c19c93aff847e935c5282de194171a8d11cf43a92f,0,43,43
17697,46d921bb48650e2ad9f68cde3f68c15e8f3aae8904310aa384f27faf79ee80c5,0,78,78
17700,340a450eb2b567250c05f192bd772aff4f64138c8d4e84b4f63ce3a2bab50fad,0,27,27
17702,4e2e2069063e0bc52de2f24ea28a48131bfa248d747b122f3cd75f8f050dd0fc,0,73,73
17706,8cacf6139257cb4a5499bebbaf559702d2e4d5daad113035b8f530940f68e97b,0,68,68
17736,0c4732fe4d346f20317a599d23bbc17f0aa086780fd8a94f078e6c5056dfb740,0,68,68
17737,9bb5d114aa6faee7f6c1e28ae547873c16edfe9bf544c3cedc9d38a91df0d9f3,0,79,79
17741,11eb759dd3e1d641a1194e8a1449121861fbea89757a9dd0673fb2661aff9c5a,0,73,73
17748,7ed65e877723de3d7363a9b1685876290259b334a88ab8e685acb6872741d44f,0,73,73
17755,416b6c81659545a8001077ee6f97655a0ea1d471c525538c9de419898f7fed93,0,43,43
17758,62dcc64c5b49a73dd63ab71a76e07d905e91963fccff857a521af85ec45d0f62,0,79,79
17759,4c638aafc5481b81648c6df2bc3d3ab9769a26c6aeabc99dd43355924ed7e724,0,69,69
17760,506fd09b10a3efcc3eb4b826c50e9a7a2748877383a01ad5eaac8e8d8737fabf,0,68,68
17763,52ea81e4f19e04d08d79c2ed919430b22e5025c8155929476096d97e544dc545,0,73,73
17766,795f5dccdffd2cfeb271c62462bbdda9fae17b545d162deb7d64168426a33ecd,0,73,73
17772,3ddd580bbc7183076046c71d62b81546ae914b43bec1d822d741ba37a598ea7c,0,82,82
17777,2a2ae8b02a86e9702614de73abf49e7f0054a2e512dba4608e30a425e9caa21c,0,48,48
17779,76f722d195927cb0233154879e0f847c660b217ab3994f3ba5d67d441682ae53,0,73,73
17781,e18c47c83b023f16324409249f9657cb30acc198c36d6c143d19d5c5ac94bdbf,0,30,30
17782,5e1d9a47ac10e3d86f8afbfc4c8628380688eab32a8b2a658ca791a26b4bef55,0,73,73
17784,804ca906def82e12da71a65a550524a850d298270dea795ea499a83ec1c97dbe,0,18,18
17803,3bf80bc14d6c107b0adbb6d6daeb4abf79a6deb8fc325d74355ad904a20947dc,0,73,73
17804,419ca45254bbf7cced00479d7ca8ce0508e501d95759c2f6efa0de864cefc925,0,73,73
17819,115aa416e63bdc26b3635590841c82254aa8a363adbe141343e96f3981190121,0,79,79
17824,e51bf76f1015c54b932e7413881af700b7a15fd606de99ca4003ac412af37811,0,14,14
17825,18f9d608b15b78f64b46c3a1f7655d2bdb1633cf88d9f605f0458dc677c5eb4a,0,14,14
17840,020e862f30b680bfa42bf8e0786604247318ebaeff5f86619d5a37554e4ae68e,0,73,73
17841,1121bc90de00398d96a2a4717716bc5c6e496f813de6ec948483ef63689815ed,0,73,73
17846,3e17e2d9db364128e5a24d3606a70a03c8659c975e13a3a938072fe0acd7ceb1,0,73,73
17871,09214e8aae5d815b6d1e769c374cde912fa477e3009053d7e1d18ce0f0532bea,0,5,5
17876,456d62659cdce383b0f4a3bc651176eb5d966e218638a8691f6cc435b6bb2ee5,0,68,68
17889,8b2db8f06a1c54769a35efcdb5e1272312a281501ed2b74d666c073e86fd12cd,0,73,73
17896,e98466688785f9e796cd3f601026407e4d106f8029e365eac3b823e7ebe663d3,0,68,79
17913,cb008255b5b93d8c08aabf39ba5229f3c3cedc45e140a3c057a7bb03d1fb34ac,0,73,73
17917,c0cf36561f226431cec7fae4e8a3acced32fa19126fdb76242fe96a01d149d75,0,79,79
17919,41c9ba7bdade8cdf32a43e7856c7c46ab91319881a8918318d01e88c0cc84083,0,82,82
17932,df35c6dc1a4f7cfe6283a5df8b8a96bb4a6e8b472516714caddda685028894f1,0,68,68
17933,b897d729339aa439a43c73fbc5713b21342d3d4d59f40091affc7ee00662f70e,0,12,12
17936,00f51d194a675ad3fd94d036372c109d5314eb6a3b4c96d4dcba8e6ff1affa19,0,72,14
17938,43240a8bae91fde67941448e6798ef327120638c6f741819af6312bb02da97e4,0,73,73
17946,45e2677416823b8542a9ef75a9f0608d8070d196dbdb224234fd48ebfc6fd83b,0,73,73
17947,70685d0c82db4325d38645cb8c1b5620c84da0da14c81c9d6f61f85c0c76d71a,0,73,73
17965,8004f03bb5b439e3e87a93600ec17aaf5f4950af8b8656c5cbaab74a073c1715,0,78,78
17977,4a22757a0c62070bb6acc63710a5d90d400a0271550438f0bdc98501c935da0e,0,73,73
17978,82418c540c84de496847b81312064b8322df85ef388116913414b1dee9faa5a4,0,68,68
17999,cecfdf985cb1dd2cbebcce6f5fa5543ae2302ddc1cee46568700bce589236b57,0,73,73
18004,c6ca25adbb2f7956ab7f34d752e71ed17af5fa98ec5843587939d4578a965538,0,68,68
18010,19932ef69967d39a923906dc32b946c46c36168ca72dcaab1a5585aa14d275eb,0,73,73
18016,ed142f8f5761e591bf190f94152c57a9106a9d4143ae47fb2f1116e73a2c11fe,0,79,68
18021,b33e127033345e574810785f0a3ee8228da7cf5c814d3c2447dbb554b60165bd,0,14,14
18028,b8e8a3fc24845c27e7c88fe23dc8b2b0d9a9982c5b1ef16d33b402b430740430,0,73,73
18029,e476643a4fbbf355f397cde9bf5a8b8f7bcef8d6c536d77977d6428f73b994de,0,56,56
18053,2dae19b84dce619bf61282a37a93b6a580f2f41e53deb7bf2abe18abfa573b78,0,79,79
18054,16c3f72e2ba44143a92cfe0287afe1ebb33fa50ead6961fca9518fd7efe63202,0,14,14
18066,7bd3214f1a04da782cbc917df9268831efa1cb22f56806695773d659d35cb4b2,0,27,27
18092,5eb3439148e3bdb9f5f7bd3e95f95def24c9150a55ff6c4ee010b379d11f6713,0,73,73
18097,fac6c43ff43c328b70c2cdd95bd20ff1d49b7a4a3736d17ea7ca54d3e6cf57c8,0,68,68
18114,7e80a2e6c5434bd62ea58c8c075cd4ba54cdfcfcb314863629de618886b00431,0,79,79
18117,a95485161b946d8f27975a5d568e3a55890b73df457c0b5c3ec6039e1cf8708f,0,73,73
18131,f2d7e0db64d6bb88a74009c452a0c8c54cebe3f9ba6b959692bdd3a5d2e84e1a,0,73,73
18140,6736fe59bae9c20ff03d3da820e043001efa550368ecdb8e597e85ce963f4ddd,0,78,69
18144,d3f70f92a087c68c9f9c3db1a97aa3b6b9830b0b3b86c86fde1bcb613a3b0f9e,0,73,73
18145,298199e4116bc47a9023825db2ce56178629a0366b690281452e8d3a7409c60b,0,68,68
18147,c0dfabc5a57d2d7cd4becce9b852faa5978ef95b3ee40090a54e6eebfcf97822,0,68,68
18157,edfebba6009b8e25231ccaa03b46dc7b4b7d4807ce98a2f1b84be4559a91f0f8,0,82,82
18163,647890582eed4d2fc5cc3aa80a7e893c6d321c38621566dc06b1d7af54c07a31,0,68,68
18169,84022963bc28be24aad69f59786d2cef0c79e69382dfd7b5ca1b6e2c19858106,0,73,73
18175,ea87ac8c34882ce87e23b285c0629fee41026a92f438c81308d7013c038535f2,0,14,14
18176,a07cd5c1dd7d0ed30eefaf1c041de752bd0a736708024da91280f2db0f40968c,0,73,73
18178,2974999831d595ee919bf7c78956eacf6f39ac13ef7e6cc42821e6915c9266ef,0,73,73
18183,a81311c05fe317734a72c2d743e7b42eda4b8dfdf8d66ab9961e618bb663bf5a,0,73,73
18187,061be72e09b246c81962c61a0da7b801bcfaaca505ae43f2e9eb73e839df0c20,0,79,14
18193,1e7a83db09614c8d395b16dac5f6d1c7d07960efff8009566c33876b4f47f53e,0,73,73
18202,344b74d2b1b0a7242a7242bd960d0e43a879bfe02455fe365a0b38ec71c41995,0,68,68
18206,b7ade3f5d7919444477eb143a674171ba42a6f101f6b6da62265822667f4e96d,0,78,78
18207,1ea55962519864299a286108e84bf79bd1ec725b0fa9884f505ae7d6681127c2,0,82,82
18229,e849308600d05d39356357b80126fd0167a643672f3551585e240872f20c7351,0,78,78
18233,72050d5c31141be665d2874ee794381a614a7366c3aa98c04f6407e313ff6f5e,0,73,73
18234,aa1455060a8f133487e15487e4950b9973c950689fc36fd6e95d107b0d04c5f8,0,73,73
18244,a308b3d37279ebebd6c15751a4492baf2a5f8ce4c2f9fe4f8e677f6fe45a066b,0,43,43
18252,a7162ad24481f782cdcdd9680c25d7b7055f85eb5a1b0fb810832ace25a077c6,0,73,73
18253,eca97b1366b3ec0f67da61d33af044f82e4352f425e7c073c9c9ffa87e096327,0,63,63
18255,76e7d8b9c582bee64f2002c577433c7627ab2dcfd345739b48d69c186108971c,0,27,27
18263,5a7029be25083849970970e73501e22272ab41ef8c0ec04b5eaabb46fca4b649,0,73,73
18265,84dde269d51a7bb6ce4c806c08b4b03bbe8043190b27a0df2fcf1982422eb315,0,68,68
18280,e5fb66786093ccb34b17dd35af110cde20a2be64cc9a616b796deb176b992e4d,0,79,79
18284,05785414b3c2a96944c83ebffc6c85c18f744feaa6568e7f5278723869fe177b,0,68,68
18291,51b382ca026ce9e14bec80527480f5167d4596ba6bb34ccf41d5ce647aa15497,0,68,79
18308,c0de308e90de5307b01bb1afdec76853c2e108cdba32362c6a6115c509bf495f,0,73,73
18311,556827be3a8d027a45e4caa0c3711a79ccb5febd5e25e46030bf858e38d2ed60,0,73,73
18312,e19650cabffdab57b773be34f52b6c5dedd2f13cf5af608f473b9a06c5f5f7a1,0,79,79
18314,ada6b8d62f73c9d03a8e0367ce962636e524659fded08f6ab46cf8790cc1f6b5,0,73,73
18327,f09b657a587c24f497bf8209133539f031b480b1e4ad206ab86a99d4026b8267,0,73,73
18330,dabbbe3777132ec346df5da47b8bcf2e2178129906cef685a4e5461d54a02807,0,43,43
18351,589d8e2452cb9dcc96bf8bf1ac8ce07165fa271e717325466dbacddf27f28a06,0,5,5
18357,9408ccd6e56abc39c2e53afef563c86532be74c1636c42752284427e6dc591b9,0,68,68
18364,5b41b3d0b1d64740d71cb37c6177a75cdb201f865e767d2ed79f1ecb9a475e80,0,68,68
18385,57daf0c69a1e3f50b858d2c74409d62c3c9ec6730a6fbd0a4a5d81b69150fc81,0,14,14
18386,f02e425569e2433f5f9297f5f09972b44b7375f55aa999e6f59c56ff9eec7cff,0,68,68
18388,572c93177a52e0792f3e82d04b129de34fc92d949d0bbbc4b2d6d6415b414133,0,73,73
18389,0a0b6bdf8491a715b62e9423864aa03f4d820cbb21e06f2ab87cc47e7274cccb,0,79,79
18392,a2b668d9e0261198ce90fdfb1592ef644d63efe5e9bf32ae277334fca76b295a,0,78,78
18394,960dcafa3bc65e1d13f75019c6801753a8081923baf8c08decac4a6952a90238,0,27,27
18399,5edbfb35303d5e11aa86b7dc8ce907d2e01741515ad15aebb70d1fdcfdb7e0e7,0,79,79
18400,7e959aed6b8f79806d8b635f63499fc4be298e83dcbed7f10f7ae8b67b62b95b,0,73,73
18402,f145452b6e912ebeae6e5bdead7635519ab7d65053c9d9f7270a3408c187ca87,0,27,27
18417,23a6551a65c9e6ab6d4e14ef26d3f226626951ee65b18babb8c6ad1f90f6e044,0,68,79
18419,4e3d5dafb0d835308b35f27aa37f1c7fffe28cd188d2c1729a611ffc0570ea0e,0,79,79
18430,619eab1bebfba89f61da6511ecdb923d3c4178ba6ffa088f9f3ad57648b6eda2,0,22,22
18434,b672f55dc8122eb39550f8e99df47a5d86a25e36f6ab2b00e51da75e50e9858b,0,73,73
18437,9723ee1ad716af18437e928c3848e6ffd9bb1d985174c624b2e583564f5c7291,0,79,79
18454,0835606c2d9c1f860d07ca28bd927f375a914acf1c8989e0fa5efa78d660dabd,0,82,82
18462,366c122e83785b7ffa4c3119311b5d57a6348d2faeca2a1e94194f25aa18b6e6,0,68,68
18463,21dd4ceb982578374b5f772e296df69347724d0702a1d2078d777c6e602020af,0,73,73
18466,e633b01c364e7e2180dda37dc1104df3700abfa251e7c4eebefe41fbf406da3a,0,68,68
18479,1a0f96306b4270b72287bba53e3499a7be143353fdd8ae88f2bf7350c97260f6,0,19,19
18482,51f9f87cbe8ec027ba6e8d843bb2dbfd39bbb98059776d9aaff382d4d61bdf41,0,40,40
18492,220ef4456a489aa3f570e044d0db9f0d61ba4db2f163f5f25fb11b3268d933ea,0,27,27
18495,6f4814e28f4106dd3245242544f39efd127a3a4675869c22980b2ad1582bb6d2,0,79,43
18512,4f17eea9c0ccc5c1955aa913a17fbb9c2daae26de2d281fdf598dc41016903c5,0,79,79
18514,1e432d1e953842d26d3322c0296d36cac5da14fe6c6667d0c0c283fa8283c318,0,78,78
18519,4db138c27a268e57457720eb0e92f6f80adb2d47ad9a7537006c15ab4c87355a,0,79,79
18521,f901ea7cfcc6048a84ba5f751d8565f8bd1998a009c9438eda78bd21eb554c9a,0,82,82
18530,a7b513f830f9173138507617571c4b314cfad2db04cf0bd51cc8f96cb366cab4,0,73,73
18536,05d03e94b4ac4a89750b4067e730ac4effabd6f3274659f695c52d2ef8a03505,0,5,5
18538,8d56f38790f911447d92b5ef19e6f94a7f131747eb7915fa31b2d8054c25d8ef,0,73,73
18541,cb50b5eb67e7ca7ac3db65cd5a21d7aea803421df6d7757e217785ca0d76e482,0,79,79
18554,bde40bfe864cf1198256f941751ef54966b41007226f92f2af4c6eafb4d2af9c,0,27,27
18555,9d22bbbe38ac881e55f273d1c34009fc8670c2ca9f4e19cd6471afceee3bc2d4,0,14,14
18564,18888691db9c4c84e37f2e4b83342a27f7145288657c98085211e4981d0c4dc6,0,73,73
18566,205a7af492743ac4e282d9becea006e721359f0caae61d32069dc805030a0a50,0,82,82
18575,02016224549ab96062710ff3843c68b61a096cc160c56c9efe2519971ef84034,0,73,73
18578,98f8cb07030715eab7f864e243651b968741ee9d38521dff76463ff0625561f1,0,79,79
18581,6ace47d5d0564838db12b8fd083c53755ca8988680fc3c60c2de5bd6235a0dd3,0,68,68
18583,4f944169fecd5b580da5b1bc2f27ddb27a524a9679c4f318a4bc083b3dd13684,0,68,68
18593,466f608a08a3d12a7c18d989aa50841d788a8aa12414be2ab24e09f4c9ba5712,0,73,73
18599,f84ea56559faad3d561dbdff0718d80ca74708aadccb6ec71f5fb08f84ec850c,0,79,79
18611,cdb1d6f4b62dfe5d0d894710d126eb1e595229fbc2d273f6074dbdb44ecbb84e,0,68,68
18616,f149d3e6f6dfbd0f1559e11c847bc523b5dd835d0ea09bd5203cf304cbc677ea,0,79,79
18619,168eb040d9ad6b64e45323151f41bea6e7f6f17ec968f14005963949cc731231,0,68,68
18625,5d9a4aa700f4a77c0fe70d5b295a4acca7c780ab07f21eec7d090730946a646f,0,73,73
18633,20941645c84643fafdb48e71306917ddff1a22be7b9a8e21498fd2000030ebc7,0,73,73
18635,f50d219309df66d25bfe636d418e92f4c1d95c0fddf3f17665a04dace7adc14c,0,68,68
18642,6b31ad548b9da037fa7a3189b8782054f0aa1977bbb31ad0d69bee76e50a2602,0,79,79
18643,6dd5922ad46530c2bac9a618f6684627f1c16b87ada1ab486a829cb3e3f95c07,0,79,79
18648,a293ecc1e1ca39b19052b20e793498a0b3c2602d7f83e3f755279f8d5f5af824,0,73,73
18652,1f42e9be8ef23f39d8c3d90e003bb2d1a304dce57043c27209c077da051bf186,0,68,68
18653,80efb2512a04eee83edcd06beef47927732faab129df36ea17078b418a45e8a9,0,79,79
18666,9132212ace5cf9bb432142de0ad5188f89b2379d419aacc4e2e0d2a477c82353,0,73,73
18676,a3338e286b1de597386d5494a935f65684e8e554e64e1db103e3f356a419fbbd,0,5,5
18677,ba24b1180aacf9f8bb522be67fd99db9ee0c23ee2065f231bf3610a22287ce0e,0,78,78
18678,04688f510fa7ba205dbcc7af8acf9aed43541614ca488dad847b43c31b9443a8,0,73,73
18681,eb957b05d316a5b57e6a0a37ada9cc9e76e1afbf21acf38eae9dec81b58f9d6f,0,68,68
18682,ec6231b33d96da501f1c7f9f137aa82cf399a661d66bf53d6dbd59b487e4ce88,0,73,73
18683,e7e811780624abeb07d91093f1fc8dd96c6fbad1870f782218cfab4e69d4d314,0,73,73
18698,b3089694f9429f439ecda649e95557bb8a2a94c92844515060a02c4938e6d2ab,0,73,73
18700,8c4d3d6f2d5ea329a1f6cda054a2827b56216b910a65ddc31505a48e83453fd9,0,13,13
18701,5a71748f269b50a3801fa03644006997745e335cca9af3117a2b42404428c72c,0,43,43
18714,99271396a56680c5ced418dd41c690e798ca365953330742dc8c6cd0855a0dfe,0,68,68
18716,178b886b43894a298cda49c3a5c20257e0479cc3e959bc48056d6f75ac033e82,0,68,68
18719,cc8735a27f9c80011b4124074670a61449c15f88a9c57218ad5f42c74aad42a4,0,27,27
18721,6ee05ac303cc5179651bf5a9ac82fd7c2eec29298f4eee820a22bac67731e4b6,0,73,73
18727,2c3df5c1900c3b820f35051a7bd833f51bf01c301dade8f7644435863991489b,0,27,27
18762,81767c2901e5f2e181bd6aa95172f25490c055582ebf271e7a102c41152f139e,0,68,68
18773,6a35c669b0075de219834edd475844739ddc26fdb4a58d15ff5a327e71223e1e,0,14,14
18793,5ebbbaf0b54dbd7c36079241e1eea4aa632a8ac6fb38111ea156399cf7444059,0,68,68
18808,138b3d8cf5b65e63afbe224593342b36064cf41a03a6bd6be9b9fd19c194bbf0,0,68,68
18813,f2a9d6aaa49b99bc9df7467d8a19ca74f3bfa026f6b9e143fd33af44c201b655,0,43,73
18821,0c65bff3c256438d5898fe76c8c510880b9694a4cff521ca80e68939a2c3b776,0,79,79
18825,886557ee38b22f44b5a71f670e954fb33b9171fa01be2ec5fd0e436f07d59653,0,79,79
18828,aceca2179ed13b2cbba6f315c1ab6c8080b4689e9f0e64249c1f08889c6809e7,0,69,69
18830,371025e487788c5a69c81685dc3156822701e3c0a7ff6966bd878828e135191d,0,78,79
18840,54106768894d5f9c346fcd92675842c6cdb26681956349422decd50c4f5982cb,0,78,72
18847,98423be274b08e05db67f3a927ac3bb87cc883198619f5b90e7415e329521639,0,82,82
18854,6e344859e7bfe6811a928729b275b6258704055bf75c641e44197736196b4214,0,73,73
18855,ca1781deb9e53856d8636feb5e6d7e40a5b1843b2a2253d1b3ea031f49acaee0,0,14,14
18857,9fa4e2735b5f05c56af6bc3072f52a212678c8d4f48e44f438ae5a77fa5f0989,0,78,78
18859,a5693ad6c2a98e4b92fd34513428db58a3aafc03d9e31774da24a0c21cefa7fe,0,79,79
18865,ece5a92fa8d8d7a146368d9333940a963158f5d6f9f518cb76f4b3556ea8f4c5,0,64,64
18869,5e33f2207513764b336bc7f3674b1ad2ffa725d05298a926848e96db7fb7904c,0,73,73
18872,566577bb3abb2206c14732cfc07fad245eba0179ac06cd959c3523fb7ae6d461,0,69,69
18878,d3653f823c1ecaa6ea8ad813e3eddc94ad00a8f6018512d8be7ecaf485c5e404,0,73,43
18880,028b71f4d95d09ae8f1967ed87a17b141efa9bd0bdef2665c509680880b98c9e,0,79,79
18886,e5f065b81e08295dfe482872129d9865e9c8eacd9618743b440753856687c296,0,68,68
18887,4dba7c8fbc37d4c3f4db916b49cd5671e28b986318e764417c6a4512fc2b70f0,0,79,79
18888,961a3bd0a19cbd9816ca100d7eb1910d425dbd1b41b86936eab1e2c946ee4df9,0,79,79
18890,fe7486d3c88873d7146a8c1f3d15d55d2db6b65a1d389b632ac2b5d289e4a953,0,40,40
18897,1eb00fdd984cd66d7df4602f69c7da5ef1ed866dac72bd33276cd7a058703703,0,73,73
18899,724254dc3eb213e3aa91685dde7344982f22991de1492955984eca0ed77e07e2,0,19,19
18900,270b995133bde3ea3e2817b2c18492bd44ca3782b99903e0ebcc2191c9c12d72,0,79,79
18902,95fd39b0c7437acfca8d3aef8f99af45f2b2653c856f372da7b7708fa4373546,0,55,55
18911,3297730a3e3a397b56d13b6282302adb841dfcc166d3721f8756f54077b41a15,0,73,73
18923,e81a399989e621a7983785d10b30b74d74a85571dd9f3a66dc0d7a731decbeb7,0,82,82
18926,3f75cb6a8c5d29fd37c7b2fa6b8e7ec85a4f37e4a6583c4037d737dd56d51c2e,0,43,43
18928,2a59dfa478f88700b0288a5985ded0a29d2b6f59d1a040060a1c34a63c97ba54,0,73,73
18930,fb9a7c2bc3f71b90568e5bd7d276762dd1d73432b208d48d9bc9bb2ee7427921,0,40,40
18933,2a5d8d5d669b611feabc1848756dcc041ab1f19acce5013dec81233c5e8fb63a,0,14,14
18940,3737303223c4db8af17c8b985c2eb5dd04ef21cfff65090d27f8df25706a48b3,0,73,73
18945,96383a6fa8a073ff74e465a1cc733876dd5bf5de67f686b478b9d74c88adfb44,0,40,40
18947,1c3c195f54f421884aef0b797b570e5b3b2feade7f8400465a1542c67a2857db,0,68,68
18949,b37222eab322fcef179af56651ee366331566834b61cf354f0f7a0acec5e8ace,0,43,43
18950,ebd1ff3aecee61ab8e909fb18f83a620fabe326d37fcdeff5515cd81a5c5fff8,0,73,73
18956,f73b78ad0a41ba14b236d03c53d02b0ee43c739a0550d30bfdbb889c26dc7463,0,79,79
18958,8000a751b5188e497ccf9fd745c5ea335fd02b76583316ba3d8dc85a6be335c3,0,73,73
18959,bd972c39e128deb1a40983932c96b2b24ec94c6198fb8a1c5c7503d4e309d489,0,14,14
18960,2f6849ce8418a45c451fd73f9e825d2ffde09a0212fa6cddca3a1c7c3fa35909,0,68,68
18972,39fcda19ed804bbdd5839147addad921a7ee8016b63b4e3b5cb35a5b350f209f,0,68,68
18975,b0ef051bf366f522322da21fb8d6d2782d6ed1f44a3126235156d771e74766d8,0,14,14
18977,9c5067b2905b22a47716511120aa86988cede764d1479183630d3deb629d90a0,0,73,73
18978,b515c61492e4570c39f02b07b4908f36d3496cf9e2820324fbfffda3ff5ef6b6,0,78,78
18990,00570d255b78663c10a3df3c18499eea36b149186b5f85ef8bd9a668f7626648,0,73,73
18993,65aeb48a03dd1b486dd14d790b9037e3e39a5c3b620fe2ebeeb98469ba0290b4,0,68,68
19007,0e8f6f3ed6f0228a817dfd0b5d091790f07984a4f651d91aeec66ac0f1049f3a,0,73,73
19018,b60cc8d12fd3d92ca4c7056b74aeaf8b1c34612a1bb604fedf2a92c8760b155c,0,14,14
19027,03448fea21c216620d8e39b8569e26e928b2f976dc2246971f26600405e7a4c4,0,43,43
19034,f5052175b895af8814638e045cb646f5cfb3688054484c3fd89ebdb5de86ca49,0,73,73
19041,5eb8b0bb821a508662de7de7da5d9b2889808aab6ab95a060c5cb4c878bb1538,0,73,73
19046,9a574f726440ac284a2fdcd7f3c9d6f1680e183d64923f71ec1f8216feca4d23,0,68,68
19056,807536eec220ec84f58645523871d6667d28605b50d9422cdc63f8e0f6d153f7,0,78,78
19057,86c81556dea430ac31bb0b065d9495d19f38519872ee7a479478fb622dae815a,0,79,79
19076,af24e8bc899d0c4b63b2b94ab1102d4879e5a89514baa085ec42afffed20b637,0,40,40
19081,e6a3a3e81e225349fdec9d2c9f7fdfa7dbdb803ac362fc826954efad9a36f88c,0,68,68
19084,4c9ff2ef19cc2347a3736d372abfb477e56758f605edd9a807c00957ff599e25,0,73,73
19097,9eec172078ee01c99459d4908c4a2e81fc75765fbacaf2bf1eb6a534433dcd6c,0,73,73
19124,f861d58abc51142436fc35100b2a35b01edcf8ef57f28183f5b4215a337488c9,0,68,68
19131,9dac293552b9013479987197b2a4f856ecba9d5725078aef7e223950174e3e95,0,79,79
19135,5e125cc92f47891b19658b7f40e9cc18f6077c1867346681b5d9c7fbb9a493c7,0,73,73
19149,0a2dc3850b7f093a24c4a88e43143be660db661ce8a8228e9e0b08fbb62a43c3,0,73,73
19151,2f96a9a16d8a85f81de5b9d828db50a8c45a5e7c9bffdda8566aebebd3110db9,0,78,78
19157,9adad802aa3746ceb8182d888314d5dbb6776777a73fb260f85837e21674d1e7,0,73,73
19158,2a8cce4b58e57b814f0cebe6eff81c4b7168328a3d1ca770b402b2c7f4f6bed2,0,79,79
19159,1b6e2cdf6cd1c08656259c1b1b31076bb4d05c5a8ff2859423c9efddfa2fa52a,0,79,79
19165,cd21a088cda0192c32023803297301fee0e496a8a40678157a9badc6bf65f3aa,0,14,14
19172,ae7226dc5a6d76864e9670a972fd2a7feccd78a8b84e65e76348dc222643a49b,0,79,79
19178,5d6581e3ea8651cb1c229bef7c1d48256c87c1fc96f693316226f8a12a5ca01b,0,73,73
19195,1bbd3270991c0438434d01871c04a3fd89abe6678a45ab78597fb1d2130d4d46,0,29,29
19200,b56330f6bb726892bad351e897c2caa55d97d0e865fa93367fc50840e44d8009,0,73,73
19201,c4a71f0344dcf213a34236a68c4bb40dabb42a4832dc61f06ea4e0d89158e340,0,0,0
19209,9df34a42917fc45d92c554cf504a5c25f7e0ee4535d199c33798ceecb18b1ca0,0,73,73
19211,1a3c3d572637a2198c8e1e9a8d5ac5246848fe2742e4fcf358584b7fe06542bb,0,73,73
19212,36230fcadd2c845173bb0f139764eefed09e5bfc60379bad0a71d254914f4b66,0,79,79
19213,08a61409fc35b1c75bba7b603b84e1678a91ba4f4cb87b446bad07cfcffedc6e,0,73,73
19216,dde8a52a03b6a3cf09c09f3b6ac52d1dd36a0d60bd6adf3cbfd5d1eecc57517e,0,73,73
19218,14c9fbe90b5e779fbaa93f7e9f4355d62a3fe85b86baa803055de948aad4c64b,0,78,78
19226,f1a39bd90b3c201df0db8ee9f7dabe390ab133605b3cf7d3502ba811b664ac65,0,79,79
19239,f94a3314c70c0adfc4505c3d1668d5da6527d77f35706d358d78213c5e6b48d5,0,40,40
19250,355494069962e76d9073597e4fdf6326ee32546d2b63ea29cb4c2bbe4e5d9f73,0,73,73
19254,fb17433c823541fcae98a06803ada1ac8fec78ddc9bfe920bcf1c578ad525c61,0,41,41
19256,69b8d7d4ac7c4e4d5c967c87c73630f5a80b065afabcacff03e2ca6b9d5c0cb8,0,79,79
19263,8ac27ad9788f39361f29664ec10e41d7e619a76d1fc66ab61ec3c3796d9bb2c4,0,11,11
19266,ac16de0e526d5f89508cce94f2c3c3f4691ab1d668949391cf4c77ea0de6e1b9,0,73,73
19272,e19d420d273f6b533cd97a4d0a79671e51a037b417751906fc0ac9035fef683c,0,27,27
19278,991e1d28352bbe97452d5e8448bd378e83ab1c59849eaa5c645e21a621f8adcd,0,68,68
19279,6d6b253df45d9030fbd560c85d228f93f197fefd39d34c9888668747352c93c9,0,82,82
19290,2b9ee275b77118811cd4fcfe1e4cd51031c532ab879ddf0955681b3be2236880,0,73,73
19294,10d17e3a16cf8762a949543e129ba59f4e211205ba8bbb7181a4ffbb7a46fa0a,0,78,78
19303,a251e80f8015924d99e6b0a350fa5cb9be4f48bc655b909598077d5507a5af0d,0,43,43
19310,bd3619fe3799d2506f738335d9f1384bd54c67dfb09927d7ca06517a03d229dd,0,73,73
19311,a2f565cd416870d209d53233fc5029000552a0d7769413423eef2afd2ffff456,0,73,73
19314,9a1be828b33c2944dbcabc1bc0a533e7d91d3dbed763f25e742ff625a7706627,0,73,73
19316,a8a186540728384c97637ac1642bb446586accb1553b914dbda8ce3619aa3696,0,66,66
19325,41e0a645a001c2e410b0468245801c74bc1bbd09800d1240f8c5f30b219e65e8,0,73,27
19328,b36f4a3ee9eee70ec5f823b3040fe3444936d20de35e203817c8a09a7c6d4832,0,78,78
19334,8b624b52d679d0d19678fa43e43c48918a787f569b93576b3b642b5dd0abdcfb,0,73,73
19341,a9f1a5085139662e64a6d84445b5e9486da57a96d461785b87b1aaafa6aebd61,0,79,79
19348,06f1c5920ecba2c57cc9512fb6bdf34aec03d253888f756d83a2d7a9cc87f521,0,49,49
19388,c697efa356858a6d56708c2712102e0b668ccf7339d7ab79db751b77717fe7c1,0,9,9
19391,14d7ad252cd2ff1654b78c6ee2abefd8db5a737707fe27c4e7d5bdc346afb5bb,0,73,73
19393,111ff22cea969425985a0225ea313478262ac396e8e1cc18124c1bd40f7c00a2,0,73,73
19407,4470052f9cccbc6cd0874650c228cb68a7095497ad8135f466b0d67ec99a90f6,0,73,73
19413,d27b822bf6cd1d9b8a26c51ce57665e75b79eb3336aed6a7fcbb77f271360fff,0,82,22
19418,85e8f22f57d631387f48347f3c90d3cf037c87042d8047d2575721380a560ecc,0,14,14
19422,5b3504c2458f8d093ffc332a5e40a426a3dd666ccd7bd0e034a765c59e5c98c6,0,79,68
19425,e830ac2f102a32e64912b398191c0e989d090c416ea967c2a0e20f121139a65b,0,68,68
19431,81015439727d25df33b0e025d01a5306be3297bd5a201623ba77636724abdf9b,0,43,43
19433,fa3282f8ed933a068311b1daaf3c51a349a17092b9e0d42c7fed58bcf6337e17,0,41,41
19440,1a5fd00620b51617dcb2043704b9448370d4848665b84ed9272d0b9f5f5425d8,0,7,7
19443,4cd7195b0c7395b66540e1436bb0411fd42e863aa2ab81e643a961abbb08a280,0,68,68
19446,02e9e5f2bad96f91045eb9e4396dc747b673d7491faad078706d944408306982,0,43,43
19447,df713bcefa0df3140dbc961b06ba1374a916f759b7cdc4b22053ffe2a4053ff5,0,43,43
19455,66b469cb9a9081ef8dde9c619e8eba755a104840a73120a45821e8366e4c61d6,0,73,73
19456,2a83916ee27094e5e9ed91d203f07b00acc070106586ba35289633b8dcc4f329,0,68,68
19460,0dc3088fe8f1d4acfb467a64a837a0dcfa07208a41b06182bb7f628de4654574,0,73,73
19477,85e712c29783c8d1ad443cd363fffdae50d3a495e0975489fb22ed4f28161dad,0,68,68
19488,92197132adf0d2dacbc84708e9e1c99668b4f3dc59202885722167c533da6224,0,79,79
19498,0028d1dff2e485320821f308b13a0c682b61cdf076e296705f634a9a3b0d244d,0,69,69
19505,79bb95132aeadebdcbd71c21fd2cf350257ea97373cf4ea9f6e6ae02b48bb274,0,43,43
19521,4c0cb6c7a740f3c1010ecab8bde8237e7862f42908b99eaccfcd8fb4469ea863,0,73,73
19523,70e80ee089d117b17985a1aee084b93d5f011e57ea98215b6728693430e70100,0,21,21
19524,092fb28cdf2154d1f39b75f52d678aedc8ce782e3a44688d8acbe06983886495,0,79,79
19538,e2296af95373ba9c2156859c90f993d6552cc2fd8f7c73e45a02ed9729f5175f,0,73,73
19548,c67371243ecd0a2c57bf4ed8598294308a81c01e657d1c121502c540a92c1e77,0,40,40
19554,bb02084ee794e6b0d5bfea126bc871eeb9749563b9c7439a69b242f917f16b3c,0,73,73
19559,c85cae43ce8c96840250d6c9bcb2f9cadcc1848a076d517cbdd89e12fb32276d,0,73,73
19561,91093282940014b2ab765b067a94c1cd9bc184cf8cce1a5a24c98673ea037219,0,14,14
19568,a7fe252d907ca9762cf069844efdf6f1c8d102413110ca5f2f93ccc9a6208622,0,79,79
19592,cbce448221e7467fc8367c7da0bf72e1ff4d306181303edec1233336507db1b8,0,73,73
19599,f835a563702ba72bb6634cfaf233b46c6cc6022d5e263709e4134ae3d2cb9af0,0,79,79
19610,30901ada7aecc1a6aa8d65510c90d1179ccb5d004b038bf6559bd5f7e20c34ab,0,73,73
19612,18a4c4a31065fbaaea80ce5c3be664f25743ddb3aa752fe239967524c531c771,0,5,5
19617,b0239dd3242b95f77a56661058c61dc41b7fc09c101b138f1a4c5557892c6b27,0,79,79
19624,bcee6357321fa0e8e228a57f0bb8863e19fc0c5bb3a19f03ddbd7808e0f385ac,0,18,18
19630,edc9807bb015ae60f14e622567f8044c514c2f11b74819b5ddfce6eba91255f5,0,43,43
19632,6cce70e9f9671374fb751a622cc12641f8562efa2318840efa5262b7b17354d2,0,73,73
19636,ade0a7868e9d5147739170fd2ca564624d8f3dd9ac380b27ba2e7503f88ad00e,0,68,68
19665,18245460cea4d00ad4b03182710c5e893e777b45df48a542753784df71e97f79,0,73,73
19672,8e802010cc2031efbe2a1b11e2c04d7a3706e84a20fff455c30f7993448889f2,0,79,68
19674,3218a48b6eb5d51ffc42e584942af5ce9bd6509cf54f71204516e5636c30ccf8,0,68,68
19681,726464d247e7a120d5468ec8bd46161da131992ad49dbbcef904fa6deef47aca,0,79,79
19682,f6c4d083cb04cc3d5657bb73b29c1a7ec624bcc2c0e9be1560d68d3ca3536d9d,0,83,83
19683,3c82ebe058de5fa5f46b7a142e91b83923b32355d8c4a58cfac6527047d89001,0,68,68
19694,9fdbeccaede7f3e9b74819216ddce568268e09aa2c153f6bbb26ef2d4d2be811,0,69,69
19696,84ee35f7e95954cac0d7457c0a6e6acfdbebf1dde218d24e6566d3c8846ce0db,0,79,79
19699,e4777d11f0717e90f33f378e6795eea65118c1022476aff56b7ea862ea2d4b95,0,78,78
19702,f9710406c58c54f21465b9029de6c02524f5ca4f181ae61dd1f646a1c3309942,0,73,73
19720,ca08ca0720bbd4785a3067e92876c5017f93a24274891b94c6c87e8e9cff8788,0,73,73
19722,1d6f5aab75312194ad9914192cffad740e13b33ea4dd7b8341529239343a6452,0,18,18
19725,aaa614a3490be60dfda1015c8096556e2c1d7500ea02a8c2f36c8fe8c30db228,0,43,43
19728,f696295365df35cab38571c3bdc696c1df2f2f44f559477755e8eadf9f84d32e,0,78,78
19731,2ce5608c63620d3bb030f73c27f84fa62255c2207c76268495fef84076885f6c,0,68,68
19732,6214238c9100621f190a8f87da9e1cfe1dbcac18df45643cf3fb237af75dd024,0,68,68
19736,0543163fb17489de9803be5ff79f438490aea9617fd42f7e04dfe347a4f664bd,0,10,10
19741,cb38afcdcedf7d32ef6482df08cebd9fd2f51dc278246ab887faa94418dcdf5e,0,73,73
19749,79fc9155f007eb358ad1e4ea5017a9428e229cf17b3a7081048dcb0c4a1c151a,0,78,78
19762,59ff13ea5b4fd65ecbc13efbdd7965a61864a8f26f92c6a2b94d0a73b1eb10d4,0,73,73
19770,15b1bfca95065ac6c561bd029839b116a86f123fc3c936613e47eb99a95fd7ec,0,73,73
19774,8a81af39861bd790d2e8a8dd36681adb3835580feffca9748d8d21e0c93c0651,0,68,68
19775,f3828a8952203c42a02cae11a965e9541839829362a86419361be4683fabbb11,0,78,78
19783,c8636bd2ec7511444fc3d31a9d62366376e13e40f422b1e3b82799dec13aaf14,0,73,73
19799,87a5e07b28e52b6295799f38a742b0f3e56681ccbf78b9f0621afc32099678f0,0,68,68
19804,05eb286978a7b5e65226fd6fafb9062ee883b530e30545eb9c5e688afec954ff,0,79,79
19808,2ef4e94049659e9ee4e3093a124350da2d4e1834d1c0f66acd651f94dd22092d,0,68,68
19814,7f04a54e2dca2d3b83669bc3291632b0636a981b6406bfd6cd7b4c28b99c918c,0,27,27
19846,cf27c1bed73383dfc6f2108566a78a457e8e0f29b92738ef90c85a38fe39ed78,0,79,79
19858,5dcdcc5d7827dc0b3af517d87d46900a95e8645ad90495f9fc7b3ed177806c5a,0,68,68
19863,70b2a87890b211f360282c3cddfc9f41fd6c13bd254d529639b16a1a4330f274,0,14,14
19867,c820ae9fcb877828938d32b1805ae4eeddd67e848ec9a8d4ce128eeaccd59778,0,68,68
19871,e962322734114f9a3f15c42bbb2afb3d4399cbf25d1ad820bd2ca7dfd1142413,0,73,14
19874,f94ab2d13c1b2b6e5e8d86554a5f15502fccb2e7806e28555861195ef65228db,0,79,73
19883,9aca548edc9ef75e1a1e8a4e3bfa51414d7b8cd491bc5817299558beaf23f4dd,0,68,68
19905,3e89eafdc9600f7e6ec630538a78f7d926fad42dfcd8b82d03bc553e415ba859,0,68,68
19906,8a38ea9d3ab963f3097771dc85e14d6c1ede27ac0c492ff1270c642d400adae1,0,68,68
19913,ce486aac1e280a7734de4922cb42febdd6c552bf39a57e3be6a7a5aa0908d40d,0,82,82
19918,0c0ff47f155e6821321a583e32145e82d3fdc38c29b9d6b19308ebfabe08e07d,0,73,73
19937,7f5fcf41169b72a528ce614e399f5e953e91542deec7573f7f6b8282448d76de,0,60,60
19940,28e8ea57c78631251c4a0cc02ef50824d80dcee04795d81b350e3761c29c2dfc,0,78,78
19944,47710a953d2fa67ac07ce24093b3452369ea927794269ac5a72d908155b51ebc,0,73,73
19947,eaa1f59c3a64f2b75737a611d1a14d950d960380cc8b5027015eac9f85640705,0,43,43
19952,f9c54e82adb35cba1a47d3e45158558a5f5a228c81229e754d24672912b8c7ae,0,73,73
19957,9c5c377b92c636ffaa44e7c0e7e0675ef0ad1d275f14c06e8a0c55ad777b2276,0,79,79
19962,991d3f5a622fa4c74bfe4e45d6db9492ca6f27c6c9d0d82fd4a1f4e39acfef3c,0,68,68
19963,e91097e7eb304426a8df7e0095963e010a1b28d865c9ea0428630c0cca0976b5,0,79,79
19986,1ad982547d516b6b355000ad1c7835844dab2f1b438ee14c50117b16cd55a96b,0,73,73
19994,f07561e0097e3898c5fb9f4f17ec9107b27300c5a2672a983e538db04ae9a473,0,73,73
19996,bd907de1a3f261b79906b42dd73807f7af0e75d5d40b2ccac9b7f26c0cea1682,0,68,68
20013,1f3e9260ef6174bc3804c00fb81005153d8d60377c4d06185d21aa21a9804f25,0,23,23
20017,6a69a63f87713728153a75d23c62f76fa890070e417974b1f5196710df92e5ac,0,79,79
20027,a3b7b9a91b52d4e3f786414a974081e5bfb0d00ccb4675d2df86704453bebb22,0,73,73
20031,038755c2c4ee79133c2f48cd8a3babc35b5ea4b0a017fc7d91440f56dc6fcc3f,0,73,73
20040,1dff96dcee32f722f625ee8719db531b416e943fab87169ff795639b7e03b76d,0,68,68
20047,40bb5c413a9b82308232dbc821cd56f372061353d6a5e40758627467d45117da,0,78,78
20049,9f5a0fcc31a0a4c61db74b534715cdc5ae8c12e131aea532cb8093a31828e668,0,73,73
20055,736410acf00fe40b60093bec562bbf0a7e05e7302c5541ab2c7acb79c19a44fc,0,43,43
20086,6f0273c2d7c622084c84758210e93550a769e3f4c9aa124bc6c296f9b3cfc1d1,0,78,69
20091,3730df7781af441f72c841a83abd71d3b923313696ad75d355b61d6fc230aeea,0,79,79
20102,d887522f4665355cde471dfbf00ff270c4d1ec7928674e8893564b7561d4cc3e,0,74,74
20106,f57cc9964536d5c80a067316d4f850214d805e37dd065cc0b3aad43f814dd6ab,0,49,49
20128,700a9fd0dbdc1e18be463c3d836599a5886c5c98dd35190651acb2316dc930c4,0,57,57
20132,b2f1c1df5f20fc2475fdb1303315776f2b741bc3b30d308c3cf23ed33d8018a7,0,82,82
20133,f5d784e6a5c3f198fa5e01122f725f16eb5af179f37d54ceff8ed3adf4334ea6,0,68,68
20143,8147d6fff74b5b510043b11fbfd0040e6defa073b084af701ff7cf63eb48c213,0,68,68
20163,66d32f1ada483c71107dc62fa1beea048846a318e0397cbb8f01131301c5b5aa,0,68,68
20164,72780d7a0aadc4ed1a281c858453e5c8afe0f288667a4d777bfaae88ed9088dc,0,41,41
20165,ec5132032fa46e8e099588ddf8bf791503ce57bfe556201fe9da94e5d5099693,0,40,40
20172,f0db56c3d26f3c4e2ac5a0b6e7ce7762b1521c1fa173fccd377c634c5254d228,0,7,7
20177,dde519dbc1f208b98f3d8bea406b928d63e686b3884778c5c3372ad8c5a44d9a,0,14,14
20178,903a9daa224bd32ad148ca7e07d3c11148adc061648f6c0d175c51c97591873f,0,68,68
20183,5c6fb9a862b07f6cb298f4264a0b16991d522a4b7c63c9ec0f4472a46588feef,0,43,43
20190,d4059f349210d9ceccaf34a25103891f1193c475682027d5268eda6e3d347e15,0,68,68
20193,1071af89e4a30bb04453feeb5b5450ee9754367a9f5022220e66441f01ff7d2f,0,5,5
20224,82c25a8d18bf972a2ac1efc4790eebc3abeba94b639507ee1251cee2f5b4d3d3,0,79,78
20227,502f60d686f9009ec4083d83f120e356f937b28a1f32424c1965b5cc043a6cc8,0,73,73
20228,281cc642b52a33a57d2bafd2d84782bb2d706fe59abd596cbe04939ecf4e6262,0,78,78
20230,61b6b7015c6150a38ed0cefefe20859e278a8543a643d876794d7ea19a6f727b,0,68,68
20235,a4abb1f422366f2d42b96a3a994d07afb53384a3fa448f8c6bde591f63776702,0,66,66
20242,1ee2116fed8237d32d10a4ef4cfc14e7ca0ac3aecdb412c7c33ebc38ca6b1624,0,50,50
20243,427393439f5d3b07d76ea5708921706f5459e7ce7b752840027230e37fd963e5,0,73,73
20245,9d9d1446836d6a1724a11a72127d2ca98922be51bd43c1d31800f6c35ba51388,0,41,41
20246,ff572dab0f8819b9bd0a29b596fc0f1792ad42d46464d190403499ffb9b7cd07,0,73,73
20251,5e93e0b5855905fa8e5b34e78b853dd4562c60485528aecdabee35444983b804,0,14,14
20252,2cabba8c7d96930003bc418b3297bee8ea0dd217947b27a6312bbdab17911804,0,27,27
20255,3d8e092403ada86b870e3a1adddcdb611ce613553116a0311a3858d48d31ef3f,0,73,43
20273,2e52b37e9ee171536d35e8afc99abca744713ddcfabb56108e019e5b14ac7d0e,0,69,69
20274,2a99258f9e440afc4a062d576c60194f7e6a05290270a6d8b10b9e924811902b,0,68,68
20287,3b4d750be43f46d449c9341b8b9af8e6aa91b48dbd2564c950770ff3b744ca87,0,43,43
20290,f9774befeabb7ae9a09b4deea34b206e606ac37774fe62766f756592f85f922d,0,5,5
20296,614c6b0f97b8fb68894e7d85a4951d703f2b2d3de2a55bdec99d90afb291d19a,0,79,79
20298,981af0655e369d7e6828d9d07fc5cd2dfb57cbe4411c312ad4dcb9ba1048520d,0,73,73
20300,1ad7acf95749e978fa226dec3fe0cd375d8dc7926da2719faf1bf9955860cf26,0,82,82
20304,ab3c1fbb55a6d57fe2eb93957d74f9b164a7b9dd094b88a4f4ed417168c1f902,0,68,68
20306,7424ef53c399f724fa4145923de3d0a9e23fcadd96e289c9fbd2c11cdc5cc6ad,0,78,78
20311,15609c1a2fa05026bae2a98f969f7c08f501dc7682292f26ea08de2d49a19310,0,9,9
20317,e7456879e0d0b5822c796554ffbe19039a223bc418e9821ef563b7838a6e1dc6,0,73,73
20319,be52868786063741ce1b64c7715141904f9e130f4ddd42a7afc1c8bf78b8bc3a,0,68,68
20326,41c01056a921f0fbe08b5afaab2e7f91f9fbb3ade0b78681857a87d18812538a,0,18,18
20332,be8a573f551c561e37655dddd8337c75c6e3452c87fd6124a6583cdc75ec257f,0,68,68
20333,da732fc9202a293034b13fb53d86ea5668982d9c106da3d86393c3b090b8750b,0,14,14
20335,37517f41b0a4c408928d8cdeb5fe0967870cce8c532be282bea65f70aaab681e,0,14,14
20338,9a08a79022d7ec0f64fdd668f5e342039eef0e4e01c3eae9c55a1aa18a0b30e8,0,5,5
20339,b9e8decd1f0f9d4675e44e31a2a8659a14430c8c9ee8219541fb6ce4071ae388,0,7,7
20341,17a541b8909669e10f846931b2cf7330260200b48f60b449118e38a546cc2d31,0,14,14
20346,ca9e0952eb12887f014c41f663eae629ea59fe527ed06c6b8e33ef3174b04244,0,43,43
20350,d303e16c7af16b061b527df1f4cba2158cf5b17125491c9fa4a1ba7e881dcfb8,0,79,79
20352,d92a9cacbab26f858b03d0cefa2d756aa2ad93b75e0fbe5968f66428ba977176,0,73,73
20354,221dfdde3573879ae1319668ade30e5b6638396fa45c9cdc981785f6e86588a6,0,73,73
20362,7426ff9a490eda552a88c3c6a74fcef40a4ac67e98fa93ff4de08c933a09a54f,0,55,55
20365,e3bbdb85936e524d1f63721bb184602a21b266006b77556efccb3a762dd504dc,0,73,73
20367,305da2cb92c3c1df69c7998769532f95b390046782f31bdb97eeb9a1954cdecb,0,79,78
20372,9a1b35b404ab8e066fb1b76d6c77d88bca0c106baeb166767e190bdc738d924f,0,68,68
20387,9018acec3416c55f7f7c291bee88726d9845f3e4f7871a3f2377751b1d7bdd20,0,68,68
20388,a7e760bb92fb61ac2615dffba601d8ad0a125e987c44b12a604b113641546aa0,0,82,73
20390,640e7944fd4e9f641fb16af072970d13246f7080b6e13dabe6a66ece500fbf91,0,82,82
20392,d6eeccd0703cdc58d80f6f0848012e791b427f77bdd59853c17dbfd60034130e,0,43,43
20394,ed31566a5248fb459a0ef71b50a0a7d093706723e5989bd380b3ef82b5a0b4e0,0,79,79
20396,5cff5656668ce3b149aa3e3d1c91f48ad8e5ad09fa069da0bdab667d1ecad9b7,0,78,79
20398,6b967cda1b3bc191f31ff4d9f765cbd5d756f47a8258101cc653de218f502cb1,0,73,73
20402,52f6ffb301841e3775e0cb2305b9ddfb2f7e1383b0269582445efdf4da0006bd,0,5,5
20406,9b1496adce0a63640df2d94213101ff39b2630c4e2485e580cde578887f35495,0,79,79
20422,2d1e8cda93f9f74d178297296437ec2b8d5fb26946e51fc56a20f3718c00bedc,0,43,43
20426,610a243cf2ad5c9b70386cf4f2d4fd08aa9d0c35eeaf9f47711b3c382f0f959a,0,68,68
20430,e5aa9b043ec8aa2a89a7d16c1143c0fec2f6b87cc3c71779b9ff507318171a9d,0,68,68
20433,432df984011cb755c29b7045ae92aa383783aebe0b1e842995739985b6f7418c,0,73,73
20442,8ab651263cd9db5a5f68e142c54c4c3cf62470e6c0faa3887d56e3fb26015366,0,68,68
20446,4e0295294fed39fc90672ab2a77321eaf82f83309faa7cbfe78eafdd551c9cc1,0,73,73
20447,d49e0d9492bb3f4fe0505f2de2a1677d80af65a6ee811deb1f55782959434646,0,79,79
20449,8920f11402da4caf21e2cd8716a1ba15fc8ad9e6cb262d457ce5d8ac732cd527,0,79,79
20454,70d5caadafbec41d7d7a5d8d94bb0fccfcf9891d3cd064cdb8a7529d3d63164f,0,27,27
20464,bbdc978abbaadad9f531e7a82832a87015f94445ca85933a02c59fcbaaf86339,0,79,79
20474,c5b72305abf12383ec0b6f0d6b00ca2d9144a7165c82d7848dffa897c3286401,0,78,78
20477,4ee9fea2c8c1d13dc6ba1f37e08e7d0630a7738868fdb4f30ddd5c8fd80f4056,0,14,14
20482,5b08dd762fd4a4c54ac1a78939e5b4b9b2f0a247974922bb0f2ed42ddbf67b97,0,79,79
20490,c438ac3a5dca369e787a764b5d3a75816d94849c1c35538d07eb1946d5ce36cb,0,73,73
20492,0bfcaf7a5c0b4956192f6a3c2e0c64923acd343ecc1afc3f7c2b99b6ac4d4986,0,79,78
20494,f00948c4d824eb56cff39113c47dc52725f0371032ab3172a190e03b36774b2e,0,68,68
20509,8186ec8d29d96c885f3772361505c75a88d1bdf5f88c60369be848354d0e02f4,0,43,43
20513,4dd8b04dfb2be479718cf7aba3abd083d65be6afba268e941efe0cc2b7be6028,0,78,78
20520,8a50b06764235c2fff301a7275e1621f43000a83f18609ecbad4eb978123ceab,0,73,73
20521,4a904d829e8d8fa0bc727de53d93eb24813f20545e5d42fb4479c4534f539489,0,73,73
20523,88a92f195ce9a28bb83b520a7f58527cb48f83013b8b91d19946fd8e3a48fb92,0,78,69
20528,8965179f8aa6ef12e17f24b0bbd4dc0f46b3f58ca89dbc44376ffd6c7949ba22,0,73,73
20530,04985e0c4de7a92635f51e788f4b849f3932577553a061f677bbccb70ada9d4c,0,73,73
20533,6566e43e7be28119cdd4266e6b99c29786d92c66f88497f95dadaf1efd598570,0,27,27
20552,c2efd54bf16971334ac10bbb3cdbf01cec353106c92223c5e8b9affe95280670,0,82,82
20564,cec9c69dc07d1ed1e3a4cf9b879274650af190953051fe2b941968013f88173a,0,5,5
20568,5bf163d740d0c7d633106e08c619ae8feda0d03e45da25ebf6ea0840232817c9,0,68,68
20573,4add978abf83ddddf9082dce97db15b6882916bbbdf83a57e2895587b5b76b34,0,73,73
20610,a7feaa691ed838e80460e9337c1335b17b77088818261ef16323a41666cd3896,0,78,78
20644,9f291e94e49fcddac573fe34779b87918e8b118d858890e1b1c913e44ca3ef4e,0,78,78
20648,30b7e5fa4449c2da319ce23ce9be3c948779f8b7d07a643dac0098037fc22161,0,30,30
20656,e05156ee003386fe87a22cf5fa810fd89ef57aa2204944c0f109feef51aced16,0,73,73
20660,cac2ec249489feaf6bf9bb2016ee869c7ad900a571bfc81eef39601163df63c5,0,68,68
20664,e25b947f0f80a29b1e8e16b56dd5432e4ec47711311c53f51e7e265a380cbd54,0,73,73
20671,05b1c73b1be33a999dc6f013a2035286ae3d70d0251a029ecca079328984b253,0,68,68
20673,cfaadac1a518cd6e36599f4137b3d660e71decffb5ff78be59adf75489649639,0,69,69
20687,9364a25ca4bc128576e10e246a2a729e8b81ac24ff2a160bf40cc93deb76402b,0,69,69
20690,3c390251c1471cdea6d1f542f6857fd666f07f23acc184be3c03e1bd144c8afa,0,73,73
20696,d753392670808ae8e755b8191959fc19e9f3736e0b3ac877568ccae62ba9e282,0,79,79
20700,813f367c4682e85445151d57e1a3d60d45df965189ab3abda01cd5239edf40c3,0,68,68
20706,53b83c15f041cdc781ceaeff130a03188e841d07d06b920da143714826132126,0,68,68
20718,7dfa48132dd42ec87520e1b8a8a840a5fa9e5d059bbee42dc06e250e39618540,0,14,14
20720,e8a061582361a98d372f95117689648676e78a0faa72416122b615e14d5a4511,0,73,73
20730,8bbb80776aa5c9720c044972499f3248806b6dd16ea595ff35527342234d6d8b,0,78,78
20735,7c3aa037d9cd22200c31a227514e6f3f74d25f0bfe96a03650aba32c38a457a7,0,73,73
20736,7dd71ece024c0659f89c6408451a62726accf394c5970639f0accd3d1fd27145,0,73,73
20738,f2da0f10ed311801616bef42b054a180907749668c10ab7009b6bd4200232f86,0,43,43
20745,b27015a20f535d3eb2d31e73473eca35b33ecf96379c31ffafaa10222132c573,0,43,43
20748,4369c8b9db9a3d7be00c2f383bed5060b32cb33671bb057ed864f8c206642762,0,73,73
20749,25a6e3e9da90119e4ad08f3972249a56ef643cf072ceb4b83846634c8402d3ae,0,73,73
20753,0f3de81b8d14c0e3745425f1d68a2ded840f8519f334bed363a5f0a7c3bfb143,0,73,73
20768,dba51f7b025ce23852a948bce7e6ce748e93d6d912a6ccb70b18f4b6cbc6bb30,0,73,73
20770,00ae6a6156c636cc63baa788bac3ca9f6da978341da352efc3c89cc890b315a6,0,5,5
20773,4510ba3444206290a9b71bb669e44a4ded5a24cb8d0298ad3e91e3545a658565,0,79,79
20775,0b3845b3b1a3f363210416babfdce60035da94c7c7fbf37713021be06c0a7cc3,0,50,50
20789,b4073420ddeb09e0d2d5af4af8cf113ac29b06ff2028f8b14d043e695ca2ad6f,0,73,73
20802,b5db870b57803362b036ed2d83039cf8cceac635c0f05f1565103031f362f734,0,73,73
20803,19effef6bb452823c93ea14651e93d75fce8388e1c85d34b61a8d5d52c1e5f2c,0,73,73
20818,71921ea753a16c5d912a4f056d001130e25e64d3b3bb7eda3a7d008b47ec0825,0,68,68
20824,04fe8cb27850e494d46c7958d49c3c6da48f4acc7a127aa4a9684decc1f69035,0,73,73
20827,5240ce7bdbb8f9c1a6ea29c71fbfc8a49e0dd853e2afae4c01d762ae2082fc8d,0,82,82
20834,8af5d4279f85c5f04a249cb8ecac8afaf05c1773134268cd7bb80b3dfbcf86be,0,73,73
20840,be8db6dc3842e5314c3c2cfed9c4bbeac5dd7ce3561b0b0cf90f3cd588b690c2,0,82,82
20841,75d8fa9e0f54e9584c3aece70f8f273d32967d0d07faa6e61bf7f2e6e4e1c909,0,73,73
20844,a0855748b9c84bce5035b927bae1095519ac94634259ca483e23f5165c385043,0,73,73
20849,b8358b31fcb9bf68fdc6da907a43648392fd922f9a1dd479a39c9e105ef6f01f,0,68,68
20851,b2398b08e6c140f16ff7e1b39f924ad4e47ffa61e3e76fa23936f8c7564884b1,0,73,73
20855,9d0009479da67e29ec61dd8ae3edd4e19d9a94ce12620dcf07aeb1c10a20e7e4,0,72,72
20857,5547f47ff10bc2c5699964386924abaf81ae900aae4ebdf874ea6b4f54a07273,0,79,68
20860,5dc0907aada5871190c018a7d3c3df57fb0c051090521edbf7957a55f2148581,0,79,46
20864,a403a0cd5b8ca4a3670b41f11491cac9a7df8ef670c4c72f2c91f26478aac719,0,73,73
20877,dcd2eef42a3e9e765eae9badd252d665711ba02615cbe865b904784e68e8bd7a,0,14,14
20878,4881b6d750277e72d5a3cf50a44dc9f0e68a6ce3fa991284a1e5df8cf9aa19e5,0,27,27
20895,35fd8a6685f9b22120b331229aab8d14568679b42459a9ea6f61db3b5df5a6d9,0,40,40
20902,c8ac9e22ae45c4b11c1f31176989b6c49b4e5fac8013d1467de7a89e13dc33fa,0,9,9
20932,b66e6b7b368b3163c22fed8fd7700e1a8a9499e5753989a1fa118fe3f0ebb5e2,0,68,68
20933,7856d8b394951025ec7775f5378fb5d938e78052c17ffafd4ff14968f6a651b7,0,79,78
20947,3066e4767d59c89f82d99d3b80fd2687bf9e6e1585db08fe7b4466e9dac8ecb3,0,68,68
20962,8ca03ea9a7deea261ba65dc2721c1d9a437a3d584383ebbd8adde2d5781a8e88,0,79,79
20971,3621c18e85ddb7ff0dcbe579a255850e990a44195b595fcc38b8064237354ac6,0,79,68
20976,71fd79594973146c7480967a383b0232c97528e01bbf2a50b9500e3802c8e346,0,73,73
20984,f55c8a36aa2471b5fb6a5f946c0ba0568f4dc44150287cd1456398355ab04b28,0,73,73
21001,73da2e4c9314688885714ca890858ac302bb78e4b68d70ee0fdcddfd67dca306,0,68,68
21013,e34b61c3007fce670f80525c881fc388faa87ef754bf3ff912bad0017e0da9a8,0,73,73
21022,697086b05d17470308a8b22b22de9e91da1701bec6f6e2957bb3fd052586366b,0,40,40
21025,e4ac16dde87bdd29b764ddd73ae4d366e2379efee5949771f1ca44a0c04867ff,0,14,14
21028,382bf2bfe020e1a8e1d3e9458acf2fec16a930ba69938f3b09235b138ec0ef79,0,14,14
21033,e76881248b994120f3598b23a09595e6c41aff4b7f6a496e547c173fff878be4,0,79,79
21039,621ed7e138424f90d4ee24a412f66f4a845b8a167b3a7f6e5c47f18015abf312,0,57,57
21044,63c4084f01d429a2912a92585fb6c1c0d403f5f33c0f2dcd3ea4c27cd109d213,0,68,68
21056,e3d6e09d77c0d29d0dfe07920ed5cd5ea805ed50dd60d53fb994b88dd62f04d0,0,73,73
21059,91c6bbaeb80a1d96cc215f37e4048209d029e92249e9f56fe03b68953308c99d,0,73,73
21069,6eeeebe2ad2b17d6534440b752cd04fdcae4d3ce47f89e48e9bd069786b82c49,0,73,73
21073,ca0556f1984d3b61b716d22a6724a44149bc071f265b001a4506f70b257777c5,0,14,14
21077,a4a3d2bbc487dbd0fd4d0a0eff24fcf525dc67f7ca2a6474c1deb3bd0360bdc0,0,73,73
21081,bd74bf9492cc8f8d93bd04ade6f0461cd578a654728ecf7b7161c51b7b0c957b,0,79,79
21094,bd498e5d288d7668c0001803d941ce43fd6ee14424d927519eac9deab9a857c6,0,49,49
21115,9fb166131826d06ecd1260e44f55d154da48f875263f608fec512b8b5ce9551b,0,68,68
21127,f06d29e4f16f6efaa5cb732a9a99c0477ac1314c40678e9cd331de1acc0de66b,0,69,69
21132,0f78e25cf70d80517efe392b1b979c5f61c9767b3c57b9d15b9086db7eaa72ac,0,79,79
21138,706f9d014398da810dfcb5731d24ae955d1107545924b88e3f879d15e743bde8,0,73,73
21139,191d9001af22379ed9075ebde683f541109a49efc0df3ccddcdb7e9186cc5c46,0,78,78
21140,708b0c62980a059a9247fc346f7fefb9ca4bce968fc3b188987fc1ccf8cef550,0,82,82
21142,ca06b824a069fbcf2526b8605af22973ec0962a0d14774990c9aea2947780fbe,0,5,5
21145,fe7e4aea3f1a565441a97d9aad7d8d51902d7e57b61ecd881811fa515dbf6181,0,68,68
21146,9fb8cbec9e76870c31714dad3c6dcc4d78125539217456d64b68cb69e1dcb86c,0,14,14
21152,49d89b7ab30e683fbc8916df87bc6b7f26c124cc9c1bc89a211ec76204f00761,0,79,79
21167,6fc9a1b2f758e43e408eeb7a368b8d3a6f42febae25665f2f129496ae3d35870,0,73,73
21175,486851b1f444c99493565a1e8f45a7d41d9fcb5d33c80b134a470b911a6cb9c3,0,73,73
21181,22693f5b6b23fe04cb0f6eb0578b8d0a0746da8966d41716bc0d3f29a1e7d0f0,0,56,56
21182,f8c923edda6b0c0ea61dc274df2c6df10fce344677312e50d7363ba8b4cda6b3,0,73,73
21184,2d86badaa145000403217de82311463af05ea13945f1030c50f3c5182d28121f,0,75,75
21188,2ed33d70624c9ade265e90d9640c2fb52e71d465bfd038472584b3ed9f47227d,0,43,43
21190,2f673eb76e0aa1dbc4a94919784d4cae55752846f2fc4a5997a53a2d3ff7902c,0,79,79
21191,9cb468649c5dec181abd3ba493f10624e08d0e823f3e5de247fff16262a2358f,0,79,79
21193,04214fec8ac536cab59e9d94f22c8a8ed536caff08cb245f40feda15acaf84d3,0,68,68
21198,8dbafeb5d1fc39ae6d0cea7320892a4424ccc5b9485a1f54a8457de3ce05b9b8,0,73,73
21199,1c562920dff246b8809b6e16a11a96615eda1b02240f061ed21014763648da3a,0,79,18
21202,939bb39fa92d68856bea54c7a202a283aad37201f7e198572b401f27ef9b1d8c,0,73,79
21206,bb3f0450391e1c6672e38ac42818c88cf6303063e385fc11f1e3eff3b51ebac6,0,31,31
21213,d79152ad23a65f4ada1beb37b15e264af12fe68614cbcf8a31486232fd4ffcbc,0,9,9
21232,19f405e158eeabd0160d3cf2dfdd7848e0dc1afc691b21978163d0a34d6a01d9,0,79,68
21237,b52e9a21285e6e20329844dc3dc63f4f266d2b959e5d5646921d18fd427c6d53,0,73,73
21240,667bccc7b442d0b4aac1ae5546535d59716f35213db10c72fad18c80d30adcf1,0,82,82
21242,ed136e841c67494b9f557d4cdc7d72c5b0bfc01f5fbae777cae8216c97bccd4a,0,73,73
21243,ccde669e8792763a88ad11ee564f144a4ba730c63069755c9e61ba11414f88a7,0,82,82
21247,2e45d5a4e69b923807ef311a8343d391b2ede32f97f189635058a24bf794033b,0,43,43
21274,a0f3b9a6c94b4941c8a31946b36e0a44c9cc1d7f774332a1e6b540acd61fb647,0,78,78
21277,6d24961497f4a07594abafcc0d5e7536ffa69ab0a80f4f37013b2f2f2a6eef8f,0,79,79
21284,70e8e16ac243bbddea7ff0b7cd216377356e9c3b03e12d06cec0393ac0fe567e,0,68,79
21290,f022e649b1db295babe89079595d86d236d2b881ee07c2af68071641a8b75278,0,79,79
21293,d06c3f07a950216041220906c96dfa84e2ef2764a34e86091fe2b52fc5634ae1,0,82,82
21296,41e772f6c0ae3c7d3ac50d7b2dcdd8413d8f89ea94e291a890f8fdbb8caad001,0,73,73
21298,3b599fdd8bf7554753e3142931a320f32d5e528d8600da9df7e9137f559a770c,0,14,14
21307,75eba43a7043d3dcaacab20c1c7b3be537334ff93df7f6ec0ff4087f3fdb7115,0,79,79
21310,c04ea965804db5e411f1c7b9ae612b6c1b6200c351ebddb859e7da55b9bcd2e9,0,73,73
21316,c26a9b620cd48d6a6756c6d9d598b4eaf19f2ed719a4e09444a720c743849b76,0,68,68
21333,db75ec7ac7e0c0805f64919a74f02dcd9bf2f2118da92a5c8ea7f0f65469141b,0,43,43
21340,d9f9b9b8a62c1f7e69ce6c3c86b204623dc2e8e37aee292c4bffb8f48079dc7d,0,43,43
21341,3edcec76c1e887cc8c8e65cfe5b91a64017ee2eecd2f2093898fe3dea9555069,0,68,68
21343,4cbea6aeed67550b63e19998950f3486b2d8a5354c422a7939609d6918ac2837,0,68,68
21360,4453dba87ce2ecc4f9a0a14b6afd4f7f9cb636d33b6fc6d3e32a756ef3a0580d,0,68,68
21370,66c4d6cddb66674e18a3c0e4a9fb8fd96c5c5584a1f9d96f6a2297d0bd621fbb,0,73,73
21383,c9a204a85603375778a03b1142356bdcc898dbde334f6da84f9ea1eb97e5a41f,0,43,43
21401,5931ed3874654140600075127069c43231e7e7bd309324cfabdd4af47eba37e5,0,68,68
21409,514410d95d8a7b4ef671c1e500ee95a7bd09763ca43af57e653521a2beb13b20,0,68,68
21413,c63be6cf76d886448b2246b7c6db488a40df4da45a606f6a8cb2f639b4ccbb51,0,43,43
21433,86ff832111bb859ae8ae9286d7af640ad464412377e1cb8da9fcc891650f2e59,0,43,43
21436,7a2e06ae7bb97c19e8607dc1f286d7caea9729cf4457d9cbe9720aad63b48f08,0,73,73
21445,ecc8a00b4954d2cdf7d1402ca9d5b180be1e08be13bef6647f9bc2c294542f76,0,78,78
21453,97faebbaefd0f3f01ffff677a97e3895ff4d6b576c3738b9c874c396410b9767,0,11,11
21466,ec7f703dc696292de05b97edccabee2287227a22101b0951800a5c8d329d4041,0,43,43
21469,2d2d099c517f04741cca6263424d40779ee59bf9e9d7532f01af5cd032865829,0,79,79
21472,4829a8574f78e96aca83ef425dff361f5b803e65c1ef52210360c69d60f0cbe1,0,68,68
21473,5e31fbfe513de8548811789cd1b06b77a76bb30225310a69176dc2001d2fabec,0,79,79
21474,84290c0ca178cb3cef06bcbb3ad75ffa650ac7ec454664f62af8e84ac1574176,0,73,73
21481,a37ccf0e5154a2ea92fe9515166c98e3ded0f8499f95f41cbd7caf998cf7321a,0,73,73
21488,05e6ce743a1aefa3f737d4168417ca702d7933ce2ce7862acca4293e117d0401,0,79,79
21492,04b143d27a9d1abeb4e8d920ca5bb83dd9e1f6c3ec8a72161253586cbe10c9de,0,9,9
21498,92a68ffe9db1cdc41405493f90966279446bc593d4dd1dd246328c3d2705652a,0,79,79
21502,8738448e27bd86e310f187defb5e67b59736cbe1ac771f96d0ce486a1bc16d0f,0,20,20
21507,5abc0a9a89619e76dd2bf1e1af9028dcdf2744c72dab1c08bcb6a751d26f4d13,0,73,73
21511,bc063ed4eb865c18e99d1eaba0dcad91153c2170d8b7b08d182dd410c8e543e0,0,73,73
21514,6b5b95512549f2dd1a62ccbc011e67b9811158fb66728c6eebe2a088e82c275b,0,37,37
21520,7dc3ae7eae9aa0276cbfdc0c9ae88d7ffcbe35af5cb44e104d79ef29b64e4aff,0,73,73
21525,13b37b9d68e16e12eb340e037798d868b1a6f9539ad3f0f5bffc334d5acc6f20,0,27,27
21530,d24db35596984b8adf7844ecc9210684676b78b2f3badb4fd150e985a91027ec,0,79,79
21534,9ab46223cc391b42d5d0d95cca6a3c45149583a46b8a662cbbee88f4048a0107,0,56,56
21545,11eb3a77f479925f0ff41c38f4d99bd9bbbb2b51b672c76ae650112af1526da5,0,73,73
21546,db83dd4af5aaca3476bdb781f0a4e3a0855642e4de1629433ca6f7a4b0f09e6a,0,73,73
21547,9536bb65797bbce054f78e1fd2cbbb0d18e28e1f8b4b3a8c59ba04947b05e28a,0,18,18
21554,19bad31f1d310022da1b804ebfad4d6537f4ae5ded9ee91b105d6b12f1bb1111,0,68,68
21558,256437c344b03475afc5de0d1ea20ecd6a03c98be9d42de5dbad5d0f4836d4d5,0,79,68
21562,8f191219ecfc97cc185137ea17596166d0b8cecdc70422b203110ccd4707c6ed,0,79,79
21565,6ad28c2a8c5a4c6ce0ff2c72db18e4acb8c195e9e8c4deca37e7392ba2641fff,0,18,18
21573,d6dd221a32402456cb2bea8f57c9e14bbb096d93582a54828b7a5b3eb11bb901,0,79,79
21577,5a95e025dbf5b5e07ceeaa7a3af8fe446067aa77c0c83fb5789443b0417805ca,0,73,73
21585,dcefa4018152ecd0ba02cd4d86d6a9fdb5c9c6c8176ddd799053e9c94ce95724,0,73,73
21587,89824efcd59c489c8744377167e3cb967e7e2ac6bdff01eedf686a81d76e8ea6,0,68,68
21592,2180a924db4ff0ea040efdae527469a1d780f37eb0c609b542d7ae6681f36eb8,0,79,79
21601,713a49f2a1178c2c4673e2d46863967f33cc2c0671325530504d62470288050d,0,68,68
21610,9991b666bd6a5b7e7b679454120f5c7af760321ce5bd9957a95f8ba68db8bc7d,0,73,73
21611,fa2574374a0ab7ba3d6553e5e39ae65ee0f38903d40cfcbc6b08fe67d12b6feb,0,68,68
21626,b1972cbfb01c0c68ea39173607d003a2df0957643af1f27e41fbeff7b6f7c03e,0,73,73
21628,0e242b18f443e2feb5e58503160b6fd510966c9a6df83afc798bd2a1d4635771,0,43,43
21641,c886b52741c84511422097605cc8207ab79074cd352412d079b59897fb1f75a7,0,27,27
21644,b11ad1704484c7cd0fdbb97268f2ad25f35ab64edef3ca0006d29a90f47413ef,0,82,82
21651,baf5d5f88abcdd9b452b3762550f9b88cfa81d6d7db8d1dd2be44ca4d8e87ba3,0,73,73
21662,c11c3640dcb7ad2b22f8029a26c968e628b41e0550f6faf72c7d7ce1c324670c,0,79,68
21668,77683b6630ab698160772ddbcc6e86cc7ad1eca9730a5bf9312769a18900d701,0,73,73
21682,92b89c1c5d063f171ec750d81dfd310f5b7e0ce7b21dc1e4b5f3659f199fc260,0,69,69
21683,3c4a1cac3fd9c23313237885767f437f7604b7dcbd7a398066bcbab6356049e8,0,73,73
21686,569d347617432e80c3437da77f4bfc3471922a0f293db2f7cb7e3f4d313cf092,0,73,73
21697,f4a9fcc8161a41797159b90af2f2bde8e1f96ffab4d91eb5592fdf943eddffed,0,68,68
21699,8bc82f0cbdcbba6e18b43409002a200664b1ad692b60b969384d59f0e68cf965,0,78,78
21712,2966f5975252c57d9980f08df86bd3f051edc27653a61f02970e64be4b815c39,0,43,43
21715,b8ab26529d638af30403f6130dd3019eb91a12042538702e7fda2cbe0380de72,0,79,79
21718,ece93165ca718119bc1c3e0b4cdc42e7b95979fbd8f059e996a2d60a95c779b1,0,73,73
21731,2f17a629d5bc4a0c98b1507fdf2aebb9bc3a88cbbce3ae0cd8717301b9e704a0,0,68,68
21738,82ada60af6dc46d4c09a909f668f88d6f7ddae59d0f252615cbbb34e783dfa75,0,68,68
21743,213d54f4a19630dc77cb44a9569b730d8501059a0ed762e8466f727007523abc,0,73,73
21748,46fdb644e8ad27cb038cd1230323064bb3a8102dde1ab588ff4d67814f955375,0,18,18
21757,8409023790882f31ad528a6baf3815a79b6ace8b2243c6395ff8f14af1f27aa0,0,79,79
21760,1d200a57a04996c55722104f268938051561a82ef241398aa3a41744fa870f75,0,73,73
21765,9f2d4ecccf5a44ff3e48a2f08387195fd118deb4a6e3f38f183da013e778b534,0,68,68
21767,fc019b523d4d32d4e7759754b2106e501ed6ad4b57fd3e548e59af5ef2ff7cd9,0,43,43
21768,50f4dd4b5306cd7a91e5dc99ed47af2ba1aacd82c49e278d37904a2c0a5b3a6a,0,80,80
21772,577a80aae14b0a2e515c0f6697257d5ead695c2712a7eb5270753b123aa618f6,0,43,43
21788,a9190ce3fad782c481ef8d266f483e4f92e146089424325d89536ff77ab829b9,0,23,23
21789,3a755bddf4ca59ae9a6d00ec3d88ce19ad2ed78f7f941ba2e3e3c29d60c9746a,0,73,73
21795,56066f1cfa506b88a46b20175eae1c9357c45442ec94c56a1c549e607d2940d1,0,83,83
21798,2a91d0697bbd837260ff9516c6e25ebe56e3ba34613d271cb8310ea4584ba820,0,79,79
21806,7ef1afe1fa79c57fcea6ecb8fd7bac3a209a4c1cf31acb8ece62408fa95c8881,0,73,73
21810,8054a1e333555b2de6a948861672f64072505e3346f1bd43e704140b5db8c7a3,0,14,14
21815,82cb5f33ec9ad47dd1254be941ad77477b688f3d457e1340ce857f0b7d4da867,0,79,79
21825,3721b0275749fd3493a8b72e3acf39b988955a965d33c98ce0b059d572f0ef87,0,73,73
21830,a34d4b1b8fba7336273009382d9c01513370db272ff6a8e2060b9626a2f71bef,0,5,5
21833,4557ae9d335ab73b63855b465bacd79d43d35f0fee11acb0a4c1c964e6da5d4d,0,79,79
21838,fa278ce923f77c82a6fc7ad6d0cd8e39e4781f2528580c2092064fe39c4024d3,0,73,73
21842,4cf382f7f12df5b0e71aef57253b98a2b4548bd4710ae48788d6e1beb582aff7,0,78,78
21848,8fb614fcce05139084cca530fc21ea16bb525ec20353011342cd56682c7f2993,0,79,79
21851,7e25c8fa897a9dd9e3176d75c20bc26228f4d2c8e15f702a564bca18712600a1,0,19,19
21855,856cd83c13462590f39d9e3c041721f83d3cdd192fb97cc0297ce2c8b9e4b7a1,0,73,49
21858,657621e1ce93a752fada89237db7e0d023ebbef4b8b8707560e57e4ab75be426,0,73,73
21871,81df05fe474177416eb39a0dca688aa218010f3d473452d1d850597cb3eb8728,0,73,73
21873,aa49e6e93bbd7f824b16c9af6ac8edd67a1ca2ec088894c2e094a9dad9c2b378,0,73,73
21879,10a4f2e784481324cc228ffbddec64a8ae7da8398400353810d0098322c08b68,0,73,73
21880,c6420983d5cfe5224505302073c054fb05bb78c4448273d5cd12ed7261b7e84b,0,14,14
21885,dbd92fb618ae14553b6f5e25d2a0fe8dd1c54051f5a3cbda1237f5c49f17de26,0,78,78
21895,19914f1327f2704d59a435909d59d1685ba41ccac5a00abd3fa9a3a090ec2685,0,82,82
21899,34e7f51d5c8f7649965265ae9990594166eeccf4de692c9720d9e958ed505fd9,0,73,73
21915,6e6f2704063cca7c7172f89c42021fa06dffdc2447599598025963e782e208ca,0,78,78
21920,0dc7a6f693e812e0ce29ca46ca9db076c35c8c96679fb17cad8dc47596b1c09e,0,73,73
21930,464af7b8dd52f48eff75d19af2841d714af2fbd8e440a65dac8b006962a65f8a,0,73,73
21932,7cee8368d2cdf92c7cd2f34f052a6d5305bf042d3a446d4d24cc57d1725757d9,0,73,73
21937,37827056409e3ed8d5cd6d394b32419106e7147c8cc31b6ee97ad70d960ae723,0,69,69
21943,404205579b54d4126d94ce444ee3d20966128936aa90baf047472bc1fd2583e6,0,79,79
21956,f159df7fe3743895a63be1e832e41dade06c4a704507ed89bbd413faad76518c,0,0,0
21964,9ee8cd9efec6d5a2ea02bad276a86da333a92687c40519706260ab92491d1cb0,0,18,18
21968,671e42e3ebbb00d202e46e8de7dfa0f0b3b903bf17d16017701ca1927f883af1,0,68,68
21973,b01369b0b12c2b03938af8d5c1993c2683be4aa2047d201659911b7f355e2004,0,79,79
21974,b29be981d79a8a4cec0ec88e0b3358e0f72af4e5accab99057c78f4c58dba45d,0,79,79
21981,60c38149b889c4684f3d9cd89875f6c4e7d1d934b4942a625c401452adfbec43,0,73,73
21990,6769b100a19ec6c8cb87b7ff7e6e7a9510cebc3b1a9bef2f1287e6d97b66b4da,0,73,73
21991,bb234450f62d20a44751394bfd2da7161bb6139720d313f08eaf8b6d4b69da90,0,73,27
21996,5b9b48bda0e485ac43d57c8420436716ec22145f627b16e94d52e65e64776c9b,0,68,68
22001,6dbed4a5210c9c13afe97d289e61b8c97f2c10a324d0c7b77c3e532b42d4e30f,0,82,82
22009,594548dfd694cbda8024e8fc1ff1c4c82dc6bf84611519f7b3f2672d3c38380b,0,68,68
22014,2aeb3762bcc4152dc8738461a2a5351945419217060c640bad3c8d3552083612,0,40,40
22018,7eebc4df868641daa2750731a174a0e3945b6ff113b1f1e30a58fc9c47335d97,0,73,73
22019,edf97d37fff0b8375495bf56c589a74de9003342dbaef36a0e408c3cf5f7efc8,0,79,79
22022,61018c51c21c1dc7d1b30b34fd2f52a9ca45a0edab823d9135202f345d17e7f4,0,73,73
22036,77ed51aa747c0bb9719ba625011af248b63dadc0c56b7f5df240f7e61946fb62,0,11,11
22043,13b69f6400c036062cf091bf21e0586265d23c13f67ae9e19d817cb8484ad27d,0,79,79
22057,5c8464e598fe088f0f6b74e995a2dfa82e329c0c0f07c7eb79dd82686e9fbe66,0,78,78
22067,70b683f4f514e6bba2e37e5de68a92364916fa0f34f8bc3cf8d83421185139e3,0,79,79
22098,470145c8f34c9aeb86ccb27ab84e331968a2ce9c86c6ef1c95466ef0f6b5ee98,0,18,18
22100,45f1eeff71ae41c7d156fcabac40875fa062c5d9449b1a51204c342ea4e13300,0,79,79
22104,f2715c17d5c38f2b1d41163d8ef4b64b1439df3830507fbc1b2c1cd11e662cad,0,68,68
22108,d0371c222bd2fdb9a0d18db49f0f9655550b3bed0f642581fd66327268d991ac,0,14,14
22113,9a8771a5a29e5fde6988266b8400be5163842e5e7046c56f11660a9662924d57,0,18,18
22117,61a49b2516f21d27e9f226759bc5346b37c4d8d9d6010ff3e0db8ab8238b1232,0,14,14
22121,54cc72e043993f65081ce2a1d589145d32c6be973c9d23d24457e20b15ab2f16,0,40,40
22125,a3de736d0c3026925dfd8fbef244c0ae2cffee55811d7187fade26ee1fdaeb53,0,79,79
22127,cf2bad17891965d8fb9691b751129d659cee16f8b3ae9638704f612638d28d25,0,79,79
22143,6cf6bc9ca2fdc794d8746ca8fed580e8814601669c35c19bc951f65eab1a9fcf,0,68,68
22144,4c1a0ccdb03864436c9f2c2d8ce02224a46ce0d244482608bc5f2ce02855c1a9,0,73,73
22149,0217bb1d6fed7489c0058ec4ea7cb519a0ad3bc86b9f84f843d45a627db9d235,0,82,82
22166,941a2a1bbea272cdee13e09c76898af3901fe898c3609c3a7a7f73c87df4a406,0,12,12
22176,18d08f37e94078f373e2fc8733c6a528dfced905359a61e60d5072480dbaae54,0,73,73
22181,732d91f2458fb9df832a420e5573749f354943223c2311739a0cbef9f4231255,0,73,73
22188,4d0f400f9f093b3f6c7685e88e84f9d21a9e0d60ccb3a641a85491b63f63765f,0,79,78
22190,4a5330975d1245a25c9064423ba1c008c1c5c1a3234649ffc2e9bef3b74dc065,0,73,73
22191,8ad47af398498650a5cd72019686e7104231f621d6a6ddd40ac2371dbdd68179,0,79,68
22193,ada4ba79c3c955f8e662988b46634dec7dd84a6e7968f9390cdc39ebf363d727,0,78,78
22201,f4f607cd24ef723905b5dfa9ac27e884712da20430a7b01b8c1cc71f25c8f554,0,79,79
22206,c87334499fded783b7763b06c4158622e54ebeb5fb9cc1b10111b2c4e831d02d,0,73,73
22222,0bdd373fe9de14690b39fcedd2472db2e06c0afdad051663696c59dc57018b19,0,82,82
22227,fabb57f25bc0eabf8e20e2f29725eacfab04aad5e381455db6416cce43322e87,0,79,79
22228,7a0127e1efb4661d9659d5f6d6f839259e713b9700f09d812569c19e67e55694,0,14,14
22229,c92ab0ca5292a14246241670eaaef1913e3920c861f3fcac999dfa7d76500dff,0,68,68
22234,df2a3faea77ba461bff1fcb8649f6822e28126d84c474718ca00b67c178bc959,0,73,73
22245,15afe386ef08b16e6a64fc64b8240ce8aef3a786e6e6643b7bb14d821e65977c,0,68,68
22248,73abd10721afb080638639298dc0679f518818b886c4312feeca01884e66a1d9,0,72,72
22251,5044d73afc44b3ed25c5f0d4a3731454ccea7870949492b3ef0349bb8f863d46,0,79,79
22265,ba020ced0fa43f2977363f6e2dcde6bee101c884be910b1c9f988d92a6e1f090,0,14,14
22271,fcec2ef2ad41f896635666c8d011363123b11385b4131549d538a9225264d825,0,73,73
22293,aeb2304b47cb9ac735d1de610cf57ef67b5dfafe71ef2209e4ea7014919a0c13,0,79,79
22298,139f19d165e5021d1d619dfaea60c0d5a33bc652255c13d29d7226ff6f86033b,0,68,68
22299,206eeef880ae6bc5795ad93b52bd7ccc1f0a76cf7f65749000d7eb2a03e8f9ea,0,68,68
22302,d0899552cbadca0363e36284fd63d33804f1c1e93ef4e9a8d6459bafec2e42c1,0,73,73
22304,f1620c93cea09b72bf0fe07e3c0742de7bdf1b4d2b9a5e6ce05e3b1a2af924dc,0,79,79
22307,3aaf428fe43bb4d3719c2e50ee01c1b3e904fa70487959e39eca20ed84a59414,0,68,68
22317,9a0d2c030f7aab5538a643ddbf3decba2a1715fc94f8a1b1ae88f403e15d4103,0,68,68
22329,9592cc217edd59c8ebbe78d163eca1f501e4f297fda2c2b60d6b6e1b977e484e,0,14,14
22334,498282d616a6916c54c0b1ecdf0efd58d2c95f20490e10b6b3fa107206d53f53,0,68,68
22342,48af5a4708e977276eb84098c79404830bfd49087f14464beb939d40ca579568,0,73,73
22346,1ad39bcd7b980358dd129352a0245f682048816ec2189adcea68d342bf1bbeed,0,43,43
22347,257862847aa7485e970f247b07ad6cbb8b9839b94e0d5df0b968ae873678dc6c,0,73,73
22350,756c06f83e7b364bd482015e3ec1474671b5e1cd64f607a1307e2dc0e123e5a7,0,73,73
22368,fba6f8ebefa9c51880572901ab0219c754374f5c5d407813e52c39c562ac2b0a,0,68,68
22377,67d5d1d410451c4c8746f771149ef784dbf31e2b39576bbb04dc4c63a385342c,0,79,79
22378,5aae7c13906c0d3d535b54ff0d51f5b7b537a7f3a24e2278ec7a8e3e7bf92a87,0,73,73
22385,920fd59fd875886a2a715ffc26067daf8cc3b47bc665ae3bc398a673fae46a62,0,73,73
22387,7a03916621238f46dcb2d2ca33e804f5f62c736ee5953214214970e21667f704,0,73,73
22398,26e1102441e93855e703e47be8c477c5a3f948f02b2c071585d379b1bfe741bf,0,43,43
22401,9d2d97d3d540c6df1fa341350ba6ab726669d1b0396470cb0a28c212123c8ed5,0,68,68
22411,b860009b2c9ab6d0073dffd0ad4f643e46e63d1925610e52ee4dc0eb1b508147,0,82,82
22412,565e92561b312ce03cedc4e0d4645517044604e5fde55888fa0fead408e6a99e,0,27,27
22425,b1dc49a646fc35bb2322384c6e7714218b4d1e09429bcbfcbd1e28823094fc4d,0,78,78
22427,29787570efc3855ad73684e2246021869ed6a7a474128a60c4845764db41c82c,0,78,78
22429,34860c13678ceb46b00c926ec1e72c3d718310e11ffd16e5c6b84b843f362fd5,0,18,18
22432,645e7eb9163a6747bc4a1924ac22b880c62deb2edf1dbccf814ef9bcc037f27c,0,16,16
22439,041cbc25fa14438fbe033a488d5243c55a131ae01d465eabd9a86d6c5c0372b9,0,82,82
22441,a2024840d058c1fc02161f449e759476f407f368f4b796c4aadf38dd059edf29,0,68,79
22448,0325073e6a4f2b650692e54370f1e81e3ff5d3af87196daa9b6e3ec950cc8e5c,0,69,69
22458,cc3ba0da129f6d8b3654edb9ad30813cb1c0bd54f5bd5c25c6e395a55cf02ac5,0,68,68
22460,e31bc213652bde1d3f6bff02fb71e47e20e30fa38685c733c91b936d077fbc64,0,73,73
22468,1261f7b7b48023e975e432b5b2ee0741ec8e8a4e864bf9b2fbfd05d4e84ebd06,0,79,68
22474,f24d27b1da73363d488156d01dbac0d93bf972fef757520473ec169bfb597ebb,0,79,68
22478,80a221ccbcbb183b3d33fc087d3c237d5b45392918e4e5265659d827f09c05a0,0,73,73
22480,9d2b1466cbaeb768a1e0d00d63236986ae14fee7cd9cf9194349213ee927afaa,0,73,73
22483,78506f55d28f4eb6ff62267f12819057692b93f1b570fd47d89b2081e4894433,0,79,79
22484,0bd50d6f1d9c05bc3c4f08c2343ff8a85a52f4af57c9bf82a6ee5a7015442472,0,78,78
22487,9a941c0826157ffa460e3a55b59c3db9e4de01f50854e90b49dc965d7024fa5d,0,68,68
22495,28db880e449021e54b1c25ea960d23075a54f036e839561d072295f0bad5c74b,0,68,68
22503,b7ddc9fed07da7e42f7da948c777d76a65a83ef3d82d2c90067a8acca267a210,0,41,41
22506,e4c5554cfd540363f60da727a0d3d231a380dcb0f77a3103d3f99976c95aec37,0,69,69
22509,3690b7adf85f864589765e56891fd7d51e7403ef9ddbb0c18669aa9edd16a393,0,79,79
22511,2e2b8ce0db383eb5d5f63914a7b50c7fa8c8e6a3b4ba1078b47a183fea35ee1c,0,18,18
22524,7bc1abdbd8233eedfab2e40193592ae71cd1acf3e6388f818c05ac2b6d3487c8,0,68,68
22530,639aa99fa5159ac9cd4bdb820996f143ea964e45ce4efbd8f48e745fd5c4a737,0,82,82
22548,b0472fa2c665cfaa6ea432f0723cc592f41defe3ac427ff5ef8e8b7c55270f92,0,79,14
22581,0eafcf38db0141e95b723723e08bcd98dafb7c8c1664ccc823ff4cd42f781a09,0,79,79
22592,e2a21cbbb6b19eb64ec1df9acb62c24e41b6e6c0ceff45343bdcfff52d3333f4,0,79,68
22595,dbf78d04198ece81ed956000f585d1a3de5cbc9d60b03299d45154df15355e99,0,73,73
22603,a65492ea8cf7e4ddc982b97e440651960ed45e8ff044af1d2884ea8e727aa060,0,79,79
22609,b8eb18861d5a0c9070d8de8926047778e0cee0aa8cf11e80ed0586f13ae479dc,0,27,27
22611,a8d7c0649ffb9bbd2bf2920dfbd813a9b9cb0d54f12a4c9be31e79c8d3d98ba3,0,73,73
22614,d32081ee5e5a97fca281a82eab37fac2eb057d769351f55d224d8006b56d1104,0,79,68
22625,35d1e0288d67f71243765dbdd092718c089ec73a62ead4b30d2696bfac466204,0,73,73
22628,c059062caa30db0e716b74a3130f91c7fb2104c91db5f713632ade5737aa97c8,0,79,79
22631,db1c6d50fef47277a0d626a0416959ab68f9f7b8e069e3453d000b95b6f08161,0,14,68
22632,5f320dd86179d91a54e6ac9fc8a96f633c41385b18a12947fb3b3c3fddf592bb,0,73,73
22646,cf7a4b029675835e9298606fbae583fc488d7393127c22a0e2910668771e837a,0,79,79
22649,d3cf4836f2ee050b4978afe8a93a469592945c00d629f7c95f2723ef7e981967,0,69,69
22652,061513755634ef002ee3844aadd527e12cbadcb5ad70e367d55cf20bc886c82d,0,68,68
22655,d073fd5d0fa2384c90413715efa65b64f7816f36dbe3083db3b1224db331f4d9,0,73,68
22657,8f31f88c5c7b1f68a9745b829ef838e3c67ce99cbfeb4cbd5216dceccf3bd293,0,79,79
22664,dce9db37aea4018a6724cfde9c3caf15f709abfd53599660bab5d20e8c5056a2,0,73,73
22666,54895baa3e210a8fa1e3fe50d75aa74f3be494afa092c0c23abd659209564518,0,82,82
22696,8c5838a52036fcce02227d6fcefc1a1285c05583229ae81582ac6f7d242efadc,0,14,14
22706,d1e07541e7ee51304ccc40de0b2699d490ee49de862e73654429d2be1dba0988,0,73,73
22724,d1bc8496a54495365b0dc883eff7c466be6c5c8a28d816b0a21514649f713d38,0,73,73
22734,8ba21e7278a2101d21ad8992ca70259c9d431d3bbb37c6f75ac13ce33ed43ed2,0,79,79
22755,dc70592a9b45efd6e80a0306ff146de0207523d3e9da56d01e2834f5ab1a3f81,0,68,68
22760,97fcfadd187c1b9fde0b7fd960c1a3711f94b0a60ae0853b9054ef3886053a2e,0,73,73
22761,013b3ce62320a000652377bd0288d8052af3ee5796c754d41db40808371fd7c6,0,73,73
22765,76f4764f89597c7f76206b2e38f2e1f7ad77bce1f83f740c3d4c9a7a14ab775d,0,79,79
22772,d9e4aa64f91da8669a20785a342405132ad2a9d06b5836f99a52a0199191e0bc,0,73,73
22773,b7b179c6e0cafacf56424d722c51e4f72c28f1648c8b4b0eb3ff3a57747f246c,0,68,68
22792,e92abb045a61a956c93404e365ee375ffbfff4e7919ec162c1045ff42135d540,0,73,73
22794,1a6a567ab3a9716751221a6a0650ce4289f46c0d639051dbe4fffee874fae90b,0,73,73
22797,5bb9774ed63d5868f4fefa3eb444313c57daa8bcdd81183bf6ee92c92a28ceda,0,52,52
22799,b602f765fe4e092f24200e2e923c3a0fbda5d6ff34d79a2c7249deb517744233,0,73,73
22800,df336f117432f1b9e68c8a2295f6c77c1170dbe51fc9e5b5150f09003e1e38c5,0,41,41
22818,4e4285869f945074bf88eb885b8229ece3459cf557b1404e60715078cdb28715,0,68,68
22820,caff8a0ddbbbda314b5f180531f7b5dc1dd6c9b5ed874dc31dba685cb9606c4b,0,14,14
22826,d883cc005b80e4cdeb5ae1389ff9edcc2f3a694f4ce389ae4ba8671b047ed34c,0,73,73
22838,9aba7902097cbd50690ff8a0a4cc97895168723b3e0578d455567f97ddff00c1,0,4,4
22842,1b0fc96a0601a89b5b53bceaac4ee410b54632a30ca1ee4992886492a57fb06b,0,43,43
22843,a70d9028a602bf7ad2561c5c85e025edf7afdf2947d37a32c19d99bbbd239273,0,69,69
22854,7e4e2053db566a9e506c6eb7eb04d4cb0ffb2cf924fdb51f9da1d8096e67a0a5,0,73,73
22855,d6bc70e4b25f75f088764565c6be03efd4f854e9f77f4a8fd291ec25a5b03182,0,27,27
22858,3128e1db2038333e50d332c85ff6936bfa288e8527611c03ca12e774aaf80946,0,57,57
22877,1e00229ed2e41e6cb4d3322a680c0fb11878b9204b367c19bb548995eef5cab4,0,82,82
22883,8ea6de466fe469164c84756c648e5c191f927c347f5219e64af7fc97ecba9472,0,79,79
22892,a4ee3891d919788bbc844d04c07257306c003198ea2cbc2ed2eaee7226468987,0,79,18
22905,e5494d65958798fdde7b35273c23646f80a3adfc11f01d234ed4204e371e743b,0,73,73
22906,746f53ffd87deb2e1878f702c6a70839d5e7b6e65c679894873e77f450a63d0d,0,73,73
22914,a5a1effc402f232a0c535c35b57e9cd7700cdbb43da61802558f7175fa4bf2a5,0,73,73
22916,161197081c5a502cc497e239ef99815d4e3c2f8bee299206ce490f9bf3b86537,0,73,73
22923,287247060ee6f37e2711d4692b7d65de1f99a2e39f99514cd8a1b6973173ecc6,0,79,68
22940,d431e16f9c3da12480ddba2b52da6673de8585f5433877d9a7d1a30294174945,0,73,73
22944,2bf41bbb23118105c0a92495f81163489c2d91ed64c9513480c83784bceac716,0,73,73
22950,183f55397a8539ea7017fb3a619fa3e3d25c7b311e7576bffb2bf7c8e973aa46,0,73,73
22954,02b21e89e30a092879a23b7b328a7f298691a218534d27fe8d17bf4c41e4b362,0,69,69
22960,6da90b7b4229d8d0f2118adfb061af415bbb7bb5939728fc996e28bdce275d64,0,73,73
22972,482ec9b7bc003bb73493aaba5cf624fbe5bf4b1e302b12a205ea5b61ab10cb33,0,73,73
22973,88eb441f2be2be8936c909309eaae862175584d282c5036bddc5a890f6ac5ee5,0,4,4
23000,1b853975c3acf08f1fba239c3bcc527f05f54fe39fa2a41d569cab9a90ffd92a,0,73,73
23017,781220c9a7392b925453a6a32c0534dc73ea067c036438ec1b0982fc2bb09a0b,0,78,78
23027,ae592de55f1cba65adb7212935002adf72e178a23b831afd31893c02f2e58db7,0,79,79
23031,f189d37936fb5331021c3992d448574643f9b28ec91a0b2985a7c3cc123232a4,0,57,57
23033,27b9bc564301900b5a8c3c8a192b2f6d9d56e100fe37ea5123448f0719de6749,0,68,68
23035,81c5f5b057101d8cb6636907eb1962aab2784061cc235d0c2beb73c66123b3f9,0,18,18
23046,4ac2066f8a6b2a8ee6d518c055aeb5a58003bef6ef5ce24f68dbeffe21548bf8,0,73,73
23055,48b5ee0395887baaab1cf4d454c71af5eae7f15b2a21deeca2cb2913fa932491,0,73,73
23068,c6db9a3b1843bc0b71c1b546da6e0b1768cc75f664cdd7b838f78672019aba54,0,68,68
23072,4e1679fb6f6937ff704cae1afbfe8e52d33b3315b77be7ac86bb08e1124e95a8,0,69,69
23073,1fcc0fa1fba85041eee4067fb0a6ba838f7d51e60c087ca0dc878af787e8e95b,0,79,79
23074,ab6a12f75295581ddbf6dd7aa250b0246ce75e27c887815211fdc6ae53282bae,0,73,73
23095,fd4781e2a79f7fd2597bdd5a536debfff4b837ab9c3111060849803ab1cc2896,0,43,43
23096,87fdd8a6e9ebb007d0ad12dfb6f65e9b38952721e348cc642a1fbb8657416279,0,38,38
23101,5be09fab2dce4f95169889027a561ec3416f2c3aa7addb9da3991752e3c5cf3a,0,79,72
23103,19318621910d62d9e906af80e47314a18ee2f2a34a6673f093e31328e71a5825,0,37,37
23107,3a3e23499d5ff41d36519f836c7c3df448ff58485f4c354f4f42f5c97f51b465,0,73,73
23109,450f5930a6ed563b9f8bbb7ac92cdc19fc7c99dc43b23934f7c447acc7abaeba,0,73,73
23111,5954018dda2ca9081ed71c8d24e2816a85d7450400acceb52150b862fb02d7c2,0,73,73
23133,7696618e7effd8940cdb6229cf8401d3d11b067cd6338dc805c4a8972af88bb4,0,79,79
23151,b48946befbf3c85fcffe31b53e20ef4e514395e55eb57ad196d344e963abfe33,0,69,69
23153,2c254ed93861e22bcebfc448b4da16680f431ab81ec892fd2f4e0de8becb6909,0,14,14
23154,abb02491596df258c8186e83834f64c64bbb44a44c0268df65dfc41ffc5e8b0b,0,38,38
23159,653de320134bda787ae02d975926492d81fa8bef98da13e740766a71e754c66c,0,79,79
23163,a45b4168288fad62f1763f29e258a519766f0027c819119585632195fd4b826c,0,68,68
23165,9df1970fefd1933e1ccf3c31ec75271278e7e2f085b56e679823e9a91c6915c1,0,69,69
23171,2815da3aaca1b5839ee6a449b60ccbf2e3ff64d5263593b0d9995da97e5b4adf,0,68,68
23189,def2307c2af72294b6928fac86f4587a60dcae78c854307def8e3686120cc758,0,73,73
23195,d39d55d346f65452c1ff28f893a309f23eef32df501c45abf993b11a2e29465b,0,5,5
23203,1e212d3f989b36bfe4f1c08cd46703da4c1a8383a3850c53789d82db692c5230,0,73,73
23210,0ddb01500ff7bdd55ca6788d582d2352b2c82d54213d6cccde4c09cef0ffc665,0,79,79
23216,39b9228e4f7e07ec9e90fb787e228fb066b94ecde759e2419ddfa589dc8bad47,0,82,82
23219,bf53dda32d10bd2fb867e9445be0ad47cdfa846fd63a8d80778aa4857f4b194d,0,73,73
23225,bb5bd32dde91b96fd679b7494ace619ea16fe575a66caa6bb7f6c3c3f9a5d779,0,69,69
23230,446527541d3437bc3b9b3a4a9da396d89a058d6da77a0c8f07ae9a3076a94627,0,82,82
23235,2c4456968a23fc54f41513cb9aadfd87c28ae34eeb59d597a90058c462302076,0,68,68
23247,fc328e84257e4151be6dbfb917ff9d94d9cfb523cd70dd7d10e99abcc97c334e,0,73,27
23254,7bbf902f5a9b6a85f0dec012652cab73ca6f799a25115e8c64c6cf439d27a6bd,0,43,43
23257,b10630be8ce6eb62b126da04f0b5fe762e4267254b1a17536d687bff4ab1c6dd,0,68,68
23259,3a02922ffb49386bf63597a90e12d771c4c1d6257b011e7828115fac529a763d,0,68,68
23261,4c6333efe705a5733659fc0461c122b78d44118f568f165281a660337c0cb289,0,43,43
23265,53d5f47d9a4c3ab5b1458a72e45d27be71e63b4739ba3f10c51e5b9d655e071d,0,18,18
23266,ac6bc41a5baf41adbb183c18b441f1feaee1dc9cea5eac3d494ce2f0ac5e145a,0,79,79
23271,254d2a96c2bf56ab8e61c2cf6b40414fc7479022c63a72eea9b09bd186686a19,0,78,78
23281,022182e0929a528e5755011df79fd35f06e682b5bff81f468f2c5ef5b2d074e1,0,73,73
23285,622c05d4f3f3e36bf0d965ddda1d05fbc4d5ac84ff8fd9ebae289bfc5ecebb9d,0,79,79
23286,38e72f3d4191e4892d5bdf394a5393d65f124ca78c1a45ca9eeab222cdbc916c,0,73,73
23293,0b37f89e8bfa1aacb5f63d47061f6acfd191ef1320d580c8fe75a06d7f2224d3,0,49,49
23315,bedcc9771b4273bfba2cd9e865d787d8b67231c88373eafc6ad42f8e43a4ae13,0,68,68
23336,e6c987b7588bf6f23c068d06941694a146e9bc1b699f958b17a89251b7790812,0,68,68
23339,c29e5db206a5685cc9198d9ae37971d3e1a39fad487e9bec28390c90a8073440,0,14,14
23347,1ec14ddd030c1ad40e98bb24a0f6a005136ad8001c5c44597025d53353d73298,0,78,78
23359,0b0175e6aba93b71997d831ea82b076077933642978ca239725a31f9431c46bb,0,43,43
23366,a9cbae776c58d8fdf5e2f07085f12989fb3aee10da272cdd534baacf8586fc08,0,68,73
23372,80b385058e8e78bde8a2a57ae37e45adb7634b6be2115eb5dd74b0a40d089d42,0,73,73
23376,9d388c4b8c48ce23c70e704de2f7e39b940e3f5a06d9f75eae99fb691bcf0580,0,14,14
23378,04b0faec9ff1aa7277f2d267a5d6fbeb1403df5ce4e5077b871a823c9da0b410,0,43,43
23410,683f39c3f15d19dc990eab86f4831bcc158e55771d2592e49a5fba4b2cfdbf0e,0,52,52
23414,d21b52c1440e122d7b62340f6a3afd0b1e24e97151bcf56e4492d7993064ef6d,0,73,73
23428,c21c93fa41478768a5c97f8f74de871ee422ba0bdf9a9fb9d07d192b84482164,0,73,73
23433,c62fc552fae3aef8d1b91512d250857f10110ace06fa0bc879da0bdb52c5b9ed,0,50,50
23435,8cbf3470521993d03de5b03a6fa26808a509aa01846e95abac046859586c63f2,0,0,0
23441,6b247a8b20e98ef9ae4d09068642ce00b2f66a18e427b3839be66b1717a8b120,0,73,73
23444,6baf4e456b36c11ae585db202616c995cc2dbb338641b08f99a51383845bb6d3,0,52,52
23453,a5232a1194241c87dc8e1c19e32e3741c6b84bbe242b17537c6e890a554aeacd,0,68,68
23463,1d806d2d893fb9f84d2a169da213d6cf00647759e8e412f15ad8083ef44d14af,0,7,7
23478,0f4cd5c2413d201ce0c7699b1418c4a641b52394529500eceeee85184df1289d,0,68,68
23482,c206dcc6ab0f4ad7eb65835a8a47fbb35dda30f38a5002359e79ab107af7a7fe,0,73,73
23488,2332a3a198987facee977766ab27518c2cc0d9f576b154c41310e2ad5f480a28,0,68,79
23524,9e20548a844715aca25d346a179cf1daadbdf9516a8e7c2f20f12f7f61a625f0,0,43,43
23529,1ed90cc3601ca729eef40126e2696b36ee3c644a2a30975a4d669be87e4a6d52,0,79,79
23531,cf0543b97ccf0348f7976686eb8fba84098ece201acd6f5383f3aabfcb5c4b4b,0,79,79
23534,4e11ef9f58b6356b99bc0f06728a260b63f8e39debb2a9572bb2e87fef22d070,0,73,73
23539,adf804d51b6643adce0a5fa66a7f69f3b262a6522ce671c103890f4cd1f6f7f8,0,79,79
23543,f5b8b810ccf92a4bb8b9a4f3c6d33817856b7d12bd9b3e4a379957dd716979d6,0,43,43
23544,e9e95efda7fdafdf6feee15293f6c6f45ccb3abccec769a1688517e1823582c8,0,5,5
23545,00a4016d8ebe4935075aadd3cd427b860b316180e00bc9bd4b7745cbf4e1a12e,0,68,68
23557,c333963ef29961077e4e11937a27f2cbf4be7361b548299c6a9039c18b2e1aa2,0,73,73
23560,abef75447b06d597d3bd42d125976d9a0c25c84087a55ab5e85161456bb6c3ca,0,73,73
23571,296bc6dfb4f5577a2894f7f66dfc40384dc19a118752869de722852ec0dc868a,0,79,79
23572,61ff93c9d84c278ff02505f169e1f5b707942e1bcc460365a9ea94781b30f7b5,0,68,68
23587,8b46ef2a3900530dc8251f479fb0b81e95826c99482871cd55c77b5b85dfe1e1,0,73,73
23596,08018e9d72e56fb12bbdcb5020f5234b5769118bbfccc1660e7a0f157c41edc1,0,14,14
23597,e0ad8ac63495d0368173748d9c9753c1fdff73ee00eecce5275cdce173c4bdd7,0,14,14
23598,e6afae83ffbb782f231b92875e8ef698af96bdc09ac6270317a528e47fbe3c16,0,73,73
23603,7a1946bf240ed79d8fd304c7afb73dcd9ca82522cd970046983ba1352203a8e9,0,73,73
23606,98390ff3622dc09ffd9b4807ebb744181a23ca382ea5dbc20205823f1177443b,0,73,73
23620,8556850079ee41a6b4aa8f9c45db0bcbf809d38ce059b346014070b4fc7640e3,0,73,73
23630,aaede2392f3dc4cf307e4aaa6eb967a241a129fd556bc70cded50ef858eb59ba,0,73,73
23637,9b0143f9c911017efdb0dd3cff243afd428932d7fe149eedae7dbf87c73479df,0,73,73
23642,7c4ee7b492337288367b8f93255ca7f1d94c05bab658f65cb1b64505027fbf9f,0,7,7
23662,3646a73991d826663ccc144dc4132cc21f622c3938ba3a0a1b57a9f2ae8d3b0d,0,79,79
23671,d614f725040265f84de4245223ee331b9412c8363484a040bf3c4c3c1180b220,0,82,82
23676,46918f04ce4b3be0918f4a7c6006c8c3436224ba8a6098c852ee359a66f3d773,0,73,73
23686,88d14cb3c160cb0e36f5a3b7e2eade6d3dbac1c4c7e8fb56a1e80a65793212ea,0,79,79
23687,07c202f9a2d0fab96bcad1a4a5ae289f279eed5f42272e995c2c323230f95b51,0,14,14
23694,055b821aad42f1790f44767e3d18b570275ccd9ae4b435fa81cb263ebd6617f3,0,23,23
23717,2f133b8dc82d61a618727a589f8cb63e120b3481cc2247a455cddad63cbb7741,0,43,43
23718,26bbeba9354d1e7e43d39df76fe066e60aa8175dfebbe0729c023672f17d04b6,0,40,68
23725,b515854996fe92b33fa19b8fa3c7d6b13ed72264bae5e4bcad179d7989006805,0,18,18
23728,bc3459b3b45d7760d95cdfa406b62af5d9dcb9897e7052e621fcccce9be7d8d0,0,18,18
23732,549c01734facc1f167f399c738dd3b2f313bfe908ec11e31ea4ece4895eb39bf,0,14,14
23737,e023c4fe385cc9aafc3aa3152d38a05e8aa15d9ae3aeb0bec6413c3ce7a2554c,0,9,9
23752,18efe018ed805b4103d006fe2dd5b563e7798216bd9e7657a0551c88cbb3f6aa,0,78,27
23755,96461e4c38655238a01be529aa8069bc11da0acc83426e4a91928071feaf832e,0,68,68
23758,fa81fb6580e35e28895aa7947002d999d48a6654fe19d2c005f5d82be782478b,0,68,68
23771,ec3c5a55dee13e224ed72f014a92f88c7c4c916fd30d49555e902e54c1c2cb3f,0,14,14
23794,6b6db51342e68df76351c7311e6298c0b89b70fe97c92a61d340fa14f0c06682,0,73,73
23799,cb4e1af297d45bd862b26fd9611bcd0bb4377814542783a146bc77a8563b9ef9,0,79,79
23813,36321f7da1f2f8db02c359f5e9ff5d9512836e46a9e16f4a886193e6f3a56a76,0,73,73
23822,4d1f75eb7db66d8dac03cfe7acb7c33f54c7b712111aa4154e31320a5f5c36c9,0,73,73
23823,914dbc98a1464be6ec10662ef7a3558b719ca0cf036764559f5aee5e97a4a847,0,79,68
23838,79bd7ad5f8a48482d1d521827e0b98fde7c171b0249be74b7489e7e9d7658fe3,0,68,68
23840,c2f10a18551c5435694e1915332ac65aba0cdc9bf1a882df4a4987737d4203d9,0,68,68
23853,54231da3c1337216a8048c930a8bb751f75c9a2a7bee8feba0592c9f7d7d5abe,0,37,37
23860,f5589959c2d59460a7c04de0cb1b1bc50f8c54407095debc5fe192d5fd42d46c,0,80,80
23873,ae97d76931e90cda32120e7c6f47358da069dc26510bbf524e1ea1844966b744,0,41,41
23878,602af648135f5a11741220b55a99ff8cc3fd1efc3c440f3781f2d592d5713995,0,68,68
23881,88589c48aceea35e040d04996874aa907616fa68534038ddc3042807ad1ce0d9,0,79,79
23882,c75c5bad76498291985425b1997fd8aaa3de1930743dea619f876c809f552ee4,0,79,68
23890,4d45b6c9e379e7f24900adc68740eb3e1ca70d1b3a193969647a99b6fab04b49,0,14,14
23895,22b928dbddaa3c56080404cc4e6ad273792818eb1ba65c6025f2ed9be95862bb,0,73,73
23897,d4caf1bc20a54cb2e5fd4e4d47fd16a479d113058df123d25042c89058dec3b4,0,73,73
23912,0c7f152c36a65bec494d60762e79827de1535eac9a9ee55d26f4ff282e3cfe10,0,79,79
23915,260b4f0f47e50e32be5938e9b90c70f84415a6461c9e7300b29e947066d151eb,0,43,43
23923,6a8aea7cb8e9455205ea5693e059473e4a71eefce9531633e09659aefa8bfd5c,0,79,79
23930,ba74e3506fc4bd35b8a2a78e8433bf74577956c281ee3dd8feaa9201228442e4,0,73,17
23937,701f48be9fd5660a83c2e054326684f23b107a525413093e271cbdca39ccee4f,0,68,68
23941,947639208412f5e8d7651936a3b8707fc3481ce444f792a1153328cfac2b94b7,0,68,68
23947,c1a2275f4d68b9c4591de0ae6912a03c854b50fb9bde80675495caa9e9e5141d,0,68,68
23954,09b306a7b8c1c41112ee6082e143ea9d08de3b075cc12e9ea1bee4f5ed40e090,0,79,79
23958,46402a3bbb52c2648ee213161c8b5dae5dfd50faf08d30d6910f76754d804e69,0,27,27
23959,521db6a613d6effc8e013f78e0fd7d533fe8c44c699a376d40eff8fc22099a91,0,43,43
23983,dbacf73724e739af16b39254cdbf581d277d161b2242b880d5d0625c3dfb2ffa,0,79,79
23987,d2daa41e7dc6d32a5ee4399c8b6bac2ed0e77921f52f07c435387b5beed575d5,0,14,14
23999,9a16348a4eead63209a661c6016ee04e91c4786ea205b6c69bdbfc9c35efce05,0,33,33
24003,36c856f8e13f97affb5097ef0417c256dac18fc0c7fa694979f7ab6e4c4e8f67,0,79,68
24007,271b0b919835cac25f75a04094aff33f097d24e4388fcd8b82b4804a5375a6df,0,73,73
24008,7e96e4991637e2ec5eed50d66c0c46a1d9e7619ba40131d3e83a90cdde8ae547,0,68,68
24013,936f4c8e2b685b6dbf35383ae8ec9e889e1e7629b84090e2a8bde6c9e057b977,0,73,73
24023,ef1ea17447f914ca4f979c1055b4e59094971ca87a1e1466d0168018919f6c03,0,68,68
24032,039a3b71b4201e6488673e55abf26592f16e5271d5c2785d0b00f8f5816c6a45,0,82,82
24043,2d189f24312d9b5550c4c7d7be502e16e17b54b255a0617120538ea3adc99f02,0,43,43
24055,0e12eff5aeb2a84692273e7776fecfb32517f3d8aae1275bcae6eec14cd4036e,0,79,79
24068,9850e0492848d4c58b709c56f56cc5009ce8d3dbd1759c3fba1510fc0733fc1d,0,73,73
24069,a776ea870b2a8174e734c3c9531505287636da6a2c32dbf507bae59fcc3cd29e,0,79,79
24077,62fb5261107d2e724ea9ad63c99f660c651c55d5fc3ad2bcc53281a2d4e2c511,0,68,78
24080,1e124cfd087499194d696181e45aeaca604e850b3ccf921c1e4cf9a75dbaa1c7,0,69,69
24083,66ca3051e9211d29d35708960b72fe83b43e18ab088efd73ee45241a98a001bd,0,0,0
24084,da3948d054392631d09d3b245b0305acacab8d8b5710039d4c672acec335f875,0,14,14
24096,0542b3ca552f35a640aaff525cc5fbe280ac8e193396de36a2a570308b00ed71,0,73,73
24104,a024737d9a49ed259a33f66649e73c5aeda0e254a27e075cbfa1ee4aac08a9d8,0,73,73
24109,2115594337a83ec8b836503b716c05d99db2a47505718f41a09f3942a365b491,0,73,17
24111,efb76da335eaf38ec26af3730a609cb471a8337869cafa7f8aa05ea5a76e6122,0,68,79
24118,c855ea0685292f2c4074349f4b4c5b6f7eb4cfc0176e6ccd7bc2f83536b89ffe,0,43,43
24119,65f7c2acffb23213f0f144f864345b1099007f51be563e10cf231aad7e514762,0,73,73
24133,42a93a215ae323228ed01e533058506f5207a8f2b163d1e5788e849aa0b24c0a,0,68,68
24134,05601805c69065cebde4b39d874885c02d1a88824240a29ec3ac52667b9765b4,0,79,79
24138,11ce641ef7bbeeb39f898bbc10cb4e46c1e4b2a0be996e47f89221019257aaaa,0,40,40
24142,8fe953ac9136574daa342eb89e4dfe6bbbac6e5dfe05a21af5e4cff7115e8b01,0,73,73
24145,b3de1b6bebe6298b9fbab66c39738802c852a3db731c0818ebfdc20a64eecc3f,0,73,73
24152,7aea3bf8385d68e3259c6b247c4cc7bea6fe371ca2b5173cd78b6c6c152c6a42,0,73,73
24157,837b3e61e63f1a7d945ea16376bad790dd2cac3eff1764251d2fe14e3cbaf8b8,0,43,43
24160,c39499a504294483b12f689957d158b41b3952ea3d236d37240e9655caa1d75c,0,14,14
24168,346f41c1a03762f697971536a0ef910520959c3ef6cc572307f78acead6e4338,0,80,80
24170,0b4cd7f4e1612677d2b7258860f27c6807532aa315945a94ce888732ff1fff5f,0,73,73
24177,ed17a196cb8d9cf56302d8652cd0ea44b0c26a53eb1a2f86ec7a5fde6cc30f21,0,82,82
24180,ba11f0e95d3b66838ae5b8055aee41e05a5a2d21d6d7a085ee28a5593bcbc643,0,73,73
24184,f3a5b6fc9da2b6e136f3dd361ebde94679af3461da8d5f9cae2bf17d1328fe4c,0,73,73
24186,a7e9ae8313a34a0e078a7b406e9d835435aa35b9834d0dbfb3d8ad5485041e4c,0,82,82
24193,e0b28dc09b41504fd6772000769e463157cebd48f17d9e1ce3a7678bde34e229,0,79,79
24199,c9ab75f1e0383924fb8c751e403905d1bd8eee1c6e4fc046838611c669b8f81b,0,14,14
24208,4f074f9e2a2ba80d99b03311835e941d765413b604bcf3bdef5239f83da93fc0,0,68,68
24221,31e349ca13515403d2fc2c30682412f97bafbae3a895d7f6cf0b122e25a9c3f4,0,73,73
24246,de41692bd7751f5c2a23cfcc0011c7a652f878efc8eec42607aeb1c7744148cb,0,73,73
24248,92551ee991838b44db36b1822a74dc7287fd3849d499388ba084dd7a4681f118,0,68,68
24253,36dfb5172c718040cfcc520bb780f682b8e9821356c1453fe2ccddc7d7004e2f,0,68,68
24256,31e3a83d70ca54c8baf6b78227010305891b7525b13de97a99b5e7897c354f3c,0,78,78
24259,fee1bb0d3167d6eab907d9812dcfcc9841b35451611d8663d31fbbceceda8a2f,0,73,73
24266,8c1496a87c07951fcb3b5191ffdedcf2395fec6cf95577397a8c3d78564cbe52,0,43,43
24268,e0c86e5a8aea0e3c0447399fec3302792f8b92d76a1f61188b204b1829bc0b1a,0,73,73
24282,108df37b9ba0ef308c63080a16b4ef00320968600d173ffe1e42989ce6ac9e38,0,83,83
24287,2ee7807f1e896d1c5d7d13a8af4639824d9ae6aa81bee801f5543e5783981386,0,73,73
24288,859effe02facf0a9f3de37a7fb17f395ee8fba6adac6c8807b3939f0c8d7e8e4,0,73,73
24293,9bff4580e4cdde2f154985a2c5f8e90c3c53d541362fd46208d4693ff1f8c873,0,68,68
24295,c0a6501e7af4339ec0aac6d920ee153881deff7f2a09e9d5b9d34dcf17c51d3e,0,69,69
24298,3696fdd14ecc3baecec060a5fae1668e69a949a5255666436a628674b9e8e901,0,73,73
24301,dd545c914d1e8306ae2b9de31992a2d3d058e1911e84bdb66b6ac057dc115cc6,0,73,73
24304,7240a659c1273509e358459b8f8cb76856d33c074cfff6dd543e2484b71cd833,0,6,6
24306,ecba842051e7e072dcee3071e912db2e4471137a3d4c3fccbdf65dc7afd96a4e,0,14,14
24327,381ec75fb6b60baad68c95be65579c78545d8cfda31368a281542e60ff155fee,0,69,69
24340,aab47e41a844f3ffc2cec74b99f8837146ae014b6329df79f370cf54a67474c6,0,73,73
24343,d46ebf4391c2808a017f998710815a97992b61841ffc96d82ce9127c036e4c57,0,68,68
24353,ed413f25d64ff9ba483bd01eeaa0e963d190d51ae40f119edeec27c7f93a1ce4,0,14,14
24355,c852deb0ca51da70baf19bc69b0b01cd2b9d1d2ce79d906fadf55b5674f7d1c6,0,79,79
24356,2d0fa24f2ca50cec1ef195aeb8d6b8fcd6f24fa0d6666acdbc19acb4141c51b8,0,68,68
24369,05e86f03533447e4e81c82bd8f35717e82148837df664226f902dca8a9d019db,0,27,27
24375,c3faf448197984eab611cb6ba09c03e5409fec3cb0938756a1130199322180ea,0,68,68
24383,e78b32082990fc0f0818f2b3e3a9b56dcca2c87942c7b2e46f6c7f2ae67773d5,0,68,68
24389,7bd9f33fbd6e1ce54266d1cc1601332548235c9c81389a2952ab97f2344af753,0,73,73
24391,d03dece91c1219d4eaa2b7cd1c168b40e1279342bc9d5b7c07b0673980bb82f0,0,69,69
24397,0a6dd62b966b07cfd6871ef3955dab0681d4ef409c6de0f6c17136708aa606a6,0,73,73
24402,6cf488e59641f4fabcbbc33f865f79a3e141183b82ad3cbd41273cb12b5ebd7e,0,14,14
24407,e16eaaee9ee90cef9d9f05aec0a4204d414ddb4f52aec7e808b22d0f31e94077,0,73,73
24412,6d634d9775f4731db401c887730368866cea1d578d1033f25e4038d92065cd77,0,79,79
24436,fc69c860279b5732f024d46945365279d9b002ec6956b339a6a19b9cd33db192,0,68,68
24447,47c9d45613af33a14a93e286f3ea0e9e8b91edee1669d55711509632e648832e,0,15,15
24450,913aa38f02af99beb3656b5b875e8318995574e2b99669f5ae67bdcc5f749a5d,0,9,9
24460,b7d8967ba00c17fda273f4822058a9101b93b8c4b4c339b93e95c0e6fc57aa95,0,78,68
24464,734bbd7f50e23eafbc487a5465e9f74af8d65f84fcc6bcded5b7d0ee2ec26bd9,0,27,27
24466,e70c9af7e4abd334428f871fa4acd58b5f7f57b18da51e6328c8e1d79354e72a,0,79,79
24471,de79de93dd17423e2137ee1b3087a608a71b14da4490daf41aed0e6136966653,0,18,18
24498,262d8906b74c14289de70af5eda420d1c6e9d734c253ccf051bb14fa53674011,0,78,78
24513,88061b31d5fa9322037954ebf51b21c5d14f8f75e26cdcc4c3f43be61fbc8bc5,0,68,68
24517,2ab56b38f7777786df6146a2f39a654d839c75daf05222eda9249e95ed904a01,0,73,73
24528,c7f25231162aae690138eb03e4b4ee7c7bd05eda788348de29f9e08e7dd486e7,0,83,83
24534,90a9a19e4063977e2de8b07a32602d4f30dc561ea9c56c199be4d04a0e53babd,0,68,68
24546,b775482e1f4b428c5e325885434b9c471658b864bc45703f4592f2b86039dfaa,0,68,68
24550,f9f7a72b7661b8305b9d68c06ceb36ca72e3a30dd9e4c78ee871b2c45cdb5899,0,73,73
24554,2ae291ef2f9118de7c03026328d0ca1a2be67a5dd39fe547a3d443488c94fd19,0,79,79
24557,0865a9ee6f7422e3d446da9f105cc8ed3a603e135b59b6123d4a8ddd4f82e92b,0,73,73
24562,b37624e2362fec1e3f93fcc93d881762a0ee074eecd7756cdf648cbf19e74155,0,73,73
24570,8676d91fc1a55a651cbe2f7edd3251b976d68deadf53004cc908ab1959796c24,0,18,18
24585,49fba29cd3fc10103a65eb77aad5ab0b3d24d2439c18f83827cc081e6de36c50,0,73,73
24588,0f5da524020141a0da442056481b869ff0eb2b7631a1c60ecf2724d68cfb5a4f,0,66,66
24601,3c98c769ebeacc67de085238c1ac92973be86da410879bcaf3dea33e4b505a01,0,73,73
24602,60f1ea720d5e04002eff5470c9757a12142a8856fd63ed86cd19a270db2c8b14,0,14,14
24605,3fbe28ac6715da703b5ad5be1c58d958d8c2dcdf5dbf4a56ed373cbab8718c55,0,73,73
24607,cd39b2b02177778c5a059bab1864e26d3934c9c2cad08f3cf39a800b5955be76,0,79,79
24621,2024cde8cc808b635471a9158f1e42cb516ba083ea584035edca3fa802f38fa1,0,73,73
24648,b7029130ef39c839ab0981dda5b919ca169f1316a99d4e5ae2f65f744a5e3883,0,5,5
24650,ae3094a10407bd2c583c0787af23da3dc8a856bfd8e674f91b41cf74711314cb,0,78,78
24652,3c617825c6edbd4c93590776191b484d4f26624321ff1913ebc653b0daa6e35b,0,34,34
24653,a1bdfd3dbb3ea758b114d8f4f875757746037654d57cae19177fcd892da280e3,0,68,68
24665,28a8017e0ae3f8f0fac55c090a3caece74b1fe65723ef68b4284a10e54ed7029,0,73,73
24671,1ccd21ba839cce2a1289acb8cc3b19c92a087357b769dd61c839cfd23bbe05ff,0,73,73
24687,79eadeac4b0401d9262a10741f76ea183d723c6bad2e1b565349ce0849e8966c,0,73,73
24689,8a205ad6ed9add492393f20527e949ee38e05c9c22fff45c506e337d5b86f5c5,0,79,79
24704,e304e5a6f5f038e0a1ee83f309fc372226c20965b69c41a9c6111c7aab139a55,0,73,73
24705,3ccffd072c143fd172d2ab101be7ec7053ce493c3d0ee4211ce368215333bd13,0,68,73
24707,bb846e006c724e665aa203265d08ae8224ee7dcc7a1ba96f36d1495df4ab3da2,0,9,9
24715,bf485ddf3a1fd9031131f05194a32042c1bde524d8cbe62d836e61b84a461d52,0,5,5
24723,cc47c8adf8aa371bf852388187be4313fe48c96ff5490f2f1c6e682317f23e21,0,5,5
24728,039d7ba44f5144a707061534939c776bd3b290f1bd20c4ddd2b0f794794dc34e,0,73,73
24734,a7cd3900350320a3041b064c5714d6ed371660df32760e304a698a1fa4eb0658,0,69,69
24743,5063cb74c7ed9f7df020a70faf74efa15a86f77269d5a11cd4eecdfd75d8efa5,0,24,24
24754,e2ef1a591ff97676f518649cdea3690b4143b3715c7189df09d1823f8f8ff128,0,57,57
24756,0ff7773c604973b35c049dccb9ea4d8792f67147b20d373121b66da99544abce,0,73,73
24760,7f6945d65053d2f2bcfb064cc86d5106391645de342193111d65fec1bf418340,0,68,68
24768,79ca7c0ba0da5dacf348813f2790bfe33b7b5d7d42da7597aba1461c0e5e0e0e,0,68,68
24777,a747f55d39d23ae7ddee784706c150e00cb261e8c18f4eab6d3c155f51878b63,0,79,79
24788,39fc8761adb11e8c6ea70442bfef50626e4a90cc917987a4dd5e217b33ad17f7,0,68,68
24790,616c9bf35234bcf7161c0330aee79d9e0b64c839c6b22a1c64e5af9b410be50b,0,79,79
24798,e9b1ac65e6c1e0690e4e9f5d341cd2fb0b5782fe554b8b8fee95030e3e0322e1,0,68,68
24804,7eba83ce129e62fb9a0d0bc1057d19a7e05dce20729047a2194a45499100b6e3,0,27,27
24808,6124d5208dcebb13834683d797fb0d9c2aac670ea8d65201ca726c0963e661a8,0,79,79
24809,415a9d131d8b3b8c9fd7e6e7546da58c337e276b23c22a1414eef4279d911b88,0,43,43
24810,f9a775b51674864f3168864734aa15d990180fe7150236aac5580cbfa7bee34f,0,68,68
24823,2d9bac752d420f773f64984ba0541b99afd546dff7e081912b7d5e8177fcd189,0,14,14
24825,1100332fb1c712a696448d79383a72c83b330852874722e98c1be7d8fb982806,0,43,43
24827,6371373f35ae1fd03de9ed64eb98f9d01dbd4a0b2886997b3352d264e3b147ec,0,73,73
24831,0780b0e49e4f2fbc9c6b5082fc0ded7d034a8fd3a512945873923b00c5227d22,0,78,9
24839,8c3b0a8562ccbb610c93a312653d342193617863963299ce4be89ed3419a2b6e,0,73,73
24842,cca8ec1ed06b3d22afb81c1362024114eb77a81f413f95609280c683ba48ee7f,0,59,59
24867,a0540e9a2cf21869005ec2c61c5950160d6874acb7658ece9775bf12d20e3f98,0,27,27
24882,4d5b8d6b3737e2e7648bbb10f147f00a4034492e617bf886c4697ebe8a538756,0,78,78
24885,e53cdeca9c7ae2f3571e803c1c1fd2ec1d8ec36cc83c31b2e257ad4a35841ff7,0,27,27
24886,1c90a1cdadc10d8f23c5837a02524fb5c02bc1a47039ead5725d90d3d47036a5,0,73,73
24891,cd55578b0085e7e65caf1b626f0a1205d0fb5c1c3269d0de9cc6575c149ccfcc,0,23,23
24894,030e8432753e449cf3918b07ed8d46795975ff21ecb871e23dc2d33f08f30195,0,68,68
24897,8834b72b502d7909ab83a728bfe1787371e9c9b0d59a6c71c34628fdd01a2c66,0,79,68
24900,beb264f55c52540d16e6e6812eee0d439b6da4713f27e49e48b17897230cfac7,0,78,78
24906,6e2c44ce38b5a3538ec48da94f7cbccbf0768ee99b70aede4c2f23494a0e2568,0,73,73
24910,90f75f5206c74c9eacb80053b6db3291d4ad8c2135b7553cb1f57171fedc3960,0,73,73
24912,a24589d3a4025a79cc4affe65aa034015706a3afdf4d9112685dc0bac6c53879,0,68,68
24919,38db189e18bf8008655cd190d8ada546f928cc73138189f69d5feb0fa3f38f28,0,14,14
24922,2aa7e0dab3f04c01eb90682fb389ce8bcd35df5ca43c4d8a7bbf0f23ce4b4081,0,68,68
24924,5f267f17a2d2056aaa32913792580d275b28a1f9489f7f22fe03b5b519eb2893,0,69,69
24930,64471a00625cb734f5141cfcd56732e431da8e6aa59f65033a518f7ca38ef9af,0,73,73
24958,7f5b74867c3b4468187a4049741eeefdc4ad384774862bdb3063124d6ed01a91,0,79,79
24972,8a12050e54e3f81e6aa366f82fe93009b1e546ae30743c4759ef2ed46c7c1234,0,14,14
24974,911841d14db482b88474e19570992dea8abf59479db53d61932d8d08eb447125,0,14,14
24979,58524d2ace037b038d6cbf539881fb0407ba3af8948a5ea25678ffdf45cec1c8,0,69,69
24982,9fae90124eaef0154297bf5a3cfebf0aa90ccdd2671f36b06073d3cdac921fb6,0,68,68
24989,dd74eb43a0c8442f203e3d8c07d8e53f23b26f9626ef3838dd3423342f69e896,0,73,73
24990,2b880a72eb37a3ca6e969ef0c35dc237eb170abaca9dc9129f9041f353ff94c0,0,78,78
24995,45eb866a0b42dd02f3dd559141870b8f121faf667dfbdaed129365eb3b7348d7,0,79,79
25001,24541ccb8c743541efb9e0f9049e1d1a228cacf5d29080baf40349d0b647ed25,0,14,14
25004,603a8f195d56dbca4333de650d88292924eb6df99459946318483baa245ecce0,0,68,68
25005,ead0df183d3bbad80945a52ba4f17829902d505aacb5d6791ffd1d696537ed88,0,68,68
25006,4eaf63bd2b377af62fdc037c6fa302ad429fbed3ad570b3158f663ad43bf679a,0,73,73
25007,63c2c85a2a37cec036d3ef9d27a94abd0cd8308560adef5a1dded9097bb505e6,0,68,68
25008,3952a3edcd1b0fe3f2bef1f73b26910f7a792fa7f9a2f7893d54dec34c4c5acd,0,73,73
25020,dfa2d7a41dc40e8daf59fe1629c229cddea52befc98e38ad406fa648239c443d,0,79,79
25023,5d05548b5cf480a4d099ec71a7ca04afa986f2c9be30d39d2a8d22ac6d235d0e,0,73,73
25030,6f7b68ecaeab9403036233b22e1897f2085a211a6e149cac0650003005e8fa2a,0,68,68
25037,239aee085cd59decc2f474939a12f3a7c1f2055e74451fda86cf2d6643d1ca1f,0,79,79
25045,1958ab94d6902913bcc78d6ee3e96eb2f2f898ce36cd669cb3dc64df275f7fff,0,73,73
25048,5300cc16d0ddcad4c8b1ffa3f42bef92642626d18cb342cf6e5e504112cd3235,0,78,78
25049,b732224c7646e14304ab89c1d1b7f2a5a4f4a3220950fd66edc35d31cd7c2d64,0,73,73
25053,b6ee24b6ac5dae3b9a49f8bf7ef220d077805e277a3147c75b6645c7a3fa7538,0,68,68
25055,4d7b9f65f13875630628df231254715ef91f2ba889ed9f84a28c292477c289b9,0,78,78
25056,d182e2faaa9bb8da5086ac41dece0d31d8f43fb1680d6240d4cf50e1cc1e7c1a,0,69,69
25057,7dc685306ae62b4b2721810aa3aafafb9a034fff91e344ea9a1497ba729dbdb0,0,73,73
25064,2bbba295d6c69c4946e1142572ad76af5a3bc0ff6eeb25a5431ac169bd530b3f,0,27,27
25066,ee652ee14bd8690db3286f66ad6e2630635a108ffddafb44e6ace3a16020f981,0,68,68
25069,f895fb418bb8973812e79006016b58b9211c714a541d4f7bc8d4dba0db800fa5,0,14,14
25078,238ce7ddd6bbec1f057055d70f6de8faa9693852014f2b81c19c3b696feb5d49,0,20,20
25079,34af843978f0593dd847fc693d3232abb8725cc969e17db165f336abd40461e3,0,78,78
25083,3bb4ed31509516544a68af1a202cd4169dffe213ee6cde30e95c92b2cd9e09f3,0,79,68
25085,eb209d422d6e1d7ef1a4454c4b272ce7ba1f8d8f8a1cf66642b67a51f404a91e,0,73,73
25086,9cea5c33088a53b8f91306451efc5ccf5b4f0718ba1f409d8eb4adc13a6efdbb,0,45,45
25087,8016c6b15d5e5c32634053e32ef0d2167e7108769c4018a3a29264e746b6ea4a,0,73,73
25094,eb6c2c3afb9a0b5a20b0288edb9744045dc8db8cd5bde28c85954714dce5fd8e,0,68,68
25098,2e6e7d080745dc21ff8917dba8bf4752f0e334aaa962913fdf889845dc73622d,0,79,79
25100,06813197f47a737c101aa076c855bc22d0aeb4623a8c53cbc3df1be8d87c1d7f,0,27,27
25103,bebc577375e617e8557a6bf189ea45788dd621d0412379e2282128f695f980f6,0,27,27
25105,18a058921a0aa0efbdc2697f62c9b9b5874bf033810c29e4b7f8cf155f11fc51,0,82,82
25109,4e483317b03ea66230cb953a1579cf929dfc883f1a6e2060fc5d2590f99277ae,0,27,27
25126,acd47fe6178da9eb040bcd22848cc5a329a3e40217e59f9cda67ae5f3f8d3ec4,0,14,14
25139,382dbe545382bcba0c10b22289c9af0ff02f7b9f8e1c1c73c6b7f36a5f62256b,0,78,68
25147,be417eb2e22bebb21ba0abd6bfa4a769489cfa0532fe2d35cf504f7b877d1452,0,73,73
25148,32ca2d014b104001e15378b8469b0b1208677e0ff278dc68467fb3f60672120c,0,7,7
25172,66f17ef5f95f004b5ed36bf03de70db9764fc6163a3fc120641bc131ade97711,0,68,68
25174,5f7b07583dfc9eca31b4bdd946ad3d7301fbc73f32aa05358d36b0ce5dfbf011,0,27,27
25177,88ce9d4889cfaf62358f0772cc696b8da87d84239c82af1efb122fadf1ceb33f,0,73,73
25182,dc34e891006d75191541b6e43b5508d7b20a9d55e28f22894a914cb1a7c8682b,0,79,79
25194,48c918a9e5a89ffff464cb5d995b3becf08ed16251367bc7a32642c9b10beb9f,0,73,73
25195,0120b97d09a4e4a999a314cf97c833cf122abfca51014a10dd3f59cbc510b1a0,0,73,73
25201,7bee4d89b40f653b517899ba63f5d98c3574bd4f5f351effed7cddb62475584b,0,73,73
25204,0a71157a1e2b982835e146014f5eef874af819de2882ee585b6825d2aabfa96c,0,73,73
25209,c899d6511f5716a8df28dbd9bec690050b824028398a7150eda26af3daf3a56a,0,73,73
25213,1393397516ceab649509404ff9b13b8be5839c1979a3b1d5f94ee1d8136574bc,0,68,68
25214,2646db429bfbae7f5b21076b9158fea667b6f789b7c9966ae2e66b10cb7c0e17,0,68,68
25227,e7c4287aabf33cbab2512e2f0ca83492d043ac69692c801fc345cd33a344414a,0,73,73
25229,bc00bb34f04a2e61bbc045c4adc7d7bde44914be4c7a8acbce9c8601465da88e,0,79,79
25235,0615f2e64ee8c9f8c13faa25f30fb04cecfaea1609c6ec4212d26acf86e19436,0,82,73
25237,67f51efea1103595650fa07eddbada672cfa6ac3134eeb01f520905a330b0d2a,0,73,73
25239,b4065dd3e48137996a97f7449601f013394455a41226ca190818071b0011f923,0,24,24
25251,605aecf069419924f838a9c97c8170fb2a24a08aa34d8d51044149cd1c512584,0,78,78
25252,4db3ac4dc7e8977edd46d236d6ddaf1036766ca98faaf5de885b99453b9dbd32,0,79,79
25262,87aa091bdd9b6dfcb7c5f755d83f0411400e73a25718b80f040a3590e81b93f0,0,73,73
25263,b620ea17dea5b54ab709760d299d2138ff9c7501f222162c77ff7674964485f6,0,73,73
25269,70cc93ae8eed0fa0e9674712febb6a8a0fdae866e95e655de321e621242b6ca1,0,41,41
25280,a11c983c0399b50b703d196335fa1ed476f655ef9be52ddd5b716ff061782b64,0,73,73
25287,327ba25ae346ecf3c870c8e525556f326ce12d8baedc71296a5b1d426a523567,0,40,40
25295,02a7da8509f714489dbcc28f86d249d665284e9969f91a28fb585f37b41a303b,0,79,79
25305,6c619048176ee0d88950f67a57fa7ace5f2b0efa4bd629aa8ea84265e445a36e,0,79,73
25307,cd1e87f6b2eec422b28ad98590618b3701dcfea576bf393d40375c81ae3b1271,0,73,73
25308,1a547dc32344836f3b8a7518a1f82a0bd65f46fa790796c99605d32718633328,0,79,79
25311,9c7ebd0927b9e02dae369f1bdd23bccf1b19d6c12071477c6da5aded9b0cb0ee,0,43,43
25312,46c334f5169ab17345c456300742b6e9ee39ff400bf2b57719d9233740ca2ebb,0,14,14
25313,6c8bb915c539f0fc8243d7d96ac1301ba30f24b7bb0624914398f6b73ea33f20,0,73,73
25315,207ec1265dcab2e771b8b14bb82c8b7b7efc1c82cc67b89fd332458155e087b6,0,79,68
25318,80da59897fd42dbf0ec898588159df5b7e242ee8cbd11811565f3f71913b8bd6,0,68,68
25329,10bbd99607a8b38806c96ba28476906b2d0a5b78fc4127c1a6434265fb2f5013,0,73,73
25331,9123837d15a41bdb180de7239a5df2544232b7253e6367c00e5376e4b15b56be,0,82,82
25337,6a39d9e292a4437ae8ed116cf444c2daa4ab39220a6d3c06207354bcdab1e1f0,0,73,73
25341,7b363e846eb06df91f1666cd5c2356081f73f0b2571bb9538d1d0f19ce036671,0,43,43
25349,c2603045ff6e27b16468515482d34a2f20477539dbe84723acd5e12d319a27e7,0,27,27
25379,cdc20601515353624437076d12624c4d9a968e076e330c92f64e489059c12872,0,73,73
25385,15ecf2ae7e3965c2f324945af5c43d3f0cbe5ff172bcaeac1af1df567978e196,0,68,68
25388,88177b63e45b211c816e1b007ab21425418dd38c130790d85749d68f4843c5a6,0,41,41
25391,166f35d2e7687f4cd280ec8f4f83bd3f62c833f15ab74608ab704036d3f5e7d0,0,73,73
25412,a1b88e8785f1c302f9bf463dff69ddac2c06be7317afa2005ac5beb2be0362ad,0,82,82
25422,a374f46c798489de8f86bf3ea12eacfcc452860b8ffb473d91b0d5713319cd2d,0,43,43
25428,1fad8a1c0a73cb0e25a78b11f6891376e909e6777a2f49bbe1e2c9619e62e3df,0,43,43
25452,a917c346072876bd7702fcdf3d369b051d1e47067d3ae5cf8e6a122408544f66,0,73,73
25455,3f7214e761a9d839279da41e6267a69d368c3c7e57c2790efba4c74527583d06,0,73,73
25462,7ee245475ae5427d849304c3215be1a4ad3d26a2e5db689181aa72ceea8bb80b,0,27,27
25467,ec4a60fc4f09724125bc39b9bd284203203f80f51127ca2a99fcd0339e81efaa,0,43,43
25474,8470cbe394caa4f10233426a419590230934830cd27823767a9c2cdf42f9a9ad,0,43,43
25475,9c84d6334ef8fc1a108f9387197f729167589947914c964e8626c11471098808,0,14,14
25477,db7801be4386ae7d645c3daa8ede13bc89ccbeff9b0c67a5ed334f02368ec19f,0,73,73
25478,b5a831511e69d5c41d9978f9f12831098c0ca51bc563d8e106ecfefb7c4d71b7,0,68,68
25483,6f94fd0b2badc06c17e6d057e2c38670369d7a0ef592874a2ea78c3dc92fa9c1,0,20,20
25485,4d51c4da0d66db1d91a7738cc15fb16d277680f02f634dbb14c73f85726c160e,0,73,73
25503,4ebb785bdd889b3f310f03f1c92d1f17219396387a1713ef19ddaf4e5b93f3b1,0,79,79
25508,9b3d5ad6a1628999d3768a3a0050318af289f9e287ec7b0321eb4ec8b7b26f4c,0,78,78
25517,13cb50e502ec90d3865511146fabc8888f77e91c67001fd3c532708936e43c9c,0,68,68
25530,f59db38fe0105b94c33c148d507c983a0e86b9454055f0e5bb7cdb8befcb802e,0,78,78
25534,da4f09a8b9d88778dfc01f52d3871e7468a0a272139476d9c3d0823cbcb95e24,0,47,47
25535,f6a8dcf600ad7022e3033f1dc08d3aa7bc874c10fe80f97de1d731e88e9423d9,0,78,78
25536,f801c90b735d7c9ec3cf2aec971f82a4d824285bc5c2486610726ba9ed427cde,0,43,43
25537,086edbe9b0ebc0f83d1bef65434fee572d430777fafff1ab273476f3f6fbed6e,0,61,61
25539,7f4473fc861809b1c960a3e6983d082195cfa3580f0df9ceb4963f0778793319,0,14,14
25543,75e8bacca34feedc4bf0c1dbcbc8b2c66c3a9bc7dbf465f53bfcff570f0ca50e,0,33,33
25557,a93e6bb4524d793c55edd097b2f1a1fad0d4dfb0e09bf7653703511037a4b2bd,0,69,69
25559,bc6d4f36a8d6d03f834b1f4b6a6813a5109ed28b8c4964c656161a0c7c6d5278,0,13,13
25563,80513ae6c442ba8784e8d7026299023c3b6fb76374d14d9f722f1823ffd2fb85,0,69,69
25573,e0d343b9bcd7c88a9b18043a3a7bac28ebb11aa4d1ebf922c8e1ed3999f24b81,0,73,73
25576,cb08745233dd56852a058d02dc8b1991e0bb16d16b8c40512e1c4c4441cb04be,0,43,43
25581,e31891a84d51f0e5011dd540e49503a15d340ebba71c984a6adfb3567a20836d,0,79,79
25584,f20c05bb63710c76c245bc137d1b5590fbfb571521a4ad4793c6122440999470,0,43,43
25588,ed32180d2b6f6107adfc0a004e696f3b6f85256f5c6a6cba65e99d95936c2778,0,14,14
25598,9a401b0f25bc73868c29249f522bc81729736a2ca8ec1135fcc9be42fc994da7,0,27,27
25600,3841809b3401444c083543552f482c4925fed8c0557780a7e4c892573faea81a,0,73,73
25604,47f96431fd40b1ea45cb4ceb21b6c9aded626b2ff97a7d33a03fd64652cc5c19,0,79,79
25607,65a7f304d6ac8ba92f25b657b698ac148253b0c62601543d007a372bc16be7b3,0,82,82
25609,abffdcc3d425d14d38483ac8ce0e8c11757d9d0aece20a4ed6b5085b7ab837df,0,73,73
25612,7463874f592ca31c2b4e9cfe85d443ac606a74ce69d9ca7e7ed03725fee93ffe,0,37,37
25616,d3603e93ff57bdcb28b4e850542fa1729ef90d69078475b63e78e326e0b25b82,0,79,79
25617,08c4b2379619c501a405ba2df905f902016bb6a387dc73402531c3a4fd71e36e,0,79,79
25619,9f0814541fd1f511c4b6f277a58b853e1827b59f674349e45c5ab6ce218ba148,0,79,79
25626,19b583e3e331a4c8e5522b9c63f7b281615327be40cb3e634ee166ef5f5d1719,0,73,73
25637,e7108b84661e1f9d4663ec62bfafe11f3d482026748e45165db821e19e8f4b37,0,68,68
25640,ce1e70534ed04429dcb7d68035ac8b3aa102da088c84e12ca2b5d83911c041ec,0,73,73
25643,1b6b202da5338680fb5f0a572a073d68095c2ad526a17cedf8d9893ac23c987d,0,73,73
25670,9e31791adcb5e76c13eca69b1004406a64f5ef9d069b0897e843190e1f360447,0,79,79
25677,1ad960aa2d363eb89682e91a774f673a0c95621da097f0010bade1f02a62593e,0,68,68
25683,a14c9cb7765dbccb14325b49baa57b250f35d5fd14b075422454647b6091dd63,0,73,73
25697,59c0a46ff6626eef2ca903b4c63d832415e602a432b777f05cceb908fad7af40,0,73,73
25701,d7d8f2333d81e3961a904e946599573377afec4ed11579f12e381480a297f7aa,0,68,68
25703,11f9d13644528f5b1678b26b787cae36f8bbb4445a742f7c12b3fa3069b4b680,0,73,73
25729,8facf5c94f571ff81686a89a83a75bee93ee3a733f9bf68cf90ae38279731594,0,68,68
25733,baf0b641f0eee2d2c83e1e6e03b6f4a96ad02e2be9c0d871cac7db9f12665e87,0,73,73
25734,148a0ede441a2ef26722f7f062a1273543f6e42e46f40a1a79f4dded54b24e83,0,73,73
25742,c0dbb6406941e38955bd82231d196d4f62beb5c32f62273681f80a23556450d9,0,79,79
25745,d0bc16bb937806917fe99d1a34b9960a03d1abbf0136d8bb49033da6b4f7b66c,0,79,79
25746,0997c960c40e0d67f50e887602b4c321d49e8c6e8169d301005fd8cc569c01d2,0,14,14
25748,b2fdb6e1e5b1f08054bd4e27ef26bc570e1f074868375c2723a8cd3076a72b6e,0,73,73
25751,e3a52ad4b338203696f22ee64f56c4874dd315b916d3cd9ee75d9a6fa08970f7,0,78,78
25752,2bce2894c6dc34426ada43df2f42211804ca7696ca09cfaacfa56a78cefa641e,0,43,43
25761,09d3124ec04be8f670574913dd6169b5d4098532c7b026e44f759acfc606fb91,0,79,79
25763,56d4f46b4cfc949a48cd124e73a4bf68320d0b4b21b895e51b60873cd1dd3d3e,0,68,68
25770,1c9ca3a1b546da7dae7aa5af6a89132ec5d58becb1c46aca9a8d9578926499ee,0,68,68
25780,75a6f3c04fbf4c16de45133d06ce2bc9370d5a371a40fa6e1670adcfe356e500,0,68,68
25793,af8446cf8b22e0e09fbd41488453391205feceeb99acd34b95807743dda33928,0,73,73
25802,95aa0345065cf2ac287053dc4f6dd97204c243e9f4813e39827707bcae30cc72,0,73,73
25805,bbb1befb408a7b938f398fa036309dd66eb19998de46b9410496daa298825c2b,0,27,27
25808,40018c2ef80bab73750f2a65e1c1a7cf6e7f4cb2ab008046f4c0c4fdbc8d97b0,0,73,73
25811,6a31f39a31e0763019e3d6abcc0d89d75ebadf1cbd2d88579643f8f9fbd0e571,0,69,69
25819,8761395ba50c3b29b327f9f7aa7fb37d2acc9f607337ceaa3d20421a687fbd39,0,27,27
25831,f4de54c1606b8dfaa575687e4b50a52aec2e06c8e4010f8379a798248ab6c8ea,0,27,27
25833,803c99594a53c31a65af589746c597720d033465b049c6e371f7e517b2329079,0,27,27
25834,3a9eaebab8a54694e7ec6b523a157cba67f640066b1b319f44d4f986435b52bc,0,69,69
25835,532917b2c4d6b3a0ed5f8b8950b01c04b1e4e5ee3a980cd5a7a31869cbad49cc,0,69,69
25858,f80fc3657748dcc35e7dba678b07b4062a6363aa7361272088025c35061d4c65,0,57,57
25869,95cca9bae042498a99ed9ecf02d6bae05237a764b021fee13bb16ffaccf34e6e,0,79,79
25892,ab409bab219214eb7cb7880a5f5c517079709d7383a69bea94e50b655ddf475c,0,27,27
25897,9fac52c200e0cbbd085c4fcec0c278d4dd3e3204e8f6844ca96d87dd28576e37,0,14,14
25903,e528f4aea17888728fe61a59f0ef2b14ff2c2a9dec93e2dee663c6a64afa176b,0,73,73
25909,bf4ed6934c74524ffd7300490476cd0c2f23c31b4103953f9da19e0bb3800301,0,73,73
25913,6f5d64af17924bc51ebe64bde087b37b023b967f6e9c7b277883c37171b0b85c,0,79,79
25920,527f63f2099b9f3c75801cf6738df338f09114af1c7ecb837f96ec7bb0428130,0,73,73
25929,58b40cb30a6caac735dab0edc044ff6274f1f8ea1fa877ecea7c63022d09e0f5,0,14,14
25937,5412617fc5fc310bd9adae19524de6e0fdd11719654379b2976446ca0cb57f2a,0,68,68
25944,e61509f2fe3654a5b4dc69aa5e466537bb7fb3f78b2620a66dd5e1912e266448,0,74,74
25948,378e5a52925ef2e886d1b2d91137a3bbcbf3cf058e764d1cd6d2e048010ffc79,0,82,82
25954,03f37e337204d29914fe4c45255d0857624a8dbd74f9517028e6ee776609c1ee,0,68,68
25956,ecbd0e474125c9b76339416bf45de414f3decdaa897250fa506c5e77d643538c,0,14,5
25966,d1870ad40f3a9c6843b4f651321a8c5298da53ec97cd1cfde6e840f3f41c4db6,0,73,73
25988,35ca6f85b5916a0ee2f5fbba59e0eb8dcab2235ffaf2787d7e8021cb020ae51e,0,79,79
25998,085ee0034c0208c242505e0b26828421b335158f06e9bb9f7230138cd9da35c3,0,43,43
26003,8eace9a3a1e0cd3b20bb9169714f394eec3337467867b481dc260218ee63a2e1,0,79,14
26012,afa39bea053d260ed1a9e863639db52184cb9282cd6e58b992ef223fe1397482,0,73,73
26025,67320eb57e7132866da2e6841d17a71fef1feaf88da7bf8006ad480f2ac6204f,0,18,18
26040,8cfd829c1951df8ad9fa72f17c14e4d76fae80e9b1da1635961f674f28cc7a49,0,7,7
26061,f4835028f06e583ab76b2311bda697236ee1a7fca650013618a098974905ce5f,0,73,73
26067,6743e41540be8f09374a81e42f6b0504e922baafc0a052d460deaf455debf71e,0,56,56
26072,38bb2f3baac55ca875904220551632ddc7126825212b378fe9d14fe888be3d24,0,52,52
26073,ba9c54e816e70cf4c227ab0b3b35a83f386734b8ab7ca1fcfbc2a660f9f2a08a,0,19,19
26075,1f5bc29293ca34830546c0d3a03db3b63a62e766992c8a670064ad2ee2bbeeeb,0,68,73
26078,e7febea4a109375974fdfda7360e070801afdcac9d2dc012f02c914cab0361eb,0,79,79
26090,fc83e1bcf6d19776f7ea503076272b97e5645e6f2c744830a4a9ad06cf390c1d,0,27,27
26092,09e1fe066cd2f2b7c3a33de578c456747f7d9732e53ff74b948795a80d2f6994,0,5,5
26103,f3450f24e7912861410e842d969caffad62cda535342ee6fb52159f3a1c658ae,0,27,27
26118,a19145b137875a7160b7b88c496230f73fb345abb7a29941477fc6404758b91c,0,68,68
26119,7838b1c7433b9f791909c0b22b9fabd36f63cc5ed97d13b9b079e94d86835c57,0,68,68
26126,5c3a9d1bcdff0d65d767e8ebd7727c66309ef34e5149400dcf2c38269b02f80d,0,73,73
26131,8994eba85b20c595af1e4a8827856dc9682e05d73e48e00f7d28cd9607bfa5c9,0,27,27
26137,210966c42731b4a99af305c721681b7eac88fbc1a7b44d0d6e35cbf669706b6e,0,68,68
26141,782356160cbf23bfd5317748868057c4306e128dc83fb8d82997032db97772b8,0,68,68
26146,e610e1bcfbcc63931429f8fa9ac43e0436612b1bace0fff4a416f7076887852f,0,79,79
26155,9c1ec0c03ccfde0bb91ce1eaa11f90e181bb85a48beabe67ab9eefa9cafea02a,0,73,73
26157,ffe41eaf12379aabcc3f5d730d24fa07879803cdd83d0614acb73f65adb6c3ca,0,6,6
26170,5c34d3a3e2831a8ae3f493ea473a82339e56d4e06f1ca3be2b0a4a6495a325a9,0,79,79
26172,9651391d8c14a9697a195a66cc36121b8c1413fad48f332424c7cabe73ad2fbc,0,73,73
26173,4d15dbf8919f7f1567ac1096b1fb475c840a0031517368b343ed623f27830179,0,14,14
26174,05054346527609b111504ae83a44c8438b327d78b22bc74506fbf4b1cde33ce3,0,73,73
26180,d57f18934098976e54da7dcef2d54a8103992c766042968b348a16920ed150e5,0,73,73
26182,9776f9938a92f6814962b6f50d8123e2a460c4b3176b055ed218f540604cc20b,0,14,14
26195,c4a954663f71014641be546dedc1fca697ecf7f18c81341535fd8f5faff41f6d,0,73,73
26196,9ac684d1fe8fa3dd56f26d593d2ca8585c317f89a33b24138e3cd7843fc43d6f,0,73,73
26198,2ea8ac92b857a5d297824f3b81445a5a5e7944e9368647f8d17c14702c7437b9,0,73,73
26199,1d32f1a89215b6f59601bfb44a29a6240df3298f1beb538191a523014b7e5669,0,73,73
26207,42dc0808240af333fc8d8fcf9b41b94a0956be03b50cd1ef1e6b1617d523fd04,0,78,69
26211,3537f2429264f4abcd2804c10039ac28f3b56cd9afda50faf9318f6af6e045d7,0,9,9
26212,3ac183eaa11a847d1a0bb8acb6ed9cb6cae8bbe8d2352c3a6d7b9bf28b8d86d8,0,79,68
26237,af9443b11d3982670142d59a4c459af895bd04ac4cfdeadc981f81feb0db7bd1,0,38,38
26257,d4871653aa8d41587b3aad4928ca392d202867867c28cc81ab8ef575803f220a,0,5,5
26268,28a69dd507d6dbfe71f09f6b2f61dbf0f4798345dff4d8020f5dc5dfe4d414e4,0,7,7
26270,dc365b54c2a5ce34514a80d91880fa6fda3140182706a5eee9bc2e79d83f5bb3,0,73,43
26272,c20a5ca44200e401cd05032989f4cda11a3066fb40543924dd0ff70f72813fdc,0,73,73
26276,f284cac9a7dc7f2fa9d9b72f511f67a3bbeef20ee2dd457e3cdc8c1d0523e403,0,40,40
26279,5173870a8fb8d15522127ce31d14bacf39ab651e90e490f83811a4a4217aa684,0,26,26
26280,ad33be9793c7f0420a10acf88636a884742ed45a28f6af0744d609de013989de,0,82,82
26282,1d9ff6f8a042799a72fe9aaceeed7b186e2a466b1ae9396e34f203cdffb49e89,0,78,78
26300,0a2d58900cc1a0b60bba83227a39409b34ab8ff6764deee1f0ee3ed500387aca,0,68,68
26304,b32a29703ed7d8b8c1cd72bfd808b3e5e1f77f27be2c9e8f8a88b740c9cb43df,0,73,73
26305,6eeda636373394ff970b2dec0f237c9f6c07f0bd09cfc9ea1346600db1276cc8,0,27,27
26306,523b36e3588a5d1d02a01fa6c08f8ae67f6185f116b17f8d6089510fabb6e669,0,41,41
26312,abb5bac51a9d114b2eeb8fa96291ee20daa45e9b2ff083d559b1dcd1645bde80,0,69,69
26313,d553d45a91281889d27bb5f97a9bc5c54caec2fdc07911f7f340ad0490a929fb,0,5,5
26320,d7aead0348b24f823374a44f15688e1caa18612b2541b4f39abc25673c7c223e,0,11,11
26326,dc4f5ae25e76ab414b8687d917baf900f4b13b19a22ff30c946141eca0b1ebcb,0,79,68
26328,bf2610bca4928fb0519fed4fdd60717fd5d294ce4f886c44d60f18d44ab4dea4,0,14,14
26333,5d071cb9db244ffb8ef6563b90a227db43fd8f72c995e6f395d56e75e6aea890,0,78,78
26338,3f7f5397a34efd2626c37479dd725c0551fc6053bde0aadda31c11e2db5de4d0,0,73,73
26343,cc6292a4532e22f212961cb517762487737be2fdeeb6d34a7474dc068afbfc45,0,73,73
26351,7b8095f077f223e33fe531355543b8e94b966b3f00a5626acf62320682b22ac0,0,73,73
26354,9fd8072988d0b2fda26f3b057052e5810b57090c20ae3e39138dd248876df8c7,0,73,73
26356,501ee2872e12b33e0793d9cf493dcf2a34e87550e7fc21b404a28bde3eb501fb,0,4,4
26358,dbe99e76aa30c8d2d5fe92a5fb636184ebcbaf67a76dd4b7a3af0ca1a9b2fd68,0,82,82
26374,0a7161fb1cc198b76bc374b29bfba337124fd06a323908aded1bb9ea462bef16,0,11,11
26375,7c46f1378efe0ee5e5759dfb3419d203537e630e532c3a2558c2611c0a122d57,0,73,73
26380,00ec5eed64f013f326b50dac80960374baa27f36b3934edf85e64276b850d2b3,0,6,6
26381,0aa9b72e9ccc9b93d2abcf18ad638cba3930e1c4cb24fe4e9823643e050b9e56,0,57,57
26388,d6aa80ae464fce2c1baffd5f65832576172125c868185b97dcadc339897aef28,0,73,73
26400,505e3c88b8727b9329a8a7d31568dca5be69fedfa96241937048135a69776ef2,0,79,79
26405,81062db82a26dbd91e6ba064e38c84cd9d6380e7d4c7883ff250ed6f149dbc5b,0,68,68
26411,57e6bc23de00540fc102633dada221f223192ca53667efc60e27a72b7117ebad,0,57,57
26417,d07e92449490a2d4e8799ecec7f2d54425410d2dcfb1661e1852969b83627c7e,0,82,82
26425,3c0ce76ab9ad8dbb47404b3f5c49f5e0c9423aec855ea13d220cf4203e28decd,0,79,79
26429,d82c5e00e07d09986ab8d99f2b6d96b4bbed74a29eb1f631b8e9825f0f554eeb,0,45,45
26431,4f1583dbecd03c5f1e4235035865a5f5e2b30e0b761ab35398f443a69e538aef,0,73,73
26439,9fa9e91198e83643f17e3f7956d4f5230c504b37b931b2fd0116a59a0e307a0e,0,79,79
26440,fc3099dde1c4c60771d6754cdbdb393334f7cc717dcfb4153c8eaaabb6f195e1,0,79,79
26445,f6fe5f3a84698e760088ba0122e3b9fe45d66de7a161b9e5ca925572ab0f383e,0,73,73
26446,2370c17e86b018b0fe0074cfe6d7e88877db5f55510d175ac79cc8ece69e1001,0,11,11
26448,47c692dab5b6bb69f12a7d36cb46d23194ea79916e3f2e6759cb6de8c4adbdbe,0,82,82
26452,a7f24c42b08854f576a3083d0da3595e81738ff39224e751c0c09500cc4b9983,0,73,73
26455,e34a4f9771eab84ac2210c0154a79d0ac955855b1efca978e23e512cf254b622,0,79,68
26462,9e1b9d73d51492e77bfb2fb964494f5d4fe91561ebcf5afc636782da1027e34b,0,68,68
26464,b5821d66071ee78b24e1222d8d41d7cc64bf7ec7909e1e1143a6cf7ba6797156,0,79,79
26465,7646f7cbaff2192b04044196921db80483b4c86303f6bf64f3c3e69ccaa4de37,0,27,27
26484,69fce44b449d584f9078b703bc011a6e3e51fe431bb9fde945284fcb04acc0f9,0,73,28
26487,1be7db5b7f7ac66cb65eb78d19dddf05439a0d18b30636abaaa2048d804394d8,0,68,68
26495,8db829d2690696efd552cefa3deb0639c111c76b8076bc946d45b139faccc488,0,73,73
26497,d69594e5617b491fe872056be830f39e66d57391021053c7f8430657d748c215,0,73,73
26502,20a67d857f2fb863f2e8800606efd374cc7317349c77ec80537a75296ebd6c41,0,79,5
26510,c03860fca32d48203f4d1f71e6073e09a2d597305cf97d4b23854fcaeba248fd,0,78,78
26511,627226f25d00389dcb5d4cb44f8259be7e7b86dbcc718cd91f00376023b33179,0,79,79
26512,ed3ff743e4de494785b468a2db17e487f554b14a3755eed37181691420878bca,0,40,40
26518,e42d7503d2373164bd88c6b9c16d95cd7b1d3176414a7fcbd281472471c09a8d,0,73,73
26521,0f46529c48945fec76e37773b135df7014ae7b4ba865a60051a9e7935d8d1eac,0,68,68
26525,723cbf5b52aa60e867d8a544c26a3213686c3dfc905101248d5bde4a8d46e83e,0,73,73
26526,150d7e748af630ddf9e20ad7c963e811e0e49b2952ac812e99a77181514b2d3c,0,79,79
26533,bb5660825b1a9ded5eb2efe4cb4bfb179ad5824c41ee412cd5c74d6cddffeff4,0,79,79
26549,5369e8aab259247fe21abe3f776617c0a4b10be4445134c9afbf7721dc91b265,0,68,68
26569,8d5b0cdf7dedbe43bbbd72c7ecc29f15a821934536d8eefc1f82c7c74397b00a,0,73,73
26570,2f7e1f93f1514faf1b666a55c1dd2c2f2489a971c1810f326218968b5528ec2c,0,73,73
26593,43f92f711a67cb7744e697b9ea71dcea1ad83a1077da5a08d1442bb30f21a46b,0,10,10
26596,6867b10db74f4bfc5d635f38ee2fedd5318d438f736ddf9f0cb56138a34efb44,0,79,68
26611,72312180cd469132ec3fa07fe685ef00a475115851ef4cc969bfec63139bac5e,0,73,73
26615,e6ad673285636f2c75cc25d6b5609627f3feb20f70026a17dc313eec1d473b3e,0,83,83
26618,9f07b8fbd780eab28a49103ab4c278855c54648b95b7346e332aa7ef253f091c,0,52,52
26620,f330a5f1e9f525770146a38d01901d97aa17d2fdee97f2fb653088d69e54efdc,0,73,73
26625,7822bea3990a4021683acbfc1e0e5c90eef2ff60b988fe44fe6ab6af0d093c8d,0,14,14
26660,041f06e4e2f66036e19a4a5f635c8cb4fe2686e854ad4325d38d2d8a056a6d29,0,73,73
26663,05597c0fc0db143dd92d8cfc7e61fb8743dbcca85f033a68ead4f144d4c6e8d5,0,68,68
26664,86e72eb3b7c4d3cbc5c5729e0cd843881630de3e2312ef3fa429305f20e03efe,0,79,79
26670,1562cffc4e69aeafce480790a5a1fb411159d6e1206d538a8145efef19fc744c,0,79,79
26689,1db2f4f91e28fc582f0bc8d46a961aee5b1e2aaf4962ce8247d80d8698699dad,0,14,14
26693,08097934793e3a55706b6ad0b5ac7f5b2596f8b426181f474f4a4514c0aa8a41,0,68,68
26704,a439f7d2f6d453c30b5692ab194f0aa173cd349ad9ee1eb7e1aa83872347e565,0,73,73
26713,c53ad3a613f88f668122997a964e83eb4af296cb7626ad3cb27d5a4441a18276,0,43,43
26745,1aa4df3d861348f45ab80d46b0467372e4517b60d4c0dfae46955f537e2f1dd5,0,73,73
26746,8144f73f6fc89630a96bdf6ab9598f22bfbdec1fb9b6a1cb048af3b262c07999,0,5,5
26782,f09d6bec737e354dc843f62d43b2926df6b74616528d0b0df16737cd0b2ff239,0,73,73
26783,f59b691fa781dd7836f88f8e1944445ae773a4a505116d386f11392051bc31b0,0,78,78
26790,b08ad175203972a4a9512620a28fb142c7b3efec5195b18100c0504ee3efb148,0,73,73
26800,f7ebac982e9fb2fc4c3ebb946b012753eec32b5b98d91eea8ade0d6bbf514c9d,0,79,79
26802,17d786e2137bd4dedd11b0e06f41014efd49cc0248bad53b43d5ee6e3dbef7a4,0,73,73
26805,8da222359e91ad26b291f26d0ddc7009349fc19a96baf18fa005e240058f9b77,0,18,18
26827,1eea350d0e05422ce93df79c549ca5c6409e90f4f6c436c0d6d8ea90345b9169,0,68,68
26837,14a45dead060a1b80ca977bad3ca61916adf3c14c8fa45afd3c147a36d86e837,0,79,79
26845,3f6a189fba148c0046e5453744e577798de28af0bf5948fc6f087acedc5cfb27,0,73,73
26854,eb70772cdce4f8e9b74c40fa28cb860ba3717d8f4e8fa2770fce2574b767a1f9,0,79,68
26855,4eb7cd6505416bd6cdd7a9ce26682275334cc75e59f0a793a3216413f3556ec7,0,73,27
26860,5847f64b247c2bfdfebfdf9b8c89e3a32419a24d5e10defe19a440356bc5eea7,0,43,43
26861,d0f3176023207002a74ba0d8188a6187feccf7f7c1bb95b24ee5adf0991873a2,0,43,43
26864,08f3ea8aa4b46ad8b2a2ea7b5fd89d5070908cf1e44460c04d7c240bac01c2c3,0,73,73
26869,c264045e07b349409f95083842c91d44838c21e8d78a9602ce9ce9bab534e6c0,0,73,73
26887,6cb6b6a820da525682263be083512e233910107af877dbb1969cc4e35868acb0,0,43,43
26910,36441504115c7d430af779c3c49427c28634026c45a9057dcee712352d1e4784,0,73,73
26925,2c03dd682703ccb4deb329f13190e0f5603e6cc462629d97b14de0f1608a386a,0,79,79
26932,c64a37e405c75e6a64bcc453f2bda7cc231392497409f3bd18d00c8761f2b57c,0,68,68
26936,e6e0eefb26f5e515ccae5cf6e6d1a45ece94565d51a228e6d783848bbd5f916e,0,79,79
26942,28ad5c7eb0ddebe60b769c048a998a0a7d9cb2952525658977ccf3c0165fab3e,0,79,68
26943,e8d2c233d6eef500e4f3298b1df52aee4f0eaeb887930cad00aabf1e6200b813,0,73,73
26945,290b9cd0317ecc09b1297f94b0ed5ac239c5672f836e6e73e8e417678a53ef63,0,18,18
26949,f2cc33d88b54fec9e21cb914a3758d3ee8dafbeceb7a2e1bc0b65a708d254fff,0,27,27
26953,afe1ad8f8420111fe2899a89205f160b333c965ea7d3c592a0be7a6c9e5a82d2,0,68,68
26976,85cca6ca52d8b26a6c64d7607d21e86a34c0d1ef824c4509b011b9b4bb8e3cf2,0,68,68
26982,83598f0c56851c93cdeed799c738df749cf1a87c07f73638b961836db751956d,0,79,79
26983,c45f4d6bf2c66958d04babb3c77c3d00003a6b3df5525bfd35c407cbbba4ed42,0,73,73
27003,9b0b402b1697dc6969e2f86a156589d00a7bfa101f964d2765dd1d902e2b9b80,0,78,69
27007,461afb41bfd93422acc962935cceea7874acaa32d0f20bf1462eb9abd7cd85f9,0,78,78
27008,15df883dabed7a1550f3bed895d68cc75b79089e2d7d4b31922d065c7867a2ce,0,78,69
27021,79eec6de10ab19f87fabfd58d80a3fbd6c6d08cfb437127e901b20364d4b97ac,0,73,73
27026,d37e76c1309c680e10ecf36427d6efd3990652d65515ad6bc49e097c6a4b40ac,0,73,73
27039,72dd6995a34d219ecb58d0295aca3efcd19ab862611818c9151439b6a2e3fee8,0,18,18
27044,85002a46234d43d8bf66e8b79a1ee033fa3bbf91a21bbe5a119acd0bd8bcb5b1,0,73,73
27047,a83514762d675cfad8c0678dd99156488cf56ddbb58c5bd8d8433dcb57ac6ef8,0,73,73
27049,8479d8bf64374644afc7d9040f29646f8b7d5e6cdab35cc43373ae8ad6fd42d7,0,79,79
27055,56e0208280a6c25cac635dfb174454a30c7fb77cf32ffaaddcaa4b2a1cc63ae4,0,68,68
27056,1a93a24e2b8ba1a431d619793074033f84fe3eb9ff7e7efd39734fd41ce78506,0,68,68
27070,f107db5cc83d8dca219b7fd785b3c348a3928612372e8ad09391eaab804043ac,0,9,9
27073,830775917d18e0e87bacc13277139b965f5b58f9439e0bf38e9a73a32258c5a9,0,22,22
27074,e03db24a624b4c5041ee070f4c07c9296cbe863c796b66b6bf51a8793b3314c2,0,73,73
27078,b9227a158c0a8b8c128d83be42d5f5f7b3a1763be7c1445e78b3586fa7588b2e,0,82,82
27080,f0fb425b806e4a71385bd9b6389827a9e503f034afa76ce2247a8869569959d7,0,38,38
27090,3530aa0a45ab6a500c7f672c5616606c0d261e561b1b9ebe3358027a57600d60,0,73,73
27093,5e0fd708b018fafe7384f4418847d8fa50a334a51669aa5bdab3ee35b793cfb4,0,68,68
27096,fb5fd82c1c864024f78d1f45eeb2eacc9134ddad7ed6ba36823045c6e767fd03,0,68,68
27104,f1bde515eae6ea5061b837b8b06332a158c758401f771a58652a35b0998e0a86,0,14,14
27122,bfbd3776a47fce8032de1a1b666b29129b75401fd4a40eb39290c09e50352e92,0,73,73
27136,175d1217461cd0cf83bb60fde126cc5623ec597ff2ef465ccab565d03b476b2d,0,79,79
27145,8f451ef2c02a76acce11f31784a5b11cea462db07de7fb0127190456c129106b,0,56,56
27152,abd6b229b876fa894809194c53a2ddd368fe562b7f010f63db52efc8bc2e4cb9,0,48,48
27153,924105b974952b98b7adef6ff8d895130acd9b719d0a46c35e193f7677179674,0,73,73
27154,62af5cfbfd6022a56707f6250b3ac20932b186f9cb9a064a2666329ad7ea29dd,0,79,79
27160,f083a435f93092b0d34c99ca6606f76f80b197e7eef16b29b4a1be0a6af4c83a,0,68,68
27163,f3a34f158dc7e1d40f27db0a7b04cc8af9fc8bff166968ecb5426631a2fbc1ce,0,68,68
27175,bf05efa84c38187946ebbae5d02b812b54f7e6d321614c18290efe38ae5f56b7,0,73,73
27182,7f7072904891deb033d31872513ac4559d69282acb7a97db140100ad11e9e372,0,27,27
27196,6fad636d0a1e7cc9c55a03b056ef9214e104e9f7ea2ab4422c65b38f52a51991,0,5,5
27202,315cfa41ff29fec68360d2f38743df5c8ce032ab3b275e483fe855e8434e1814,0,79,79
27218,55c3f911eea5345c19af23453e257c6781a8ae97e9a35d8f27537510cb63102a,0,73,73
27219,c3615e7e8e429371a25a0b3a63c0b083194af08e3505b850223013347dd663a0,0,68,68
27220,cca85e8e23e7e70f3e80536a47253764b6be668dd7056b6ae47aeafdbec08efa,0,79,79
27223,192bf805a18058f497285011c90ed9648c8554d4270b6c13023f0e14f49bf010,0,79,79
27230,c99772e1a1cc3e26ab23fbec395f42b1437014baebb27eaff57727a35dabdaf3,0,50,50
27231,7dcd8c430974fe5a5ff43c9067b7d0115d67ac4b68345a1d2781ed0175d5ace3,0,73,73
27232,51715ebe812a4dfbb03f46c77c4967b20c59d38a5c8eaad3846b43f65916d158,0,14,14
27240,c056f42fea2123033e304935f7c8a22782700cb9997ef0dd33b290a78f30e81e,0,68,68
27256,55d71008550e3bf880f4b3529eb5a590645af6ee8c862fbb52f8451fadb39f0f,0,73,73
27257,34b295f8d7a2bba23c4a9908fac2558699b6472034539673acd39f31fd101807,0,73,73
27260,34270f2c46e26b9096a0cd54d55893986c8020bfcec5098977fe6bc42507f39d,0,68,68
27261,d5698181307c632eb30d3333ea3ab22e46a152f0c1916333d82608741b9fa7d9,0,68,68
27278,01141b3997ecc022c4de457436966ec5a585f12e3fc70abd15ca76488e5ad998,0,79,79
27280,245767cc4e83ba27ca81f45ea31a93da1b1d918243190d9d65e77b18fa148c6e,0,78,78
27295,d05f2ebbc1237d148bcea995b5ca3616b903a5c2fdee5df08dde9c473fdc5052,0,73,73
27296,a80e7187aa6f02fcb1eb0299ade93ccabab0777cc86c791f52c4fa621055491f,0,18,18
27301,abe011807e40e1847be56a0d244c9721065800b790be52082b744cbf18079cac,0,27,27
27315,aaa353dcd9bdaf6b878f843a152f7a985408b9c3d4ebc83124cf78d087b1466a,0,68,68
27316,070aa79e4a1c168686a1d728ba0e782224a9dab43aa2739607414b5e483982c7,0,73,73
27336,e31f124c54e088ff6dbb1460d7d21f4ed7718e2b401e3e03936e8c1964946dbf,0,73,73
27338,2eb4447a668c1e5011d41c66b09759d881b78c14fd08c93dce97d3cf7bfbf803,0,73,73
27342,24d3d12c7c9ce4937ba210ae72dd37c8931542760f49f03d6f8ac9ad418be442,0,5,5
27346,4d0141a823c56db42bbaa0748bc80a29d1e1d90203433a170fc86379bb14cabf,0,18,18
27354,59fc7dcbdd11d87db102abfaaf16f452902bb2732ab83b8809c93b4dc400545a,0,73,73
27357,4c560e1c6fccf85cd1a8e47b52b3a0ba739b23f9500e9922cb5faf4ed2fa0941,0,34,73
27372,7059724bd172302fa088912f45e78e29fdb48230fa6ba00dc68792cdc3a36551,0,73,73
27378,670af47c0e8fd9c83f25e3ed56d4ba471528709d6378e95378812bcbaf2bcdb4,0,73,73
27385,5a9b13e5d6f62f071af9ee7ab9a3ab33819bee50539c4dc4b88715ccd330daee,0,73,73
27411,095619ccfbc2dea8ffd34397489a4f17ac0051ab18c95a708d6ad5be1863bdba,0,73,73
27417,6eed64a00e526bff5d2121225a3ce606a28f55b9b89f6b1268b9be6848b286e7,0,73,73
27420,ac30a88de886bb07b43d1992461b88e2d320e6366c2cc093eae5be8ffbf59f81,0,7,7
27423,f8eb8eae1a590ab61be088487d22f29f53201e4becb7742de2acc13eadf010b4,0,73,73
27431,3902005bf1b45ebed739a79cb3a0abb0862d6dcb41e3b4faaaf69f63be62ce2a,0,73,73
27441,eaba045233f8038a264b5a998cfe260e5a764eee672d280484d1ac1fb2cd707b,0,14,68
27443,72ecb1beb8454090e6f7738947057619879bc856afba414302c64098cd1b58dc,0,68,68
27460,c7ccf4ec358dfd5af505d7c684abf8ca3206552171b62a6853695b3a6f2b1730,0,73,73
27463,c42c85f319b6c516593137e9e0ff52d94bf2a211ff349403514e7f7ea1d80c94,0,43,43
27465,4f63780cd92a393cf6c98c0158450e9c83a7f492cf565a40ed623a76475237f2,0,82,82
27466,d51ec0072cdb571fad417be0b4a402a406b30f12e028ee84d6dfe33ad0072153,0,79,79
27478,a5414e25d22f8ff46c7536de1217393f7b3146de711fee44b06f7c8c5b9bb6f0,0,73,73
27481,ac7d3cfaaaa852a83e2f6680f83acc8f06bd550b3f809e6805edf5d9158d1f12,0,0,0
27489,9ab351462dd7ee72bdf8cef1f72388c026a6f1b927f1127b842b67395fa2afec,0,68,68
27495,9a7844c3a8422d57679b821a6fb903b5bdeebb5f21f28227797882572449c173,0,73,73
27497,b54f2b5e02959ce75764be46a014740630650409b44d340d60f52fd6d509f0d2,0,79,79
27501,90580ce44768ac3cd4c7e6cfddde37e4fc79d76af682f5a4896c332f5428cb50,0,73,73
27502,cefad89c20a68ce6b5f822e986ca2eb6d46d19f4d770e7821d6e7f3a8ed8707c,0,73,73
27517,6332233395f415dea573bc0eb5b36ed1d3e1023b4275e6719514251356bc9428,0,73,73
27526,ea12464c0ede04d6ed2a4fd8c03000d43c5627d48e0f38b724118e61ee0891bb,0,73,73
27539,fcc5c3deae1d70996d9e3793a7e1c98a2ea37c55ab5d8952bd95db223d7735b1,0,73,73
27542,ddb6e134c0877b3ce65b881d62178d14ad9af0ccafb79081c84c6a35a38fdbdf,0,73,73
27551,2166552813d8b62e10dcfc93a1a50a366e917fbbc25ab8aa351d6bddae5c6fe0,0,73,73
27565,2ac049bb227ac1256725a28036d713b50e813f064a7d3ab30eff9ad7a29f1f1d,0,43,43
27587,29a202d0bbf85f4ce675982542a6ac0f01dc602a6723c58d21b014d40604a5db,0,79,79
27598,f0f22ca982b975da60428deb5c1bed4bfd60df8ac6cc8aa188fa98b0bd793585,0,79,79
27601,7b9327322a85cdaf77e8ececa0e8eefc43f329355e5c2cc53fe4530512ec9204,0,68,68
27603,9605c6de0bf10d36b1f9b3f5b4f797e73785d4a03c326713db13f6929d8616da,0,73,73
27610,c273d5f98f9591ccaecdface049f35c2a003d622b72076d2bed073678a2d169f,0,43,43
27618,735fb2d952a6f1367e72fb02c91b346f97f2afbd6a9706269436cda85d77c372,0,68,79
27619,023634442294d03240799feb117e56e7fb968c50fca27b916611ac747df2ac77,0,5,5
27621,679c45a9c54ec13ed8a716dcf0b36b8739a21d2ea4813c71840e6dc4cafc5d62,0,40,40
27640,dbf91896e745e0e4e59e6960d38b29612e7662540156e7a0fdf72f933011e31a,0,79,79
27658,5fe0d0ef317f42503d7787d954b52f02387e9541c20f777785399d884039d84b,0,27,27
27669,026eb306c558fbc29367d2f722e6ff3ecd98d0d0e9b4bc42b0c97b17d8c78323,0,38,38
27679,17628185e00f72d717c63b3af4946d504d747ddf445ba83d3ec46a3f81053ae8,0,78,78
27686,85d03f3ab578f0d944e80fa77f78c5af853d50fedacc7aeda1bc9a9a96ace09e,0,73,73
27692,de4589b497e83fc4dac19720d3ea1776d7225ae9e227868fc654616513ad7d01,0,73,73
27705,a91d921f9da5f47cf4e5f543cf18cccb973ba9f5aee296b9b188a8959952bb41,0,79,79
27708,8a71912d3a02ea9dcc9f1ea0aee5bba3ef6e22447c95352679c6105ebd6f9920,0,24,68
27715,515fa0f84dff13ffc4da82f4d5a5acf4fa0f24d4e94dc36befcdeaa96de1bec5,0,32,32
27724,9b68ed34858a6b64977d22ff70d4539cd61a95d930b927510954663391f42611,0,73,73
27725,73e56f44e47671fd1c0b91bf74c8f477a8c4e5ec1bcd4b873c63a76394318532,0,68,68
27727,bf7f62b1d3650e354479c6db3fb70e1feba77b4145dbad413d88f434718a776a,0,68,68
27730,f8a0937d1b703363c6fe18d2709e296c5d0416cd3486a9bd4bd324d24253724f,0,68,68
27747,dc26352c7dc1d1a63602809981bcf95b829ffc2eb6565b8d7a6261ff25e2a41f,0,79,79
27761,b3fedd9aa76d39e05f8b8d5096d1394bb60d6e073bd32522d4d476577fb06c70,0,73,73
27767,ecc6f5262ca104919ff2eebd209c5fab440d00c087730273100a2f8223d1ffe2,0,82,82
27768,5eacdd12352b137abf1a6c8c8e5eebc16cb2450a7387c9dca22758483ef4338f,0,78,78
27784,c9d8b2890fa5643bf671ea1520dfd9310d73eb7833d0e9031e9584cb689f02bb,0,73,73
27788,272a40a8f828eb66c3e375ac2468ccf0ebb0ba55ef7413b5e5247dc403e79709,0,43,43
27798,a0183d511d067ec825b3dbbc30195bf8410cfcc2e7984d9b5be006843dd656a6,0,43,43
27803,bd9c777f15eab812a9a1cfe54981eb5bf237611622c078c697302ee2bdbec5de,0,69,69
27815,47b11d1ef0a863b59d6aacd9738057621d3d3d6dfc1e23afebc2f4e03f511e5b,0,14,14
27822,dfdaf4958d6eb082b0d08f25c3f3bb110d52cc467882d898254fa9e7c2f2a432,0,79,79
27823,d36408eb0bdcd42983470711a86dbe7f1f3572f6d890c75a91de744d7d234925,0,40,40
27824,8a69b884b9b93d1dc45a1e24563854831b4723f396c746d85249b51a65f5ff2a,0,14,14
27828,12718bfd0ef3bfadf64551c5cd0b1abd97ac8e703260dc1a3af14ce3177ef33a,0,80,80
27829,1c6b4a9fbfa3dababa36167e7dea6360b32a69b42ee3e86cfd002da993cc54fc,0,73,73
27837,7d71ad3036427c747cbbd4bd3b98bb57a19f797a0ee58eece29dda5dbd3792ae,0,78,78
27847,b3f7305bbcbda9f183d9b493084490b9eaffdfc70b47d95b4babf43f74086a99,0,48,48
27853,fbc803dd1399b132bdcbc15635bbf1053f9cb15d271864855bc60db1abe0a049,0,82,82
27855,3fab268e58a344ced3e009feee58610080e7bb2d21b132a6a82c4055e91ae510,0,68,68
27857,e2c2e5fcf302e4e4b07e6cf41fe682d6e5e64cc938092a4441486674ffed45ab,0,68,68
27858,9ac13b98b7c8d6f29dba9e524f3becc7257132ecaeb8ff932cf7b72862fcc7b2,0,79,79
27866,a26488d760526e29532e2ec4bc748abfff7bc5cd446d0dc3ae96649929752db2,0,82,82
27867,ee72b72e47591c7f0c8ad76a494082a542aeddc42a66f4cf99e2eac6c4f2431d,0,73,73
27873,7540722287685394070de42f113bd2aa8b6a4fa988e85a99f2d26318665a0667,0,73,73
27884,fe8fede227370530cd2e5a3c9ff973997efaa5ae361974d500578abb76c4078d,0,73,73
27891,cb6958270c90b1c21c74390e628327c9d8e08641e91e5a394c0187e47b34a499,0,68,68
27902,54e6d6740cda95beecc9b7655a8a5ce04ae463521d5904d793e3dbc4af1c21e9,0,73,73
27906,591230c01698a275074efe7d90d29def3af897880cee702a29b459be0b72bb71,0,14,14
27918,9d2e70c6dbe4923521053587b1d0a17e211d26dbeb6b3e0550c8de88faa43316,0,82,82
27957,e54de734208176edd11cfa2cc55765483bca79dd73838259a1649996b3376bec,0,73,73
27968,817af9b8c6eb244f88b7db96dd3b4098f5c466ff8cd727758288aa6ba4e31c59,0,79,79
27970,9e8ae234d6cf0d6ec132397735a6769caab7ec76a80cafd6f4df907df976b553,0,18,18
27974,65cd322f5b9252bc72913dcb680f37e3e7b64b007c571da88dbdfa4e3bfefdc7,0,14,24
27977,4c5d1a73dad5f7ae24f1e887fd463c250ce1da3df33e62bfcc76ccf2aefde595,0,43,43
28010,5af0776a09e1d7b794f28ef168f641e8031aa7144483489f84599dc73d42bd64,0,14,14
28015,ef96ec8c06d9f2047609da3c96e60355466515e43fb994ca4d7ef9368d935772,0,68,68
28020,8000b78beabce82075fc5141bc2b3d522930a85a834a4e0d1b9c173230b7c119,0,79,79
28022,697d5292893d0c3d18bfbaaf2eddc9ac6a3b145086db0951e01caf905002b74e,0,79,79
28027,3c860cd8d1d1a3f8304c7a2cc68c0af33d9f06c248463f24e926866e6a69267e,0,79,78
28028,d18aef24f42d26b98b66240a01261b3b01a3a9ce3b6c2821da2b1b5152dfa19a,0,68,68
28032,6fa6138b33338abfea4c79eb1eab7eb69d9a671cc26e859cebabadba8c7bc905,0,73,73
28054,67a8fdd8bde7712ce2676a348c00a1b580eb474b0c9e927e5321c1a48368d40a,0,49,49
28055,4463cddfa5f613e88119d7de7b0fa9c26fd2da986f48d9e015cb782fd395270a,0,72,72
28060,a590d6fb203c13231f6bf5ce0d0b5828b051d34f2cecc529323d9c2613d0bab2,0,79,79
28063,3277a38312092451508a41ddc86287386e14f593205c15081754ec3defabe61f,0,73,73
28077,fe243665b269c2b348d51d0e82f698bbd3e24a71266ebde46ec9ee47cb7195fc,0,79,68
28078,96dedb3ffb85a6b1c017f2827daa6c251862642578d36ca794251af18fbf70df,0,79,79
28086,bd967bfcbe9ae452e9e1bd78aff235ab2c44d09f96509c43d1d3270b9c2f83e4,0,73,73
28093,6a71fcf839e1550252f947d31d17f79584887a3d148c8de907876edea55adf5d,0,73,73
28098,296d87e7b230d437059c074f54afa6bef2b9efd958be8215ca9b3bd51e9b5888,0,7,7
28099,d5f04bbe271e0b862a83aa83c8cec2ca5271e991306f409ecd49ddd7a9afa6ef,0,14,14
28101,11e3baa91092e89fb31250f8fef821a6c10bde3ab3174fa7c8706a38193a6c5a,0,78,78
28105,12b4d0f7e717c511746f5d94c0b4b1c5604b0ab09b9734f884672693e4d6f360,0,73,73
28106,38326d346980e235ab8232c14fb91f80bf223ba618dfb38dbd551fce83f8f54c,0,68,68
28107,f2a44809df3f08ac9bbbb42396daf8653b1f1dda0bb7c117dcf9e0d4a6eeaae3,0,73,73
28114,21c9d776517b9cd434c79794922d1c8f9ddc47b4d47a87b91f037bac65b9735b,0,68,68
28129,6954f91267416291353babe23b06910e382522d2729e838d536d774a5eb40a32,0,73,73
28138,f797befbd4d58174303e2bec1ff7bf9e8537b9b6a73dfeb692dbe089eeee2957,0,68,68
28144,66566ff5624fa5c30079a8bf5ddc7761cab3bb55cd6c5f50e570f9286519805d,0,14,14
28146,47377516ddded0528259df0cf65cbbd4b572764b16ce8d2a863dd583f1afeee9,0,79,79
28164,01400df27f64f6bffdd01ad4433a13b8f4f19e9d4b4d0da84803ec07bf474a89,0,37,37
28170,e76ee63d7556f6b37bab316f669cd81f67fe296113f7808a2a75ae7eb9464974,0,79,79
28192,ffa486a2dbfee75211aa502c13453756f4540b879c16c7d8da8923e954863894,0,12,12
28195,09b1e8a04ed8c51ea2d0073c5c866d104c965a45de95ffb72f0b9025087f2f65,0,18,79
28200,eb2411fc82935acb2641b1cedbd7194e232119cf75d6cf396b6c022310aee93a,0,73,73
28203,4d144fa1ef0d224c03f2dce4383c3ae5c3119f66502c3942e741f1556407fc89,0,68,68
28212,b58b0abae9c6c4863c20b5110226566b79d56831f3a26858555b118df5beda8f,0,73,73
28222,ca2da2b10779c9f7388eacf39641ece6e3db2ed11c303a84b303b4f45914ad0f,0,43,43
28227,652d6f803373109018b20528295e5a820a790f5a7b04475f5a3a28020146bcef,0,73,73
28230,57eb48bd11e7e46d82e5c7a95a2f1799d82ce572fb1ffba9607c9cd752fd670d,0,68,68
28247,570c4ed247747d002945e20c7c824c8e01c5e9df66b5d4bcb5f4191bf238c95c,0,14,14
28252,334dd2f1e4813e54472cebb24303efc2b5aaddda9d71fad60ba011bab5e776dd,0,73,73
28254,dbd49abf201519467fd4d6bde2518dd3682a91a85927e52fd361cd9f9843c19c,0,69,69
28263,8a2687f2ec6565694c581b73c5ef0731e7e6c7da81dedd74c71719dd528dad45,0,14,14
28264,d62627e084d543f9fcd0b27c6bf375650467e6ab821a1c48513ce95c0c1c7c9d,0,79,79
28265,6c9806057d6e00801d481907aa1ff9e7326354a4a570679e512c8c38639784e0,0,73,73
28271,9015e9575c26f4421d1d7169ef4a3c4d9810b107059894c53a72b614d8042e2a,0,73,73
28276,30f16d5868ee45daa81b89763a8e9c9dda4d34801bfb87ca31554e1c2ff05108,0,5,5
28282,709577f22144c663ff7a49ecb0d952c7ddfc3c5273f61a4a7a4d6fb8f7ae4fe9,0,73,73
28287,bb04e676ec72db5ac6bc37c5799d3685675251155c54d208778644a4e51434c7,0,18,18
28291,a3f29d7b811e342b376be637b6371b5990d8ca1d9f469ee5209d61fb521c7e96,0,68,68
28303,97d3b08304c2f90ddf7ff6eeb5e3fa0abd80f19495792272fff86d6129d10379,0,79,79
28307,6637b77335a66471bca392feaa57e8bf2336729146e75c7b421d643f9056e9a3,0,68,68
28315,8fafc02ee6402f43a40d935c09f81f3fcb4e1c10236703ab486ad213280970ef,0,18,18
28318,c021b5e339d725a0fcfe2426c47f3fa2dcf9e20d062f2b56b524250756426612,0,73,73
28325,9f1d1cfba555c8b7830f39f31c376fbf2e7833dbe81f93fcc4c27a90c19f6422,0,79,79
28327,73bdbc49449b06f07c07345aee01d8951d115cef224216e16381ac9454532ccf,0,68,68
28329,ee3f1fc73bf2cd2c1488bf23f938bfd02dacc4e715d7dae39f112a66d7107185,0,5,5
28332,bb3b06945c33549d726b96aa42bbf6a19337d6683dfbe1a6b9db7c2c617215eb,0,73,73
28337,c9d7728770d4f38e4ab3161f87569f1381ba249d0c3a5de1774353f74e5f8f0c,0,73,73
28340,99aedc9390c723599e4cc29459340079700c2265cf51eafa4dc6de43a04d9d84,0,69,69
28341,ba88635de3aa4c66dcfffa4ad5bfd33fabafc2354ab61adbbd77c05a6bc7de30,0,0,0
28342,e594ff5b1032825dc56faf55fc81afc7d47e24841c5bf178ddac56957f8142d8,0,68,68
28344,12ae1582801db51f40497d4ca47163b782fd9d642bf381642a5032d0fc64d172,0,73,73
28367,dae708376387b9868a18cb248d1f547ea8b243196987ea87f521983479f04691,0,73,73
28368,6443d40084a66c15255922ae110248eeefaa47bcd72a92be36ead32df20e5c8c,0,73,73
28369,a0f8fa33a4a03290403859ca6302fb350499ed09ab2ecb35aa31e807f3b04ab9,0,73,73
28373,2b98494ed5f02a3c1840e11ecc145e1624c1e9cb05780c701f09eb6454303396,0,73,73
28380,18fe9b93b57ebe9233a39afa369db13b28a1cca96ff2ca8e2f5828d3aa1f4fa3,0,12,12
28381,45a0fa38a6053ec74f4d4c73fcb86574b169382236613f449fbd56b8588f86a2,0,68,68
28382,5a5c7db781e6f179931682d8e4a2db58cf9faf2f613410a5a0401caa6e541b8d,0,73,73
28393,65b268faf12d2201751585ee4449849861c65c15ee50fc4a5c6b2958d204d67e,0,79,79
28396,3f449b3c8520825988caea83c143a8a5a9a045272121a5f642ea02c11f1ab741,0,78,78
28400,b55fd5196c85d4edeecc361a651575922ab8a5ac541b09a6d3ea29ee470d9f20,0,68,68
28410,f684c632a03b9cead82e51776e724c2e533571337b25fc81cac3dd82c6b09966,0,73,73
28424,8d86a9bd8d96d6f61fc015fb484838a75df010194a11523d7dd2b7753b44aa51,0,73,73
28426,6519e78ac261d452661526c9ce2f8d70d2ac358886e599d6adefe6adb940d3fb,0,79,79
28435,2754f88e6ce60aca8a31a5a30c725d2f5f2dc492705a3be7d90b7f26794bbdcf,0,79,79
28436,3150c659e603eecdd8e926c27e31c813ce3c9e93cb836e5eb7cfb3e255546344,0,79,68
28441,863edbbd02dbbe957ffb1a674ae1bc5c3998e87a367d1b809f1091ff9e0dc118,0,79,68
28449,f04593e5a977755d6f600b41d5978c536b6f567fef9be85b6fbe51817ba1689a,0,73,73
28450,06c531e46762a05294e95ba07cba75f0b5e516ef32674be0546800e060450ee9,0,14,14
28463,3135c09811570acb887ff7b31e7707891a55bbcf575373d36a10e309e36a3300,0,68,68
28472,74d331c318db58b72b8e4fb1c588d4b6b46d56898fe7cdb848f4a9f6890942a6,0,68,68
28474,cb7c12b8c20e9472a43bd9f81c598f1342fe319b5e9bb244daa32b45f341f601,0,73,73
28479,019fc7f321dd6f43e14c9923f88eb3ae4ed886e73de8660f000ce6fa9f611178,0,73,73
28493,fc85a10f1acedf1f6c3b756ee4def78c606b403c0d08ad26001e80f85fba472f,0,78,78
28495,b821e2da401f9a778284423554a302cd581bd37b9f022b855be7c690c525a9c9,0,79,79
28502,2d39eebfc123da89f136cbcb1197242c9ce3ac073af93699c255cd2c020755bd,0,78,78
28504,5feed290cd03a4f837f79a143a0b07c8b923198a75dfc5a7f16222ac5d25a6c2,0,69,69
28505,7b96b5259831f35c013b12abbf30a417a7b75f3d3e5a92afd6d09c2e13c8e0da,0,79,79
28506,db7880a3fbe99209783854ebd765db5c2249b8f750f0c3825dd40d9e96e5a553,0,14,14
28515,7cfe414655627ae17b8d4da22388b689784c48b8bef37f72df3cbe97e99f34c0,0,68,68
28518,9d90abd1f31bb13d3923a785c77a9aeba698f7dbb306ae30daedcc286a19c15e,0,14,14
28520,459db54e44344f1a170bad662baa4217e476425744b1e340ae0c486fa0a7a40e,0,68,68
28535,1b66427cbae304a74409f2c811eca7374817cca24bf1e43b1fe0ca69bd54d867,0,79,79
28538,a702585a34dbf469cb91f6e650d4cc99ba1b2c34f5c40b39616cd9418414473b,0,78,78
28545,0566484f60ea2c768d24a1eb49cd2ae29695fe0682c8cb1d70abffb08d33f349,0,73,73
28553,dc20f272eccbc16c3a139ae7a7b2a1a297c063f56bd2d8fafcf5e3cc26d7a521,0,14,14
28569,8314f7918913bdf877cafbec7d1029373b3fd710abf6e245a66fae467ae8f318,0,73,79
28571,fb5124dad355acafbf5131b95754106bc700936a473c5eaa3e6c3888a7e62b53,0,68,68
28576,826c63084139f910c8a6c28cc93125620c26d55f21844a1c08d3438ee092871c,0,73,57
28579,d69dbbd6fccac6c3e10566c09ca4c5484ce02ed81a541a189d551017f9a66dd5,0,73,73
28595,d438a0fef0ef08df73f522c391483f5a907aeb8efee71728c82f34819ac3f860,0,73,73
28598,c1f0ab32e8b5944be85b27c4d7b8ede147b7e68339dc35a3aab5b1f86ef6009e,0,73,73
28605,69deec56b92caf1b2e8a11ce95df2d6867c673c31d1686aff6188a06c3ba6ff2,0,73,73
28614,0cdd35438fec2c339fa64be023198157e4ed39d940edefb90489661ebe81f3cf,0,73,73
28616,f465d729eab9350f58d667c118fd01ba2e1e00966af3f2ca75b76c512f27b03e,0,68,68
28618,ee62922d54371078b269873fee3bdc150713f9329c9e839bb7ec98c7f07ba875,0,68,79
28619,d2d91f98bc6b21fb7ea406d61170733dd2bb294bfc739e666a2463e41f0cd96b,0,78,78
28647,9fb769aa069a4b2e8cdf73e867915596052793c3467eb1153d0aad181dc7ebd0,0,14,14
28668,042e608f5328ac6cdfe2c0066cc5c7e2f55165733478129fcfa4a2c20125ce94,0,73,73
28673,008f020a7b048f2de83502dd410097f4cbed8365bed391c018afe94fcb4fb12d,0,82,82
28675,dcdd183cb2837e2cc9b38dac486f92597e231dcfd76c5fcab16ca7f1c7307758,0,14,14
28677,de34fc07a2c7ba27869d21b92f58c78868cbaccf25ab419c2d12f4802b790eb8,0,73,73
28680,2a17ce36fcf0b9419fc85de73e381c9f9299c0bc502736812c87e58d654fd812,0,79,79
28682,681a337e96e88c744eaf3e0acd8148a909b1aa4d60eafdd0a76cc1b2a1c25ffc,0,79,79
28689,f65fc1e2b6a3f8ebd254f87f2371d3baafc9c01339edd5f39fdb809a087bc1e3,0,73,73
28694,bb87db00e827622e9538993e179ee61aa6093d983715d86588d22ef1b8fa592f,0,68,68
28695,9e09db18446c74ca5e86078990c212e1fb42d9d846396080431207bf6b8701eb,0,68,68
28700,99aa3623933fa5d8c73e86227b4f9c34fcadaf2a1d288190cec017c90307ceb3,0,14,14
28701,e1cd99db7d4102036ad73b681a1de6c94298fc12fd2f0962ac725998b35a12f7,0,14,14
28703,4a4e5e94235b214aada938575aac301f3de1309d06a87bbcc46142f8f13088c9,0,5,5
28707,169feb451952f1987aec0246f50f24b6fbcb7b3199c8c38cf79d94e0a2cd690f,0,79,79
28712,c190ece64b5ad16e06aae98972ed6a6b79bc1d9a03682a45a5890c6fe30168df,0,4,4
28725,e71adc0483a36f680ba46d72b534e385c490084e0cf81d832b78b3c89bbd7cac,0,79,79
28727,cfcc262cfd5349931aa73e6444b06527f01797fb1f4399395d713d537115b16e,0,73,73
28730,c3c2b0bb38f0d067555e1475944967a5b735df2c624ef06b2fe3c84b82c0d66f,0,82,82
28739,c280d29422174bb377e95157ad3232272dee837cf9c98d185780e93d1749c801,0,79,79
28749,5cf08e44794cf9158162680b66a6cc7b3cd1f12d3fc1380aca009487b89f1682,0,14,14
28751,f3b2e9cdb05e7dd179f7c2cbbf3685f209e0a62835162a09b0cf7d036adcb806,0,73,73
28753,8ac6db2db4a0d64588df1544ca87a4c8bb90806c9214384adb34b0cd3a655a2a,0,43,43
